INFO:     Will watch for changes in these directories: ['/Users/Owner/Atlas/kintai/backend_fastapi']
INFO:     Uvicorn running on http://0.0.0.0:8001 (Press CTRL+C to quit)
INFO:     Started reloader process [58090] using WatchFiles
INFO:     Started server process [58098]
INFO:     Waiting for application startup.
INFO:     Application startup complete.
CSVデータ読み込み完了: 15人のユーザー、2349件の勤怠データ
アプリケーション起動: CSVデータを読み込み中...
CSVデータ読み込み完了: 15人のユーザー、2349件の勤怠データ
調整検出: Yohei Watanabe 2024/06/16 3:10 終了 → 03:10
調整検出: Yohei Watanabe 2024/06/27 0:07 開始 → 00:07
調整検出: Yohei Watanabe 2024/06/27 2:03 終了 → 02:03
調整検出: deerveryone 2024/07/12 8:50 開始：EB関連Notion管理（修正） → 08:50
調整検出: deerveryone 2024/07/12 9:20 終了 → 09:20
調整検出: lyuki093 2024/07/16 8:57 開始 → 08:57
調整検出: deerveryone 2024/07/16 9:38 開始 → 09:38
調整検出: deerveryone 2024/08/21 7:54 開始 → 07:54
調整検出: deerveryone 2024/08/21 9:02 終了 → 09:02
調整検出: deerveryone 2024/08/28 8:52 開始 → 08:52
調整検出: theoj246 2024/09/06 8:22 開始 → 08:22
調整検出: deerveryone 2024/09/06 9:20 開始（08:20に修正） → 09:20
調整検出: theoj246 2024/09/06 9:31 終了 → 09:31
調整検出: deerveryone 2024/09/09 9:45 開始 → 09:45
調整検出: deerveryone 2024/09/11 8:56 開始 → 08:56
調整検出: theoj246 2024/09/11 9:59 開始 → 09:59
調整検出: deerveryone 2024/09/11 9:40 終了 9:40 → 09:40
調整検出: theoj246 2024/09/18 0:16 終了 → 00:16
調整検出: deerveryone 2024/09/18 8:51 開始 → 08:51
調整検出: ryo4ryo4n66 2024/09/18 9:32 開始 → 09:32
調整検出: theoj246 2024/09/19 0:19 開始 → 00:19
調整検出: theoj246 2024/09/19 0:47 終了 → 00:47
調整検出: theoj246 2024/09/19 8:53 開始 → 08:53
調整検出: deerveryone 2024/09/21 9:15 開始 → 09:15
調整検出: ryo4ryo4n66 2024/09/21 9:38 開始 → 09:38
調整検出: ryo4ryo4n66 2024/09/23 0:23 開始 → 00:23
調整検出: deerveryone 2024/09/23 9:00 終了 → 09:00
調整検出: theoj246 2024/09/24 9:04 開始 → 09:04
調整検出: theoj246 2024/09/24 9:32 終了 → 09:32
調整検出: theoj246 2024/09/25 8:51 開始 → 08:51
調整検出: deerveryone 2024/09/27 9:08 開始 → 09:08
調整検出: theoj246 2024/10/06 0:45 開始 → 00:45
調整検出: theoj246 2024/10/06 1:46 終了 → 01:46
調整検出: theoj246 2024/10/07 0:05 終了 → 00:05
調整検出: theoj246 2024/10/09 0:52 開始 → 00:52
調整検出: theoj246 2024/10/09 1:19 終了 → 01:19
調整検出: theoj246 2024/10/09 9:06 開始 → 09:06
調整検出: theoj246 2024/10/09 9:58 終了 → 09:58
調整検出: theoj246 2024/10/11 9:23 開始 → 09:23
調整検出: theoj246 2024/10/13 0:29 開始 → 00:29
調整検出: theoj246 2024/10/13 1:29 終了 → 01:29
調整検出: theoj246 2024/10/13 9:31 開始 → 09:31
調整検出: osaryo523778 2024/10/17 1:18 終了 → 01:18
調整検出: theoj246 2024/10/17 8:58 開始 → 08:58
調整検出: theoj246 2024/10/17 9:43 終了 → 09:43
調整検出: osaryo523778 2024/10/18 0:00 終了 → 00:00
調整検出: theoj246 2024/10/18 9:11 開始 → 09:11
調整検出: theoj246 2024/10/20 9:53 開始 → 09:53
調整検出: osaryo523778 2024/10/21 1:10 終了 → 01:10
調整検出: osaryo523778 2024/10/21 8:03 開始 → 08:03
調整検出: theoj246 2024/10/23 8:43 開始 → 08:43
調整検出: theoj246 2024/10/23 9:40 終了 → 09:40
調整検出: osaryo523778 2024/10/26 2:53 s → 02:53
調整検出: osaryo523778 2024/10/26 4:53 f → 04:53
調整検出: theoj246 2024/10/27 0:24 s → 00:24
調整検出: theoj246 2024/10/27 1:30 f → 01:30
調整検出: theoj246 2024/10/28 0:17 s → 00:17
調整検出: theoj246 2024/10/28 1:34 f → 01:34
調整検出: ryo4ryo4n66 2024/10/29 0:57 f → 00:57
調整検出: theoj246 2024/11/04 0:02 s → 00:02
調整検出: theoj246 2024/11/04 0:18 f → 00:18
調整検出: theoj246 2024/11/08 0:51 f → 00:51
調整検出: theoj246 2024/11/10 1:26 f → 01:26
調整検出: ryo4ryo4n66 2024/11/12 0:15 f → 00:15
調整検出: osaryo523778 2024/11/16 1:34 s → 01:34
調整検出: ryo4ryo4n66 2024/11/16 2:52 f → 02:52
調整検出: osaryo523778 2024/11/16 4:21 f → 04:21
調整検出: osaryo523778 2024/11/17 0:43 f → 00:43
調整検出: theoj246 2024/11/18 0:13 s → 00:13
調整検出: theoj246 2024/11/18 0:41 f → 00:41
調整検出: theoj246 2024/11/21 0:49 f → 00:49
調整検出: theoj246 2024/11/23 2:08 f → 02:08
調整検出: theoj246 2024/11/24 1:11 f → 01:11
調整検出: osaryo523778 2024/11/26 0:26 f → 00:26
調整検出: theoj246 2024/11/28 0:49 f → 00:49
調整検出: theoj246 2024/11/29 1:33 f → 01:33
調整検出: osaryo523778 2024/12/03 1:49 f → 01:49
調整検出: ryo4ryo4n66 2024/12/06 0:53 s → 00:53
調整検出: ryo4ryo4n66 2024/12/06 2:20 f → 02:20
調整検出: osaryo523778 2024/12/10 1:17 s → 01:17
調整検出: osaryo523778 2024/12/10 3:27 f → 03:27
調整検出: theoj246 2024/12/10 8:32 s → 08:32
調整検出: theoj246 2024/12/11 9:46 s → 09:46
調整検出: theoj246 2024/12/14 9:01 s → 09:01
調整検出: info 2024/12/14 9:17 s → 09:17
調整検出: ryo4ryo4n66 2024/12/15 0:09 f → 00:09
調整検出: theoj246 2024/12/16 0:52 f → 00:52
調整検出: theoj246 2024/12/16 8:42 s → 08:42
調整検出: theoj246 2024/12/17 0:04 f → 00:04
調整検出: theoj246 2024/12/18 8:53 f -30s → 08:53
調整検出: theoj246 2024/12/18 8:53 s → 08:53
調整検出: theoj246 2024/12/19 1:03 f 22:00 → 01:03
調整検出: theoj246 2024/12/19 9:34 s → 09:34
調整検出: theoj246 2024/12/20 9:01 s → 09:01
調整検出: theoj246 2024/12/20 9:51 f → 09:51
調整検出: theoj246 2024/12/22 0:34 f → 00:34
調整検出: theoj246 2024/12/22 9:36 s → 09:36
調整検出: theoj246 2024/12/24 9:46 s → 09:46
調整検出: theoj246 2025/01/04 0:40 f → 00:40
調整検出: theoj246 2025/01/04 9:58 s → 09:58
調整検出: theoj246 2025/01/10 0:35 f → 00:35
調整検出: theoj246 2025/01/13 0:47 f → 00:47
調整検出: osaryo523778 2025/01/14 0:58 f → 00:58
調整検出: theoj246 2025/01/16 9:09 f - 21:00 → 09:09
調整検出: theoj246 2025/01/20 9:16 s → 09:16
調整検出: theoj246 2025/01/20 9:49 f → 09:49
調整検出: theoj246 2025/01/27 9:03 s → 09:03
調整検出: ryo4ryo4n66 2025/01/30 0:02 s → 00:02
調整検出: ryo4ryo4n66 2025/01/30 3:07 f → 03:07
調整検出: theoj246 2025/02/11 1:17 s → 01:17
調整検出: theoj246 2025/02/11 1:40 f → 01:40
調整検出: theoj246 2025/02/12 0:27 f → 00:27
調整検出: theoj246 2025/02/13 9:21 s → 09:21
調整検出: theoj246 2025/02/19 9:07 s → 09:07
調整検出: theoj246 2025/02/24 0:27 f → 00:27
調整検出: ryo4ryo4n66 2025/02/27 0:03 f → 00:03
調整検出: kimoppy126 2025/03/06 7:29 s → 07:29
調整検出: kimoppy126 2025/03/06 9:25 f → 09:25
調整検出: kimoppy126 2025/03/09 8:38 s → 08:38
調整検出: theoj246 2025/03/10 0:07 f → 00:07
調整検出: ryo4ryo4n66 2025/03/10 0:26 f → 00:26
調整検出: theoj246 2025/03/10 9:58 s → 09:58
調整検出: ryo4ryo4n66 2025/03/11 1:03 f -3:35 → 01:03
調整検出: theoj246 2025/03/11 1:09 f → 01:09
調整検出: theoj246 2025/03/11 9:47 s → 09:47
調整検出: theoj246 2025/03/12 0:07 f → 00:07
調整検出: theoj246 2025/03/18 0:25 f 20:20 → 00:25
調整検出: ryo4ryo4n66 2025/03/18 0:32 f 20:20 → 00:32
調整検出: ryo4ryo4n66 2025/03/18 0:32 s → 00:32
調整検出: theoj246 2025/03/18 1:13 s → 01:13
調整検出: theoj246 2025/03/18 1:35 f → 01:35
調整検出: ryo4ryo4n66 2025/03/18 1:50 f → 01:50
調整検出: ryo4ryo4n66 2025/03/22 1:18 s → 01:18
調整検出: ryo4ryo4n66 2025/03/22 2:09 f → 02:09
調整検出: theoj246 2025/03/22 5:06 f → 05:06
調整検出: theoj246 2025/03/24 0:11 f → 00:11
調整検出: theoj246 2025/03/26 0:11 s → 00:11
調整検出: theoj246 2025/03/26 1:07 f → 01:07
調整検出: ryo4ryo4n66 2025/03/26 1:11 s → 01:11
調整検出: ryo4ryo4n66 2025/03/26 1:59 f ＋ 180 → 01:59
調整検出: theoj246 2025/03/28 0:42 f → 00:42
調整検出: ryo4ryo4n66 2025/03/28 0:45 s → 00:45
調整検出: ryo4ryo4n66 2025/03/28 2:41 f → 02:41
調整検出: theoj246 2025/03/31 9:12 s → 09:12
調整検出: ryo4ryo4n66 2025/04/01 0:46 f → 00:46
調整検出: ryo4ryo4n66 2025/04/03 1:16 f → 01:16
調整検出: theoj246 2025/04/04 0:37 f → 00:37
調整検出: theoj246 2025/04/05 0:44 f → 00:44
調整検出: theoj246 2025/04/07 0:30 s → 00:30
調整検出: theoj246 2025/04/07 2:20 f → 02:20
調整検出: ryo4ryo4n66 2025/04/08 0:05 s → 00:05
調整検出: ryo4ryo4n66 2025/04/08 0:35 f → 00:35
調整検出: theoj246 2025/04/09 1:01 f → 01:01
調整検出: theoj246 2025/04/10 0:14 s → 00:14
調整検出: theoj246 2025/04/10 0:39 f → 00:39
調整検出: kimoppy126 2025/04/14 1:31 f → 01:31
調整検出: theoj246 2025/04/16 0:02 f → 00:02
調整検出: kimoppy126 2025/04/20 4:05 f → 04:05
調整検出: theoj246 2025/04/21 1:29 f → 01:29
調整検出: ryo4ryo4n66 2025/04/22 0:31 s → 00:31
調整検出: theoj246 2025/04/22 0:45 f → 00:45
調整検出: ryo4ryo4n66 2025/04/22 1:04 f → 01:04
調整検出: ryo4ryo4n66 2025/04/23 0:49 f → 00:49
調整検出: theoj246 2025/04/23 1:33 f → 01:33
調整検出: theoj246 2025/04/23 9:52 s → 09:52
調整検出: theoj246 2025/04/25 0:19 f → 00:19
調整検出: theoj246 2025/04/30 0:14 s → 00:14
調整検出: theoj246 2025/04/30 2:13 f → 02:13
調整検出: theoj246 2025/05/03 1:37 f → 01:37
調整検出: theoj246 2025/05/08 0:54 f → 00:54
調整検出: theoj246 2025/05/09 0:38 f → 00:38
調整検出: ryo4ryo4n66 2025/05/14 1:57 s → 01:57
調整検出: ryo4ryo4n66 2025/05/14 1:58 f60 → 01:58
調整検出: theoj246 2025/05/16 1:11 f → 01:11
調整検出: theoj246 2025/05/17 2:51 f → 02:51
調整検出: theoj246 2025/05/18 0:18 f → 00:18
調整検出: theoj246 2025/05/19 4:43 s → 04:43
調整検出: theoj246 2025/05/19 8:22 f → 08:22
調整検出: theoj246 2025/05/21 9:22 s → 09:22
調整検出: theoj246 2025/05/22 9:16 s → 09:16
調整検出: ryo4ryo4n66 2025/05/23 0:40 s → 00:40
調整検出: ryo4ryo4n66 2025/05/23 2:15 f → 02:15
調整検出: theoj246 2025/05/23 9:34 s → 09:34
調整検出: ryo4ryo4n66 2025/05/24 0:09 s → 00:09
調整検出: ryo4ryo4n66 2025/05/24 1:17 f → 01:17
調整検出: theoj246 2025/05/24 8:51 s → 08:51
調整検出: theoj246 2025/05/26 8:47 s → 08:47
調整検出: ryo4ryo4n66 2025/05/27 1:36 s → 01:36
調整検出: ryo4ryo4n66 2025/05/27 3:04 f → 03:04
調整検出: kimoppy126 2025/05/28 0:03 f 5/25 19:00 → 00:03
調整検出: theoj246 2025/05/28 0:43 f → 00:43
調整検出: theoj246 2025/05/28 9:56 s → 09:56
調整検出: theoj246 2025/05/29 0:41 s → 00:41
調整検出: theoj246 2025/05/29 2:22 f → 02:22
調整検出: ryo4ryo4n66 2025/05/31 0:58 f → 00:58
調整検出: ryo4ryo4n66 2025/06/02 0:08 s → 00:08
調整検出: ryo4ryo4n66 2025/06/02 2:12 f → 02:12
調整検出: hinako.tsutsumi2525 2025/06/05 1:51 s → 01:51
調整検出: theoj246 2025/06/05 1:57 f → 01:57
調整検出: hinako.tsutsumi2525 2025/06/05 2:28 f → 02:28
調整検出: ujwal.kumar252725 2025/06/05 8:00 f 23:30 → 08:00
調整検出: hinako.tsutsumi2525 2025/06/06 2:15 s → 02:15
調整検出: hinako.tsutsumi2525 2025/06/06 3:24 f → 03:24
調整検出: hinako.tsutsumi2525 2025/06/07 0:22 s → 00:22
調整検出: hinako.tsutsumi2525 2025/06/07 0:57 f → 00:57
調整検出: hinako.tsutsumi2525 2025/06/07 1:45 s → 01:45
調整検出: hinako.tsutsumi2525 2025/06/07 2:08 f → 02:08
調整検出: ujwal.kumar252725 2025/06/09 9:32 f 17:30 → 09:32
調整検出: theoj246 2025/06/10 3:09 f 2:00 → 03:09
調整検出: hinako.tsutsumi2525 2025/06/11 1:05 s → 01:05
調整検出: theoj246 2025/06/11 1:43 f → 01:43
調整検出: hinako.tsutsumi2525 2025/06/11 1:53 f → 01:53
調整検出: ujwal.kumar252725 2025/06/14 8:15 f 11:30 → 08:15
調整検出: hinako.tsutsumi2525 2025/06/16 9:05 s → 09:05
調整検出: ryo4ryo4n66 2025/06/17 1:47 s → 01:47
調整検出: hinako.tsutsumi2525 2025/06/17 2:00 s → 02:00
調整検出: hinako.tsutsumi2525 2025/06/17 2:53 f → 02:53
調整検出: ryo4ryo4n66 2025/06/17 3:51 f → 03:51
調整検出: hinako.tsutsumi2525 2025/06/18 1:32 s → 01:32
調整検出: theoj246 2025/06/18 2:21 f → 02:21
調整検出: hinako.tsutsumi2525 2025/06/18 2:36 f → 02:36
調整検出: hinako.tsutsumi2525 2025/06/19 1:27 s → 01:27
調整検出: hinako.tsutsumi2525 2025/06/19 4:03 f → 04:03
調整検出: hinako.tsutsumi2525 2025/06/20 0:02 s → 00:02
調整検出: hinako.tsutsumi2525 2025/06/20 0:37 f → 00:37
調整検出: hinako.tsutsumi2525 2025/06/21 0:08 s → 00:08
調整検出: theoj246 2025/06/21 0:58 s → 00:58
調整検出: theoj246 2025/06/21 1:56 f → 01:56
調整検出: hinako.tsutsumi2525 2025/06/21 2:19 f → 02:19
調整検出: hinako.tsutsumi2525 2025/06/22 1:56 s → 01:56
調整検出: hinako.tsutsumi2525 2025/06/22 2:39 f → 02:39
調整検出: hinako.tsutsumi2525 2025/06/23 9:43 s → 09:43
調整検出: kouki0802.ao 2025/06/24 0:43 s 00:00 → 00:43
調整検出: kouki0802.ao 2025/06/24 0:44 f 00:30 → 00:44
調整検出: theoj246 2025/06/24 2:31 f → 02:31
調整検出: theoj246 2025/06/25 0:57 f → 00:57
調整検出: ryo4ryo4n66 2025/06/26 0:37 s → 00:37
調整検出: hinako.tsutsumi2525 2025/06/26 1:12 s → 01:12
調整検出: ryo4ryo4n66 2025/06/26 2:23 f → 02:23
調整検出: hinako.tsutsumi2525 2025/06/26 3:48 f → 03:48
調整検出: hinako.tsutsumi2525 2025/06/26 4:44 s → 04:44
調整検出: hinako.tsutsumi2525 2025/06/26 4:51 f → 04:51
調整検出: theoj246 2025/06/29 0:33 f → 00:33
調整検出: hinako.tsutsumi2525 2025/06/29 2:00 s → 02:00
調整検出: hinako.tsutsumi2525 2025/06/29 2:17 f → 02:17
調整検出: kimoppy126 2025/06/30 1:42 f → 01:42
調整検出: theoj246 2025/06/30 2:55 f → 02:55
調整検出: hinako.tsutsumi2525 2025/07/01 2:46 s → 02:46
調整検出: hinako.tsutsumi2525 2025/07/01 4:05 f → 04:05
調整検出: hinako.tsutsumi2525 2025/07/02 9:27 s → 09:27
調整検出: theoj246 2025/07/04 4:17 f → 04:17
調整検出: theoj246 2025/07/04 4:59 s → 04:59
調整検出: theoj246 2025/07/04 6:48 f → 06:48
調整検出: theoj246 2025/07/04 7:20 s → 07:20
調整検出: theoj246 2025/07/04 7:53 f → 07:53
調整検出: hinako.tsutsumi2525 2025/07/07 3:46 s → 03:46
調整検出: hinako.tsutsumi2525 2025/07/07 4:09 f → 04:09
調整検出: hinako.tsutsumi2525 2025/07/08 0:54 s → 00:54
調整検出: hinako.tsutsumi2525 2025/07/08 2:03 f → 02:03
調整検出: ryo4ryo4n66 2025/07/09 0:36 f → 00:36
調整検出: kimoppy126 2025/07/09 0:57 s → 00:57
調整検出: hinako.tsutsumi2525 2025/07/09 9:50 s → 09:50
調整検出: ryo4ryo4n66 2025/07/10 0:14 s → 00:14
調整検出: ryo4ryo4n66 2025/07/10 1:04 f → 01:04
調整検出: kouki0802.ao 2025/07/11 1:30 s 1:00 → 01:30
調整検出: kouki0802.ao 2025/07/11 2:50 f → 02:50
調整検出: theoj246 2025/07/15 0:12 f → 00:12
調整検出: ryo4ryo4n66 2025/07/17 1:12 s → 01:12
調整検出: ryo4ryo4n66 2025/07/17 1:46 f +72 → 01:46
調整検出: hinako.tsutsumi2525 2025/07/19 1:44 s → 01:44
調整検出: hinako.tsutsumi2525 2025/07/19 2:32 f → 02:32
調整検出: kouki0802.ao 2025/07/19 2:40 s +20 → 02:40
調整検出: kouki0802.ao 2025/07/19 3:17 f → 03:17
調整検出: kouki0802.ao 2025/07/21 0:16 s → 00:16
調整検出: kouki0802.ao 2025/07/21 0:52 f → 00:52
調整検出: hinako.tsutsumi2525 2025/07/23 3:56 s → 03:56
調整検出: hinako.tsutsumi2525 2025/07/23 4:28 f → 04:28
調整検出: theoj246 2025/07/25 1:20 f → 01:20
調整検出: hinako.tsutsumi2525 2025/07/25 2:42 s → 02:42
調整検出: ryo4ryo4n66 2025/07/25 2:46 f → 02:46
調整検出: hinako.tsutsumi2525 2025/07/25 4:14 f → 04:14
調整検出: erin.isozu 2025/07/26 0:34 f → 00:34
調整検出: theoj246 2025/07/27 0:17 s → 00:17
調整検出: theoj246 2025/07/27 2:32 f → 02:32
調整検出: hinako.tsutsumi2525 2025/07/28 1:19 s → 01:19
調整検出: hinako.tsutsumi2525 2025/07/28 2:37 f → 02:37
調整検出: yuta.takasu 2025/07/28 9:14 s aoki → 09:14
調整検出: yuta.takasu 2025/07/28 9:26 f aoki → 09:26
調整検出: kouki0802.ao 2025/07/30 0:14 f 18:21 → 00:14
調整検出: ryo4ryo4n66 2025/07/30 0:16 f → 00:16
調整検出: kouki0802.ao 2025/07/30 0:17 s → 00:17
調整検出: kouki0802.ao 2025/07/30 1:57 f → 01:57
調整検出: ryo4ryo4n66 2025/07/31 0:40 s → 00:40
調整検出: ryo4ryo4n66 2025/07/31 3:35 f → 03:35
調整検出: yuta.takasu 2025/07/31 9:19 s aoki → 09:19
調整検出: yuta.takasu 2025/07/31 9:34 f aoki → 09:34
調整検出: hinako.tsutsumi2525 2025/07/31 9:38 s → 09:38
調整検出: kouki0802.ao 2025/08/01 0:13 f → 00:13
調整検出: kimoppy126 2025/08/01 0:16 s → 00:16
調整検出: ryo4ryo4n66 2025/08/04 0:19 s → 00:19
調整検出: ryo4ryo4n66 2025/08/04 1:10 f +90 → 01:10
調整検出: erin.isozu 2025/08/05 1:52 f → 01:52
メッセージから調整検出: f-20 → -20分調整
調整検出: marikou180522 2025/08/06 19:39 f-20 → 19:19
調整検出: ryo4ryo4n66 2025/08/07 0:57 s → 00:57
調整検出: marikou180522 2025/08/07 1:01 f → 01:01
調整検出: erin.isozu 2025/08/07 2:07 s → 02:07
調整検出: ryo4ryo4n66 2025/08/07 3:14 f → 03:14
調整検出: erin.isozu 2025/08/07 4:12 f → 04:12
メッセージから調整検出: s+60 → 60分調整
調整検出: marikou180522 2025/08/07 19:32 s+60 → 18:32
メッセージから調整検出: s+20 → 20分調整
調整検出: marikou180522 2025/08/07 23:58 s+20 → 23:38
調整検出: ryo4ryo4n66 2025/08/08 0:36 s → 00:36
調整検出: marikou180522 2025/08/08 0:47 f → 00:47
調整検出: theoj246 2025/08/08 1:38 f → 01:38
調整検出: ryo4ryo4n66 2025/08/08 4:40 f → 04:40
調整検出: marikou180522 2025/08/08 6:04 s → 06:04
調整検出: marikou180522 2025/08/08 8:00 f → 08:00
メッセージから調整検出: f-45 → -45分調整
調整検出: marikou180522 2025/08/08 19:30 f-45 → 18:45
調整検出: erin.isozu 2025/08/09 0:17 s → 00:17
調整検出: ryo4ryo4n66 2025/08/09 0:48 s → 00:48
調整検出: erin.isozu 2025/08/09 1:50 f → 01:50
調整検出: ryo4ryo4n66 2025/08/09 2:52 f → 02:52
調整検出: erin.isozu 2025/08/09 4:44 s → 04:44
調整検出: erin.isozu 2025/08/09 6:08 f -40 → 06:08
調整検出: theoj246 2025/08/09 9:30 s → 09:30
調整検出: erin.isozu 2025/08/10 0:14 f → 00:14
調整検出: erin.isozu 2025/08/10 0:46 s → 00:46
調整検出: erin.isozu 2025/08/10 2:09 f → 02:09
調整検出: erin.isozu 2025/08/10 4:12 s → 04:12
調整検出: erin.isozu 2025/08/10 6:33 f → 06:33
調整検出: kouki0802.ao 2025/08/11 0:10 f → 00:10
調整検出: erin.isozu 2025/08/11 1:04 f → 01:04
メッセージから調整検出: s+90 → 90分調整
調整検出: marikou180522 2025/08/11 1:55 s+90 → 00:25
警告: Yohei Watanabe - 開始時刻なしの終了 2024/06/21 21:30
警告: Yohei Watanabe - 連続する開始時刻を検出、前のセッションを自動終了
警告: deerveryone - 開始時刻なしの終了 2024/09/05 18:54
警告: deerveryone - 開始時刻なしの終了 2024/09/05 21:10
警告: info - 開始時刻なしの終了 2024/10/31 18:03
警告: info - 連続する開始時刻を検出、前のセッションを自動終了
エラー: info - 24時間超過を検出 2024/12/14 09:17 → 2025/05/20 13:44 = 226347分
警告: info - 開始時刻なしの終了 2025/07/18 21:49
情報: info - 未完了のセッション 2025/07/18 21:51
警告: theoj246 - 連続する開始時刻を検出、前のセッションを自動終了
警告: theoj246 - 開始時刻なしの終了 2025/03/06 16:51
警告: theoj246 - 連続する開始時刻を検出、前のセッションを自動終了
警告: theoj246 - 開始時刻なしの終了 2025/03/10 17:58
警告: theoj246 - 開始時刻なしの終了 2025/03/10 19:05
警告: theoj246 - 連続する開始時刻を検出、前のセッションを自動終了
警告: theoj246 - 開始時刻なしの終了 2025/03/11 01:09
警告: theoj246 - 連続する開始時刻を検出、前のセッションを自動終了
警告: theoj246 - 連続する開始時刻を検出、前のセッションを自動終了
エラー: theoj246 - 24時間超過を検出 2025/07/12 15:51 → 2025/07/14 10:34 = 2563分
警告: theoj246 - 連続する開始時刻を検出、前のセッションを自動終了
警告: theoj246 - 開始時刻なしの終了 2025/08/06 13:33
エラー: ryo4ryo4n66 - 24時間超過を検出 2024/11/02 13:59 → 2024/11/03 15:36 = 1537分
警告: ryo4ryo4n66 - 連続する開始時刻を検出、前のセッションを自動終了
警告: ryo4ryo4n66 - 連続する開始時刻を検出、前のセッションを自動終了
警告: ryo4ryo4n66 - 開始時刻なしの終了 2025/03/11 14:15
警告: ryo4ryo4n66 - 連続する開始時刻を検出、前のセッションを自動終了
警告: ryo4ryo4n66 - 開始時刻なしの終了 2025/03/26 17:50
警告: ryo4ryo4n66 - 連続する開始時刻を検出、前のセッションを自動終了
警告: ryo4ryo4n66 - 連続する開始時刻を検出、前のセッションを自動終了
エラー: ryo4ryo4n66 - 24時間超過を検出 2025/05/10 15:56 → 2025/05/12 13:03 = 2707分
警告: ryo4ryo4n66 - 開始時刻なしの終了 2025/06/13 19:47
警告: ryo4ryo4n66 - 開始時刻なしの終了 2025/07/09 13:35
情報: A - 未完了のセッション 2024/09/25 13:22
警告: osaryo523778 - 連続する開始時刻を検出、前のセッションを自動終了
エラー: kimoppy126 - 24時間超過を検出 2025/05/25 15:05 → 2025/05/28 00:03 = 3418分
警告: kimoppy126 - 連続する開始時刻を検出、前のセッションを自動終了
警告: kimoppy126 - 連続する開始時刻を検出、前のセッションを自動終了
警告: kimoppy126 - 連続する開始時刻を検出、前のセッションを自動終了
警告: kimoppy126 - 連続する開始時刻を検出、前のセッションを自動終了
情報: kimoppy126 - 未完了のセッション 2025/08/01 00:16
警告: yuta.takasu - 連続する開始時刻を検出、前のセッションを自動終了
警告: yuta.takasu - 連続する開始時刻を検出、前のセッションを自動終了
警告: yuta.takasu - 連続する開始時刻を検出、前のセッションを自動終了
警告: hinako.tsutsumi2525 - 開始時刻なしの終了 2025/06/23 14:49
警告: ujwal.kumar252725 - 連続する開始時刻を検出、前のセッションを自動終了
警告: ujwal.kumar252725 - 開始時刻なしの終了 2025/07/10 23:18
警告: ujwal.kumar252725 - 開始時刻なしの終了 2025/07/15 18:31
警告: ujwal.kumar252725 - 開始時刻なしの終了 2025/07/16 11:59
警告: ujwal.kumar252725 - 開始時刻なしの終了 2025/07/18 21:49
警告: ujwal.kumar252725 - 連続する開始時刻を検出、前のセッションを自動終了
警告: ujwal.kumar252725 - 連続する開始時刻を検出、前のセッションを自動終了
情報: ujwal.kumar252725 - 未完了のセッション 2025/07/18 21:51
警告: kouki0802.ao - 開始時刻なしの終了 2025/06/20 17:11
警告: kouki0802.ao - 開始時刻なしの終了 2025/06/28 18:25
警告: kouki0802.ao - 開始時刻なしの終了 2025/07/03 17:13
エラー: kouki0802.ao - 24時間超過を検出 2025/07/04 17:50 → 2025/07/05 17:59 = 1449分
警告: kouki0802.ao - 連続する開始時刻を検出、前のセッションを自動終了
警告: kouki0802.ao - 連続する開始時刻を検出、前のセッションを自動終了
警告: kouki0802.ao - 開始時刻なしの終了 2025/08/05 18:18
警告: marikou180522 - 連続する開始時刻を検出、前のセッションを自動終了
情報: marikou180522 - 未完了のセッション 2025/08/11 00:25
INFO:     127.0.0.1:49423 - "GET /subpage/update?limit=1&months=1 HTTP/1.1" 200 OK
調整検出: Yohei Watanabe 2024/06/16 3:10 終了 → 03:10
調整検出: Yohei Watanabe 2024/06/27 0:07 開始 → 00:07
調整検出: Yohei Watanabe 2024/06/27 2:03 終了 → 02:03
調整検出: deerveryone 2024/07/12 8:50 開始：EB関連Notion管理（修正） → 08:50
調整検出: deerveryone 2024/07/12 9:20 終了 → 09:20
調整検出: lyuki093 2024/07/16 8:57 開始 → 08:57
調整検出: deerveryone 2024/07/16 9:38 開始 → 09:38
調整検出: deerveryone 2024/08/21 7:54 開始 → 07:54
調整検出: deerveryone 2024/08/21 9:02 終了 → 09:02
調整検出: deerveryone 2024/08/28 8:52 開始 → 08:52
調整検出: theoj246 2024/09/06 8:22 開始 → 08:22
調整検出: deerveryone 2024/09/06 9:20 開始（08:20に修正） → 09:20
調整検出: theoj246 2024/09/06 9:31 終了 → 09:31
調整検出: deerveryone 2024/09/09 9:45 開始 → 09:45
調整検出: deerveryone 2024/09/11 8:56 開始 → 08:56
調整検出: theoj246 2024/09/11 9:59 開始 → 09:59
調整検出: deerveryone 2024/09/11 9:40 終了 9:40 → 09:40
調整検出: theoj246 2024/09/18 0:16 終了 → 00:16
調整検出: deerveryone 2024/09/18 8:51 開始 → 08:51
調整検出: ryo4ryo4n66 2024/09/18 9:32 開始 → 09:32
調整検出: theoj246 2024/09/19 0:19 開始 → 00:19
調整検出: theoj246 2024/09/19 0:47 終了 → 00:47
調整検出: theoj246 2024/09/19 8:53 開始 → 08:53
調整検出: deerveryone 2024/09/21 9:15 開始 → 09:15
調整検出: ryo4ryo4n66 2024/09/21 9:38 開始 → 09:38
調整検出: ryo4ryo4n66 2024/09/23 0:23 開始 → 00:23
調整検出: deerveryone 2024/09/23 9:00 終了 → 09:00
調整検出: theoj246 2024/09/24 9:04 開始 → 09:04
調整検出: theoj246 2024/09/24 9:32 終了 → 09:32
調整検出: theoj246 2024/09/25 8:51 開始 → 08:51
調整検出: deerveryone 2024/09/27 9:08 開始 → 09:08
調整検出: theoj246 2024/10/06 0:45 開始 → 00:45
調整検出: theoj246 2024/10/06 1:46 終了 → 01:46
調整検出: theoj246 2024/10/07 0:05 終了 → 00:05
調整検出: theoj246 2024/10/09 0:52 開始 → 00:52
調整検出: theoj246 2024/10/09 1:19 終了 → 01:19
調整検出: theoj246 2024/10/09 9:06 開始 → 09:06
調整検出: theoj246 2024/10/09 9:58 終了 → 09:58
調整検出: theoj246 2024/10/11 9:23 開始 → 09:23
調整検出: theoj246 2024/10/13 0:29 開始 → 00:29
調整検出: theoj246 2024/10/13 1:29 終了 → 01:29
調整検出: theoj246 2024/10/13 9:31 開始 → 09:31
調整検出: osaryo523778 2024/10/17 1:18 終了 → 01:18
調整検出: theoj246 2024/10/17 8:58 開始 → 08:58
調整検出: theoj246 2024/10/17 9:43 終了 → 09:43
調整検出: osaryo523778 2024/10/18 0:00 終了 → 00:00
調整検出: theoj246 2024/10/18 9:11 開始 → 09:11
調整検出: theoj246 2024/10/20 9:53 開始 → 09:53
調整検出: osaryo523778 2024/10/21 1:10 終了 → 01:10
調整検出: osaryo523778 2024/10/21 8:03 開始 → 08:03
調整検出: theoj246 2024/10/23 8:43 開始 → 08:43
調整検出: theoj246 2024/10/23 9:40 終了 → 09:40
調整検出: osaryo523778 2024/10/26 2:53 s → 02:53
調整検出: osaryo523778 2024/10/26 4:53 f → 04:53
調整検出: theoj246 2024/10/27 0:24 s → 00:24
調整検出: theoj246 2024/10/27 1:30 f → 01:30
調整検出: theoj246 2024/10/28 0:17 s → 00:17
調整検出: theoj246 2024/10/28 1:34 f → 01:34
調整検出: ryo4ryo4n66 2024/10/29 0:57 f → 00:57
調整検出: theoj246 2024/11/04 0:02 s → 00:02
調整検出: theoj246 2024/11/04 0:18 f → 00:18
調整検出: theoj246 2024/11/08 0:51 f → 00:51
調整検出: theoj246 2024/11/10 1:26 f → 01:26
調整検出: ryo4ryo4n66 2024/11/12 0:15 f → 00:15
調整検出: osaryo523778 2024/11/16 1:34 s → 01:34
調整検出: ryo4ryo4n66 2024/11/16 2:52 f → 02:52
調整検出: osaryo523778 2024/11/16 4:21 f → 04:21
調整検出: osaryo523778 2024/11/17 0:43 f → 00:43
調整検出: theoj246 2024/11/18 0:13 s → 00:13
調整検出: theoj246 2024/11/18 0:41 f → 00:41
調整検出: theoj246 2024/11/21 0:49 f → 00:49
調整検出: theoj246 2024/11/23 2:08 f → 02:08
調整検出: theoj246 2024/11/24 1:11 f → 01:11
調整検出: osaryo523778 2024/11/26 0:26 f → 00:26
調整検出: theoj246 2024/11/28 0:49 f → 00:49
調整検出: theoj246 2024/11/29 1:33 f → 01:33
調整検出: osaryo523778 2024/12/03 1:49 f → 01:49
調整検出: ryo4ryo4n66 2024/12/06 0:53 s → 00:53
調整検出: ryo4ryo4n66 2024/12/06 2:20 f → 02:20
調整検出: osaryo523778 2024/12/10 1:17 s → 01:17
調整検出: osaryo523778 2024/12/10 3:27 f → 03:27
調整検出: theoj246 2024/12/10 8:32 s → 08:32
調整検出: theoj246 2024/12/11 9:46 s → 09:46
調整検出: theoj246 2024/12/14 9:01 s → 09:01
調整検出: info 2024/12/14 9:17 s → 09:17
調整検出: ryo4ryo4n66 2024/12/15 0:09 f → 00:09
調整検出: theoj246 2024/12/16 0:52 f → 00:52
調整検出: theoj246 2024/12/16 8:42 s → 08:42
調整検出: theoj246 2024/12/17 0:04 f → 00:04
調整検出: theoj246 2024/12/18 8:53 f -30s → 08:53
調整検出: theoj246 2024/12/18 8:53 s → 08:53
調整検出: theoj246 2024/12/19 1:03 f 22:00 → 01:03
調整検出: theoj246 2024/12/19 9:34 s → 09:34
調整検出: theoj246 2024/12/20 9:01 s → 09:01
調整検出: theoj246 2024/12/20 9:51 f → 09:51
調整検出: theoj246 2024/12/22 0:34 f → 00:34
調整検出: theoj246 2024/12/22 9:36 s → 09:36
調整検出: theoj246 2024/12/24 9:46 s → 09:46
調整検出: theoj246 2025/01/04 0:40 f → 00:40
調整検出: theoj246 2025/01/04 9:58 s → 09:58
調整検出: theoj246 2025/01/10 0:35 f → 00:35
調整検出: theoj246 2025/01/13 0:47 f → 00:47
調整検出: osaryo523778 2025/01/14 0:58 f → 00:58
調整検出: theoj246 2025/01/16 9:09 f - 21:00 → 09:09
調整検出: theoj246 2025/01/20 9:16 s → 09:16
調整検出: theoj246 2025/01/20 9:49 f → 09:49
調整検出: theoj246 2025/01/27 9:03 s → 09:03
調整検出: ryo4ryo4n66 2025/01/30 0:02 s → 00:02
調整検出: ryo4ryo4n66 2025/01/30 3:07 f → 03:07
調整検出: theoj246 2025/02/11 1:17 s → 01:17
調整検出: theoj246 2025/02/11 1:40 f → 01:40
調整検出: theoj246 2025/02/12 0:27 f → 00:27
調整検出: theoj246 2025/02/13 9:21 s → 09:21
調整検出: theoj246 2025/02/19 9:07 s → 09:07
調整検出: theoj246 2025/02/24 0:27 f → 00:27
調整検出: ryo4ryo4n66 2025/02/27 0:03 f → 00:03
調整検出: kimoppy126 2025/03/06 7:29 s → 07:29
調整検出: kimoppy126 2025/03/06 9:25 f → 09:25
調整検出: kimoppy126 2025/03/09 8:38 s → 08:38
調整検出: theoj246 2025/03/10 0:07 f → 00:07
調整検出: ryo4ryo4n66 2025/03/10 0:26 f → 00:26
調整検出: theoj246 2025/03/10 9:58 s → 09:58
調整検出: ryo4ryo4n66 2025/03/11 1:03 f -3:35 → 01:03
調整検出: theoj246 2025/03/11 1:09 f → 01:09
調整検出: theoj246 2025/03/11 9:47 s → 09:47
調整検出: theoj246 2025/03/12 0:07 f → 00:07
調整検出: theoj246 2025/03/18 0:25 f 20:20 → 00:25
調整検出: ryo4ryo4n66 2025/03/18 0:32 f 20:20 → 00:32
調整検出: ryo4ryo4n66 2025/03/18 0:32 s → 00:32
調整検出: theoj246 2025/03/18 1:13 s → 01:13
調整検出: theoj246 2025/03/18 1:35 f → 01:35
調整検出: ryo4ryo4n66 2025/03/18 1:50 f → 01:50
調整検出: ryo4ryo4n66 2025/03/22 1:18 s → 01:18
調整検出: ryo4ryo4n66 2025/03/22 2:09 f → 02:09
調整検出: theoj246 2025/03/22 5:06 f → 05:06
調整検出: theoj246 2025/03/24 0:11 f → 00:11
調整検出: theoj246 2025/03/26 0:11 s → 00:11
調整検出: theoj246 2025/03/26 1:07 f → 01:07
調整検出: ryo4ryo4n66 2025/03/26 1:11 s → 01:11
調整検出: ryo4ryo4n66 2025/03/26 1:59 f ＋ 180 → 01:59
調整検出: theoj246 2025/03/28 0:42 f → 00:42
調整検出: ryo4ryo4n66 2025/03/28 0:45 s → 00:45
調整検出: ryo4ryo4n66 2025/03/28 2:41 f → 02:41
調整検出: theoj246 2025/03/31 9:12 s → 09:12
調整検出: ryo4ryo4n66 2025/04/01 0:46 f → 00:46
調整検出: ryo4ryo4n66 2025/04/03 1:16 f → 01:16
調整検出: theoj246 2025/04/04 0:37 f → 00:37
調整検出: theoj246 2025/04/05 0:44 f → 00:44
調整検出: theoj246 2025/04/07 0:30 s → 00:30
調整検出: theoj246 2025/04/07 2:20 f → 02:20
調整検出: ryo4ryo4n66 2025/04/08 0:05 s → 00:05
調整検出: ryo4ryo4n66 2025/04/08 0:35 f → 00:35
調整検出: theoj246 2025/04/09 1:01 f → 01:01
調整検出: theoj246 2025/04/10 0:14 s → 00:14
調整検出: theoj246 2025/04/10 0:39 f → 00:39
調整検出: kimoppy126 2025/04/14 1:31 f → 01:31
調整検出: theoj246 2025/04/16 0:02 f → 00:02
調整検出: kimoppy126 2025/04/20 4:05 f → 04:05
調整検出: theoj246 2025/04/21 1:29 f → 01:29
調整検出: ryo4ryo4n66 2025/04/22 0:31 s → 00:31
調整検出: theoj246 2025/04/22 0:45 f → 00:45
調整検出: ryo4ryo4n66 2025/04/22 1:04 f → 01:04
調整検出: ryo4ryo4n66 2025/04/23 0:49 f → 00:49
調整検出: theoj246 2025/04/23 1:33 f → 01:33
調整検出: theoj246 2025/04/23 9:52 s → 09:52
調整検出: theoj246 2025/04/25 0:19 f → 00:19
調整検出: theoj246 2025/04/30 0:14 s → 00:14
調整検出: theoj246 2025/04/30 2:13 f → 02:13
調整検出: theoj246 2025/05/03 1:37 f → 01:37
調整検出: theoj246 2025/05/08 0:54 f → 00:54
調整検出: theoj246 2025/05/09 0:38 f → 00:38
調整検出: ryo4ryo4n66 2025/05/14 1:57 s → 01:57
調整検出: ryo4ryo4n66 2025/05/14 1:58 f60 → 01:58
調整検出: theoj246 2025/05/16 1:11 f → 01:11
調整検出: theoj246 2025/05/17 2:51 f → 02:51
調整検出: theoj246 2025/05/18 0:18 f → 00:18
調整検出: theoj246 2025/05/19 4:43 s → 04:43
調整検出: theoj246 2025/05/19 8:22 f → 08:22
調整検出: theoj246 2025/05/21 9:22 s → 09:22
調整検出: theoj246 2025/05/22 9:16 s → 09:16
調整検出: ryo4ryo4n66 2025/05/23 0:40 s → 00:40
調整検出: ryo4ryo4n66 2025/05/23 2:15 f → 02:15
調整検出: theoj246 2025/05/23 9:34 s → 09:34
調整検出: ryo4ryo4n66 2025/05/24 0:09 s → 00:09
調整検出: ryo4ryo4n66 2025/05/24 1:17 f → 01:17
調整検出: theoj246 2025/05/24 8:51 s → 08:51
調整検出: theoj246 2025/05/26 8:47 s → 08:47
調整検出: ryo4ryo4n66 2025/05/27 1:36 s → 01:36
調整検出: ryo4ryo4n66 2025/05/27 3:04 f → 03:04
調整検出: kimoppy126 2025/05/28 0:03 f 5/25 19:00 → 00:03
調整検出: theoj246 2025/05/28 0:43 f → 00:43
調整検出: theoj246 2025/05/28 9:56 s → 09:56
調整検出: theoj246 2025/05/29 0:41 s → 00:41
調整検出: theoj246 2025/05/29 2:22 f → 02:22
調整検出: ryo4ryo4n66 2025/05/31 0:58 f → 00:58
調整検出: ryo4ryo4n66 2025/06/02 0:08 s → 00:08
調整検出: ryo4ryo4n66 2025/06/02 2:12 f → 02:12
調整検出: hinako.tsutsumi2525 2025/06/05 1:51 s → 01:51
調整検出: theoj246 2025/06/05 1:57 f → 01:57
調整検出: hinako.tsutsumi2525 2025/06/05 2:28 f → 02:28
調整検出: ujwal.kumar252725 2025/06/05 8:00 f 23:30 → 08:00
調整検出: hinako.tsutsumi2525 2025/06/06 2:15 s → 02:15
調整検出: hinako.tsutsumi2525 2025/06/06 3:24 f → 03:24
調整検出: hinako.tsutsumi2525 2025/06/07 0:22 s → 00:22
調整検出: hinako.tsutsumi2525 2025/06/07 0:57 f → 00:57
調整検出: hinako.tsutsumi2525 2025/06/07 1:45 s → 01:45
調整検出: hinako.tsutsumi2525 2025/06/07 2:08 f → 02:08
調整検出: ujwal.kumar252725 2025/06/09 9:32 f 17:30 → 09:32
調整検出: theoj246 2025/06/10 3:09 f 2:00 → 03:09
調整検出: hinako.tsutsumi2525 2025/06/11 1:05 s → 01:05
調整検出: theoj246 2025/06/11 1:43 f → 01:43
調整検出: hinako.tsutsumi2525 2025/06/11 1:53 f → 01:53
調整検出: ujwal.kumar252725 2025/06/14 8:15 f 11:30 → 08:15
調整検出: hinako.tsutsumi2525 2025/06/16 9:05 s → 09:05
調整検出: ryo4ryo4n66 2025/06/17 1:47 s → 01:47
調整検出: hinako.tsutsumi2525 2025/06/17 2:00 s → 02:00
調整検出: hinako.tsutsumi2525 2025/06/17 2:53 f → 02:53
調整検出: ryo4ryo4n66 2025/06/17 3:51 f → 03:51
調整検出: hinako.tsutsumi2525 2025/06/18 1:32 s → 01:32
調整検出: theoj246 2025/06/18 2:21 f → 02:21
調整検出: hinako.tsutsumi2525 2025/06/18 2:36 f → 02:36
調整検出: hinako.tsutsumi2525 2025/06/19 1:27 s → 01:27
調整検出: hinako.tsutsumi2525 2025/06/19 4:03 f → 04:03
調整検出: hinako.tsutsumi2525 2025/06/20 0:02 s → 00:02
調整検出: hinako.tsutsumi2525 2025/06/20 0:37 f → 00:37
調整検出: hinako.tsutsumi2525 2025/06/21 0:08 s → 00:08
調整検出: theoj246 2025/06/21 0:58 s → 00:58
調整検出: theoj246 2025/06/21 1:56 f → 01:56
調整検出: hinako.tsutsumi2525 2025/06/21 2:19 f → 02:19
調整検出: hinako.tsutsumi2525 2025/06/22 1:56 s → 01:56
調整検出: hinako.tsutsumi2525 2025/06/22 2:39 f → 02:39
調整検出: hinako.tsutsumi2525 2025/06/23 9:43 s → 09:43
調整検出: kouki0802.ao 2025/06/24 0:43 s 00:00 → 00:43
調整検出: kouki0802.ao 2025/06/24 0:44 f 00:30 → 00:44
調整検出: theoj246 2025/06/24 2:31 f → 02:31
調整検出: theoj246 2025/06/25 0:57 f → 00:57
調整検出: ryo4ryo4n66 2025/06/26 0:37 s → 00:37
調整検出: hinako.tsutsumi2525 2025/06/26 1:12 s → 01:12
調整検出: ryo4ryo4n66 2025/06/26 2:23 f → 02:23
調整検出: hinako.tsutsumi2525 2025/06/26 3:48 f → 03:48
調整検出: hinako.tsutsumi2525 2025/06/26 4:44 s → 04:44
調整検出: hinako.tsutsumi2525 2025/06/26 4:51 f → 04:51
調整検出: theoj246 2025/06/29 0:33 f → 00:33
調整検出: hinako.tsutsumi2525 2025/06/29 2:00 s → 02:00
調整検出: hinako.tsutsumi2525 2025/06/29 2:17 f → 02:17
調整検出: kimoppy126 2025/06/30 1:42 f → 01:42
調整検出: theoj246 2025/06/30 2:55 f → 02:55
調整検出: hinako.tsutsumi2525 2025/07/01 2:46 s → 02:46
調整検出: hinako.tsutsumi2525 2025/07/01 4:05 f → 04:05
調整検出: hinako.tsutsumi2525 2025/07/02 9:27 s → 09:27
調整検出: theoj246 2025/07/04 4:17 f → 04:17
調整検出: theoj246 2025/07/04 4:59 s → 04:59
調整検出: theoj246 2025/07/04 6:48 f → 06:48
調整検出: theoj246 2025/07/04 7:20 s → 07:20
調整検出: theoj246 2025/07/04 7:53 f → 07:53
調整検出: hinako.tsutsumi2525 2025/07/07 3:46 s → 03:46
調整検出: hinako.tsutsumi2525 2025/07/07 4:09 f → 04:09
調整検出: hinako.tsutsumi2525 2025/07/08 0:54 s → 00:54
調整検出: hinako.tsutsumi2525 2025/07/08 2:03 f → 02:03
調整検出: ryo4ryo4n66 2025/07/09 0:36 f → 00:36
調整検出: kimoppy126 2025/07/09 0:57 s → 00:57
調整検出: hinako.tsutsumi2525 2025/07/09 9:50 s → 09:50
調整検出: ryo4ryo4n66 2025/07/10 0:14 s → 00:14
調整検出: ryo4ryo4n66 2025/07/10 1:04 f → 01:04
調整検出: kouki0802.ao 2025/07/11 1:30 s 1:00 → 01:30
調整検出: kouki0802.ao 2025/07/11 2:50 f → 02:50
調整検出: theoj246 2025/07/15 0:12 f → 00:12
調整検出: ryo4ryo4n66 2025/07/17 1:12 s → 01:12
調整検出: ryo4ryo4n66 2025/07/17 1:46 f +72 → 01:46
調整検出: hinako.tsutsumi2525 2025/07/19 1:44 s → 01:44
調整検出: hinako.tsutsumi2525 2025/07/19 2:32 f → 02:32
調整検出: kouki0802.ao 2025/07/19 2:40 s +20 → 02:40
調整検出: kouki0802.ao 2025/07/19 3:17 f → 03:17
調整検出: kouki0802.ao 2025/07/21 0:16 s → 00:16
調整検出: kouki0802.ao 2025/07/21 0:52 f → 00:52
調整検出: hinako.tsutsumi2525 2025/07/23 3:56 s → 03:56
調整検出: hinako.tsutsumi2525 2025/07/23 4:28 f → 04:28
調整検出: theoj246 2025/07/25 1:20 f → 01:20
調整検出: hinako.tsutsumi2525 2025/07/25 2:42 s → 02:42
調整検出: ryo4ryo4n66 2025/07/25 2:46 f → 02:46
調整検出: hinako.tsutsumi2525 2025/07/25 4:14 f → 04:14
調整検出: erin.isozu 2025/07/26 0:34 f → 00:34
調整検出: theoj246 2025/07/27 0:17 s → 00:17
調整検出: theoj246 2025/07/27 2:32 f → 02:32
調整検出: hinako.tsutsumi2525 2025/07/28 1:19 s → 01:19
調整検出: hinako.tsutsumi2525 2025/07/28 2:37 f → 02:37
調整検出: yuta.takasu 2025/07/28 9:14 s aoki → 09:14
調整検出: yuta.takasu 2025/07/28 9:26 f aoki → 09:26
調整検出: kouki0802.ao 2025/07/30 0:14 f 18:21 → 00:14
調整検出: ryo4ryo4n66 2025/07/30 0:16 f → 00:16
調整検出: kouki0802.ao 2025/07/30 0:17 s → 00:17
調整検出: kouki0802.ao 2025/07/30 1:57 f → 01:57
調整検出: ryo4ryo4n66 2025/07/31 0:40 s → 00:40
調整検出: ryo4ryo4n66 2025/07/31 3:35 f → 03:35
調整検出: yuta.takasu 2025/07/31 9:19 s aoki → 09:19
調整検出: yuta.takasu 2025/07/31 9:34 f aoki → 09:34
調整検出: hinako.tsutsumi2525 2025/07/31 9:38 s → 09:38
調整検出: kouki0802.ao 2025/08/01 0:13 f → 00:13
調整検出: kimoppy126 2025/08/01 0:16 s → 00:16
調整検出: ryo4ryo4n66 2025/08/04 0:19 s → 00:19
調整検出: ryo4ryo4n66 2025/08/04 1:10 f +90 → 01:10
調整検出: erin.isozu 2025/08/05 1:52 f → 01:52
メッセージから調整検出: f-20 → -20分調整
調整検出: marikou180522 2025/08/06 19:39 f-20 → 19:19
調整検出: ryo4ryo4n66 2025/08/07 0:57 s → 00:57
調整検出: marikou180522 2025/08/07 1:01 f → 01:01
調整検出: erin.isozu 2025/08/07 2:07 s → 02:07
調整検出: ryo4ryo4n66 2025/08/07 3:14 f → 03:14
調整検出: erin.isozu 2025/08/07 4:12 f → 04:12
メッセージから調整検出: s+60 → 60分調整
調整検出: marikou180522 2025/08/07 19:32 s+60 → 18:32
メッセージから調整検出: s+20 → 20分調整
調整検出: marikou180522 2025/08/07 23:58 s+20 → 23:38
調整検出: ryo4ryo4n66 2025/08/08 0:36 s → 00:36
調整検出: marikou180522 2025/08/08 0:47 f → 00:47
調整検出: theoj246 2025/08/08 1:38 f → 01:38
調整検出: ryo4ryo4n66 2025/08/08 4:40 f → 04:40
調整検出: marikou180522 2025/08/08 6:04 s → 06:04
調整検出: marikou180522 2025/08/08 8:00 f → 08:00
メッセージから調整検出: f-45 → -45分調整
調整検出: marikou180522 2025/08/08 19:30 f-45 → 18:45
調整検出: erin.isozu 2025/08/09 0:17 s → 00:17
調整検出: ryo4ryo4n66 2025/08/09 0:48 s → 00:48
調整検出: erin.isozu 2025/08/09 1:50 f → 01:50
調整検出: ryo4ryo4n66 2025/08/09 2:52 f → 02:52
調整検出: erin.isozu 2025/08/09 4:44 s → 04:44
調整検出: erin.isozu 2025/08/09 6:08 f -40 → 06:08
調整検出: theoj246 2025/08/09 9:30 s → 09:30
調整検出: erin.isozu 2025/08/10 0:14 f → 00:14
調整検出: erin.isozu 2025/08/10 0:46 s → 00:46
調整検出: erin.isozu 2025/08/10 2:09 f → 02:09
調整検出: erin.isozu 2025/08/10 4:12 s → 04:12
調整検出: erin.isozu 2025/08/10 6:33 f → 06:33
調整検出: kouki0802.ao 2025/08/11 0:10 f → 00:10
調整検出: erin.isozu 2025/08/11 1:04 f → 01:04
メッセージから調整検出: s+90 → 90分調整
調整検出: marikou180522 2025/08/11 1:55 s+90 → 00:25
警告: Yohei Watanabe - 開始時刻なしの終了 2024/06/21 21:30
警告: Yohei Watanabe - 連続する開始時刻を検出、前のセッションを自動終了
警告: deerveryone - 開始時刻なしの終了 2024/09/05 18:54
警告: deerveryone - 開始時刻なしの終了 2024/09/05 21:10
警告: info - 開始時刻なしの終了 2024/10/31 18:03
警告: info - 連続する開始時刻を検出、前のセッションを自動終了
エラー: info - 24時間超過を検出 2024/12/14 09:17 → 2025/05/20 13:44 = 226347分
警告: info - 開始時刻なしの終了 2025/07/18 21:49
情報: info - 未完了のセッション 2025/07/18 21:51
警告: theoj246 - 連続する開始時刻を検出、前のセッションを自動終了
警告: theoj246 - 開始時刻なしの終了 2025/03/06 16:51
警告: theoj246 - 連続する開始時刻を検出、前のセッションを自動終了
警告: theoj246 - 開始時刻なしの終了 2025/03/10 17:58
警告: theoj246 - 開始時刻なしの終了 2025/03/10 19:05
警告: theoj246 - 連続する開始時刻を検出、前のセッションを自動終了
警告: theoj246 - 開始時刻なしの終了 2025/03/11 01:09
警告: theoj246 - 連続する開始時刻を検出、前のセッションを自動終了
警告: theoj246 - 連続する開始時刻を検出、前のセッションを自動終了
エラー: theoj246 - 24時間超過を検出 2025/07/12 15:51 → 2025/07/14 10:34 = 2563分
警告: theoj246 - 連続する開始時刻を検出、前のセッションを自動終了
警告: theoj246 - 開始時刻なしの終了 2025/08/06 13:33
エラー: ryo4ryo4n66 - 24時間超過を検出 2024/11/02 13:59 → 2024/11/03 15:36 = 1537分
警告: ryo4ryo4n66 - 連続する開始時刻を検出、前のセッションを自動終了
警告: ryo4ryo4n66 - 連続する開始時刻を検出、前のセッションを自動終了
警告: ryo4ryo4n66 - 開始時刻なしの終了 2025/03/11 14:15
警告: ryo4ryo4n66 - 連続する開始時刻を検出、前のセッションを自動終了
警告: ryo4ryo4n66 - 開始時刻なしの終了 2025/03/26 17:50
警告: ryo4ryo4n66 - 連続する開始時刻を検出、前のセッションを自動終了
警告: ryo4ryo4n66 - 連続する開始時刻を検出、前のセッションを自動終了
エラー: ryo4ryo4n66 - 24時間超過を検出 2025/05/10 15:56 → 2025/05/12 13:03 = 2707分
警告: ryo4ryo4n66 - 開始時刻なしの終了 2025/06/13 19:47
警告: ryo4ryo4n66 - 開始時刻なしの終了 2025/07/09 13:35
情報: A - 未完了のセッション 2024/09/25 13:22
警告: osaryo523778 - 連続する開始時刻を検出、前のセッションを自動終了
エラー: kimoppy126 - 24時間超過を検出 2025/05/25 15:05 → 2025/05/28 00:03 = 3418分
警告: kimoppy126 - 連続する開始時刻を検出、前のセッションを自動終了
警告: kimoppy126 - 連続する開始時刻を検出、前のセッションを自動終了
警告: kimoppy126 - 連続する開始時刻を検出、前のセッションを自動終了
警告: kimoppy126 - 連続する開始時刻を検出、前のセッションを自動終了
情報: kimoppy126 - 未完了のセッション 2025/08/01 00:16
警告: yuta.takasu - 連続する開始時刻を検出、前のセッションを自動終了
警告: yuta.takasu - 連続する開始時刻を検出、前のセッションを自動終了
警告: yuta.takasu - 連続する開始時刻を検出、前のセッションを自動終了
警告: hinako.tsutsumi2525 - 開始時刻なしの終了 2025/06/23 14:49
警告: ujwal.kumar252725 - 連続する開始時刻を検出、前のセッションを自動終了
警告: ujwal.kumar252725 - 開始時刻なしの終了 2025/07/10 23:18
警告: ujwal.kumar252725 - 開始時刻なしの終了 2025/07/15 18:31
警告: ujwal.kumar252725 - 開始時刻なしの終了 2025/07/16 11:59
警告: ujwal.kumar252725 - 開始時刻なしの終了 2025/07/18 21:49
警告: ujwal.kumar252725 - 連続する開始時刻を検出、前のセッションを自動終了
警告: ujwal.kumar252725 - 連続する開始時刻を検出、前のセッションを自動終了
情報: ujwal.kumar252725 - 未完了のセッション 2025/07/18 21:51
警告: kouki0802.ao - 開始時刻なしの終了 2025/06/20 17:11
警告: kouki0802.ao - 開始時刻なしの終了 2025/06/28 18:25
警告: kouki0802.ao - 開始時刻なしの終了 2025/07/03 17:13
エラー: kouki0802.ao - 24時間超過を検出 2025/07/04 17:50 → 2025/07/05 17:59 = 1449分
警告: kouki0802.ao - 連続する開始時刻を検出、前のセッションを自動終了
警告: kouki0802.ao - 連続する開始時刻を検出、前のセッションを自動終了
警告: kouki0802.ao - 開始時刻なしの終了 2025/08/05 18:18
警告: marikou180522 - 連続する開始時刻を検出、前のセッションを自動終了
情報: marikou180522 - 未完了のセッション 2025/08/11 00:25
INFO:     127.0.0.1:49970 - "GET /subpage/monthly-by-user?top_users=15&months=12 HTTP/1.1" 200 OK
調整検出: Yohei Watanabe 2024/06/16 3:10 終了 → 03:10
調整検出: Yohei Watanabe 2024/06/27 0:07 開始 → 00:07
調整検出: Yohei Watanabe 2024/06/27 2:03 終了 → 02:03
調整検出: deerveryone 2024/07/12 8:50 開始：EB関連Notion管理（修正） → 08:50
調整検出: deerveryone 2024/07/12 9:20 終了 → 09:20
調整検出: lyuki093 2024/07/16 8:57 開始 → 08:57
調整検出: deerveryone 2024/07/16 9:38 開始 → 09:38
調整検出: deerveryone 2024/08/21 7:54 開始 → 07:54
調整検出: deerveryone 2024/08/21 9:02 終了 → 09:02
調整検出: deerveryone 2024/08/28 8:52 開始 → 08:52
調整検出: theoj246 2024/09/06 8:22 開始 → 08:22
調整検出: deerveryone 2024/09/06 9:20 開始（08:20に修正） → 09:20
調整検出: theoj246 2024/09/06 9:31 終了 → 09:31
調整検出: deerveryone 2024/09/09 9:45 開始 → 09:45
調整検出: deerveryone 2024/09/11 8:56 開始 → 08:56
調整検出: theoj246 2024/09/11 9:59 開始 → 09:59
調整検出: deerveryone 2024/09/11 9:40 終了 9:40 → 09:40
調整検出: theoj246 2024/09/18 0:16 終了 → 00:16
調整検出: deerveryone 2024/09/18 8:51 開始 → 08:51
調整検出: ryo4ryo4n66 2024/09/18 9:32 開始 → 09:32
調整検出: theoj246 2024/09/19 0:19 開始 → 00:19
調整検出: theoj246 2024/09/19 0:47 終了 → 00:47
調整検出: theoj246 2024/09/19 8:53 開始 → 08:53
調整検出: deerveryone 2024/09/21 9:15 開始 → 09:15
調整検出: ryo4ryo4n66 2024/09/21 9:38 開始 → 09:38
調整検出: ryo4ryo4n66 2024/09/23 0:23 開始 → 00:23
調整検出: deerveryone 2024/09/23 9:00 終了 → 09:00
調整検出: theoj246 2024/09/24 9:04 開始 → 09:04
調整検出: theoj246 2024/09/24 9:32 終了 → 09:32
調整検出: theoj246 2024/09/25 8:51 開始 → 08:51
調整検出: deerveryone 2024/09/27 9:08 開始 → 09:08
調整検出: theoj246 2024/10/06 0:45 開始 → 00:45
調整検出: theoj246 2024/10/06 1:46 終了 → 01:46
調整検出: theoj246 2024/10/07 0:05 終了 → 00:05
調整検出: theoj246 2024/10/09 0:52 開始 → 00:52
調整検出: theoj246 2024/10/09 1:19 終了 → 01:19
調整検出: theoj246 2024/10/09 9:06 開始 → 09:06
調整検出: theoj246 2024/10/09 9:58 終了 → 09:58
調整検出: theoj246 2024/10/11 9:23 開始 → 09:23
調整検出: theoj246 2024/10/13 0:29 開始 → 00:29
調整検出: theoj246 2024/10/13 1:29 終了 → 01:29
調整検出: theoj246 2024/10/13 9:31 開始 → 09:31
調整検出: osaryo523778 2024/10/17 1:18 終了 → 01:18
調整検出: theoj246 2024/10/17 8:58 開始 → 08:58
調整検出: theoj246 2024/10/17 9:43 終了 → 09:43
調整検出: osaryo523778 2024/10/18 0:00 終了 → 00:00
調整検出: theoj246 2024/10/18 9:11 開始 → 09:11
調整検出: theoj246 2024/10/20 9:53 開始 → 09:53
調整検出: osaryo523778 2024/10/21 1:10 終了 → 01:10
調整検出: osaryo523778 2024/10/21 8:03 開始 → 08:03
調整検出: theoj246 2024/10/23 8:43 開始 → 08:43
調整検出: theoj246 2024/10/23 9:40 終了 → 09:40
調整検出: osaryo523778 2024/10/26 2:53 s → 02:53
調整検出: osaryo523778 2024/10/26 4:53 f → 04:53
調整検出: theoj246 2024/10/27 0:24 s → 00:24
調整検出: theoj246 2024/10/27 1:30 f → 01:30
調整検出: theoj246 2024/10/28 0:17 s → 00:17
調整検出: theoj246 2024/10/28 1:34 f → 01:34
調整検出: ryo4ryo4n66 2024/10/29 0:57 f → 00:57
調整検出: theoj246 2024/11/04 0:02 s → 00:02
調整検出: theoj246 2024/11/04 0:18 f → 00:18
調整検出: theoj246 2024/11/08 0:51 f → 00:51
調整検出: theoj246 2024/11/10 1:26 f → 01:26
調整検出: ryo4ryo4n66 2024/11/12 0:15 f → 00:15
調整検出: osaryo523778 2024/11/16 1:34 s → 01:34
調整検出: ryo4ryo4n66 2024/11/16 2:52 f → 02:52
調整検出: osaryo523778 2024/11/16 4:21 f → 04:21
調整検出: osaryo523778 2024/11/17 0:43 f → 00:43
調整検出: theoj246 2024/11/18 0:13 s → 00:13
調整検出: theoj246 2024/11/18 0:41 f → 00:41
調整検出: theoj246 2024/11/21 0:49 f → 00:49
調整検出: theoj246 2024/11/23 2:08 f → 02:08
調整検出: theoj246 2024/11/24 1:11 f → 01:11
調整検出: osaryo523778 2024/11/26 0:26 f → 00:26
調整検出: theoj246 2024/11/28 0:49 f → 00:49
調整検出: theoj246 2024/11/29 1:33 f → 01:33
調整検出: osaryo523778 2024/12/03 1:49 f → 01:49
調整検出: ryo4ryo4n66 2024/12/06 0:53 s → 00:53
調整検出: ryo4ryo4n66 2024/12/06 2:20 f → 02:20
調整検出: osaryo523778 2024/12/10 1:17 s → 01:17
調整検出: osaryo523778 2024/12/10 3:27 f → 03:27
調整検出: theoj246 2024/12/10 8:32 s → 08:32
調整検出: theoj246 2024/12/11 9:46 s → 09:46
調整検出: theoj246 2024/12/14 9:01 s → 09:01
調整検出: info 2024/12/14 9:17 s → 09:17
調整検出: ryo4ryo4n66 2024/12/15 0:09 f → 00:09
調整検出: theoj246 2024/12/16 0:52 f → 00:52
調整検出: theoj246 2024/12/16 8:42 s → 08:42
調整検出: theoj246 2024/12/17 0:04 f → 00:04
調整検出: theoj246 2024/12/18 8:53 f -30s → 08:53
調整検出: theoj246 2024/12/18 8:53 s → 08:53
調整検出: theoj246 2024/12/19 1:03 f 22:00 → 01:03
調整検出: theoj246 2024/12/19 9:34 s → 09:34
調整検出: theoj246 2024/12/20 9:01 s → 09:01
調整検出: theoj246 2024/12/20 9:51 f → 09:51
調整検出: theoj246 2024/12/22 0:34 f → 00:34
調整検出: theoj246 2024/12/22 9:36 s → 09:36
調整検出: theoj246 2024/12/24 9:46 s → 09:46
調整検出: theoj246 2025/01/04 0:40 f → 00:40
調整検出: theoj246 2025/01/04 9:58 s → 09:58
調整検出: theoj246 2025/01/10 0:35 f → 00:35
調整検出: theoj246 2025/01/13 0:47 f → 00:47
調整検出: osaryo523778 2025/01/14 0:58 f → 00:58
調整検出: theoj246 2025/01/16 9:09 f - 21:00 → 09:09
調整検出: theoj246 2025/01/20 9:16 s → 09:16
調整検出: theoj246 2025/01/20 9:49 f → 09:49
調整検出: theoj246 2025/01/27 9:03 s → 09:03
調整検出: ryo4ryo4n66 2025/01/30 0:02 s → 00:02
調整検出: ryo4ryo4n66 2025/01/30 3:07 f → 03:07
調整検出: theoj246 2025/02/11 1:17 s → 01:17
調整検出: theoj246 2025/02/11 1:40 f → 01:40
調整検出: theoj246 2025/02/12 0:27 f → 00:27
調整検出: theoj246 2025/02/13 9:21 s → 09:21
調整検出: theoj246 2025/02/19 9:07 s → 09:07
調整検出: theoj246 2025/02/24 0:27 f → 00:27
調整検出: ryo4ryo4n66 2025/02/27 0:03 f → 00:03
調整検出: kimoppy126 2025/03/06 7:29 s → 07:29
調整検出: kimoppy126 2025/03/06 9:25 f → 09:25
調整検出: kimoppy126 2025/03/09 8:38 s → 08:38
調整検出: theoj246 2025/03/10 0:07 f → 00:07
調整検出: ryo4ryo4n66 2025/03/10 0:26 f → 00:26
調整検出: theoj246 2025/03/10 9:58 s → 09:58
調整検出: ryo4ryo4n66 2025/03/11 1:03 f -3:35 → 01:03
調整検出: theoj246 2025/03/11 1:09 f → 01:09
調整検出: theoj246 2025/03/11 9:47 s → 09:47
調整検出: theoj246 2025/03/12 0:07 f → 00:07
調整検出: theoj246 2025/03/18 0:25 f 20:20 → 00:25
調整検出: ryo4ryo4n66 2025/03/18 0:32 f 20:20 → 00:32
調整検出: ryo4ryo4n66 2025/03/18 0:32 s → 00:32
調整検出: theoj246 2025/03/18 1:13 s → 01:13
調整検出: theoj246 2025/03/18 1:35 f → 01:35
調整検出: ryo4ryo4n66 2025/03/18 1:50 f → 01:50
調整検出: ryo4ryo4n66 2025/03/22 1:18 s → 01:18
調整検出: ryo4ryo4n66 2025/03/22 2:09 f → 02:09
調整検出: theoj246 2025/03/22 5:06 f → 05:06
調整検出: theoj246 2025/03/24 0:11 f → 00:11
調整検出: theoj246 2025/03/26 0:11 s → 00:11
調整検出: theoj246 2025/03/26 1:07 f → 01:07
調整検出: ryo4ryo4n66 2025/03/26 1:11 s → 01:11
調整検出: ryo4ryo4n66 2025/03/26 1:59 f ＋ 180 → 01:59
調整検出: theoj246 2025/03/28 0:42 f → 00:42
調整検出: ryo4ryo4n66 2025/03/28 0:45 s → 00:45
調整検出: ryo4ryo4n66 2025/03/28 2:41 f → 02:41
調整検出: theoj246 2025/03/31 9:12 s → 09:12
調整検出: ryo4ryo4n66 2025/04/01 0:46 f → 00:46
調整検出: ryo4ryo4n66 2025/04/03 1:16 f → 01:16
調整検出: theoj246 2025/04/04 0:37 f → 00:37
調整検出: theoj246 2025/04/05 0:44 f → 00:44
調整検出: theoj246 2025/04/07 0:30 s → 00:30
調整検出: theoj246 2025/04/07 2:20 f → 02:20
調整検出: ryo4ryo4n66 2025/04/08 0:05 s → 00:05
調整検出: ryo4ryo4n66 2025/04/08 0:35 f → 00:35
調整検出: theoj246 2025/04/09 1:01 f → 01:01
調整検出: theoj246 2025/04/10 0:14 s → 00:14
調整検出: theoj246 2025/04/10 0:39 f → 00:39
調整検出: kimoppy126 2025/04/14 1:31 f → 01:31
調整検出: theoj246 2025/04/16 0:02 f → 00:02
調整検出: kimoppy126 2025/04/20 4:05 f → 04:05
調整検出: theoj246 2025/04/21 1:29 f → 01:29
調整検出: ryo4ryo4n66 2025/04/22 0:31 s → 00:31
調整検出: theoj246 2025/04/22 0:45 f → 00:45
調整検出: ryo4ryo4n66 2025/04/22 1:04 f → 01:04
調整検出: ryo4ryo4n66 2025/04/23 0:49 f → 00:49
調整検出: theoj246 2025/04/23 1:33 f → 01:33
調整検出: theoj246 2025/04/23 9:52 s → 09:52
調整検出: theoj246 2025/04/25 0:19 f → 00:19
調整検出: theoj246 2025/04/30 0:14 s → 00:14
調整検出: theoj246 2025/04/30 2:13 f → 02:13
調整検出: theoj246 2025/05/03 1:37 f → 01:37
調整検出: theoj246 2025/05/08 0:54 f → 00:54
調整検出: theoj246 2025/05/09 0:38 f → 00:38
調整検出: ryo4ryo4n66 2025/05/14 1:57 s → 01:57
調整検出: ryo4ryo4n66 2025/05/14 1:58 f60 → 01:58
調整検出: theoj246 2025/05/16 1:11 f → 01:11
調整検出: theoj246 2025/05/17 2:51 f → 02:51
調整検出: theoj246 2025/05/18 0:18 f → 00:18
調整検出: theoj246 2025/05/19 4:43 s → 04:43
調整検出: theoj246 2025/05/19 8:22 f → 08:22
調整検出: theoj246 2025/05/21 9:22 s → 09:22
調整検出: theoj246 2025/05/22 9:16 s → 09:16
調整検出: ryo4ryo4n66 2025/05/23 0:40 s → 00:40
調整検出: ryo4ryo4n66 2025/05/23 2:15 f → 02:15
調整検出: theoj246 2025/05/23 9:34 s → 09:34
調整検出: ryo4ryo4n66 2025/05/24 0:09 s → 00:09
調整検出: ryo4ryo4n66 2025/05/24 1:17 f → 01:17
調整検出: theoj246 2025/05/24 8:51 s → 08:51
調整検出: theoj246 2025/05/26 8:47 s → 08:47
調整検出: ryo4ryo4n66 2025/05/27 1:36 s → 01:36
調整検出: ryo4ryo4n66 2025/05/27 3:04 f → 03:04
調整検出: kimoppy126 2025/05/28 0:03 f 5/25 19:00 → 00:03
調整検出: theoj246 2025/05/28 0:43 f → 00:43
調整検出: theoj246 2025/05/28 9:56 s → 09:56
調整検出: theoj246 2025/05/29 0:41 s → 00:41
調整検出: theoj246 2025/05/29 2:22 f → 02:22
調整検出: ryo4ryo4n66 2025/05/31 0:58 f → 00:58
調整検出: ryo4ryo4n66 2025/06/02 0:08 s → 00:08
調整検出: ryo4ryo4n66 2025/06/02 2:12 f → 02:12
調整検出: hinako.tsutsumi2525 2025/06/05 1:51 s → 01:51
調整検出: theoj246 2025/06/05 1:57 f → 01:57
調整検出: hinako.tsutsumi2525 2025/06/05 2:28 f → 02:28
調整検出: ujwal.kumar252725 2025/06/05 8:00 f 23:30 → 08:00
調整検出: hinako.tsutsumi2525 2025/06/06 2:15 s → 02:15
調整検出: hinako.tsutsumi2525 2025/06/06 3:24 f → 03:24
調整検出: hinako.tsutsumi2525 2025/06/07 0:22 s → 00:22
調整検出: hinako.tsutsumi2525 2025/06/07 0:57 f → 00:57
調整検出: hinako.tsutsumi2525 2025/06/07 1:45 s → 01:45
調整検出: hinako.tsutsumi2525 2025/06/07 2:08 f → 02:08
調整検出: ujwal.kumar252725 2025/06/09 9:32 f 17:30 → 09:32
調整検出: theoj246 2025/06/10 3:09 f 2:00 → 03:09
調整検出: hinako.tsutsumi2525 2025/06/11 1:05 s → 01:05
調整検出: theoj246 2025/06/11 1:43 f → 01:43
調整検出: hinako.tsutsumi2525 2025/06/11 1:53 f → 01:53
調整検出: ujwal.kumar252725 2025/06/14 8:15 f 11:30 → 08:15
調整検出: hinako.tsutsumi2525 2025/06/16 9:05 s → 09:05
調整検出: ryo4ryo4n66 2025/06/17 1:47 s → 01:47
調整検出: hinako.tsutsumi2525 2025/06/17 2:00 s → 02:00
調整検出: hinako.tsutsumi2525 2025/06/17 2:53 f → 02:53
調整検出: ryo4ryo4n66 2025/06/17 3:51 f → 03:51
調整検出: hinako.tsutsumi2525 2025/06/18 1:32 s → 01:32
調整検出: theoj246 2025/06/18 2:21 f → 02:21
調整検出: hinako.tsutsumi2525 2025/06/18 2:36 f → 02:36
調整検出: hinako.tsutsumi2525 2025/06/19 1:27 s → 01:27
調整検出: hinako.tsutsumi2525 2025/06/19 4:03 f → 04:03
調整検出: hinako.tsutsumi2525 2025/06/20 0:02 s → 00:02
調整検出: hinako.tsutsumi2525 2025/06/20 0:37 f → 00:37
調整検出: hinako.tsutsumi2525 2025/06/21 0:08 s → 00:08
調整検出: theoj246 2025/06/21 0:58 s → 00:58
調整検出: theoj246 2025/06/21 1:56 f → 01:56
調整検出: hinako.tsutsumi2525 2025/06/21 2:19 f → 02:19
調整検出: hinako.tsutsumi2525 2025/06/22 1:56 s → 01:56
調整検出: hinako.tsutsumi2525 2025/06/22 2:39 f → 02:39
調整検出: hinako.tsutsumi2525 2025/06/23 9:43 s → 09:43
調整検出: kouki0802.ao 2025/06/24 0:43 s 00:00 → 00:43
調整検出: kouki0802.ao 2025/06/24 0:44 f 00:30 → 00:44
調整検出: theoj246 2025/06/24 2:31 f → 02:31
調整検出: theoj246 2025/06/25 0:57 f → 00:57
調整検出: ryo4ryo4n66 2025/06/26 0:37 s → 00:37
調整検出: hinako.tsutsumi2525 2025/06/26 1:12 s → 01:12
調整検出: ryo4ryo4n66 2025/06/26 2:23 f → 02:23
調整検出: hinako.tsutsumi2525 2025/06/26 3:48 f → 03:48
調整検出: hinako.tsutsumi2525 2025/06/26 4:44 s → 04:44
調整検出: hinako.tsutsumi2525 2025/06/26 4:51 f → 04:51
調整検出: theoj246 2025/06/29 0:33 f → 00:33
調整検出: hinako.tsutsumi2525 2025/06/29 2:00 s → 02:00
調整検出: hinako.tsutsumi2525 2025/06/29 2:17 f → 02:17
調整検出: kimoppy126 2025/06/30 1:42 f → 01:42
調整検出: theoj246 2025/06/30 2:55 f → 02:55
調整検出: hinako.tsutsumi2525 2025/07/01 2:46 s → 02:46
調整検出: hinako.tsutsumi2525 2025/07/01 4:05 f → 04:05
調整検出: hinako.tsutsumi2525 2025/07/02 9:27 s → 09:27
調整検出: theoj246 2025/07/04 4:17 f → 04:17
調整検出: theoj246 2025/07/04 4:59 s → 04:59
調整検出: theoj246 2025/07/04 6:48 f → 06:48
調整検出: theoj246 2025/07/04 7:20 s → 07:20
調整検出: theoj246 2025/07/04 7:53 f → 07:53
調整検出: hinako.tsutsumi2525 2025/07/07 3:46 s → 03:46
調整検出: hinako.tsutsumi2525 2025/07/07 4:09 f → 04:09
調整検出: hinako.tsutsumi2525 2025/07/08 0:54 s → 00:54
調整検出: hinako.tsutsumi2525 2025/07/08 2:03 f → 02:03
調整検出: ryo4ryo4n66 2025/07/09 0:36 f → 00:36
調整検出: kimoppy126 2025/07/09 0:57 s → 00:57
調整検出: hinako.tsutsumi2525 2025/07/09 9:50 s → 09:50
調整検出: ryo4ryo4n66 2025/07/10 0:14 s → 00:14
調整検出: ryo4ryo4n66 2025/07/10 1:04 f → 01:04
調整検出: kouki0802.ao 2025/07/11 1:30 s 1:00 → 01:30
調整検出: kouki0802.ao 2025/07/11 2:50 f → 02:50
調整検出: theoj246 2025/07/15 0:12 f → 00:12
調整検出: ryo4ryo4n66 2025/07/17 1:12 s → 01:12
調整検出: ryo4ryo4n66 2025/07/17 1:46 f +72 → 01:46
調整検出: hinako.tsutsumi2525 2025/07/19 1:44 s → 01:44
調整検出: hinako.tsutsumi2525 2025/07/19 2:32 f → 02:32
調整検出: kouki0802.ao 2025/07/19 2:40 s +20 → 02:40
調整検出: kouki0802.ao 2025/07/19 3:17 f → 03:17
調整検出: kouki0802.ao 2025/07/21 0:16 s → 00:16
調整検出: kouki0802.ao 2025/07/21 0:52 f → 00:52
調整検出: hinako.tsutsumi2525 2025/07/23 3:56 s → 03:56
調整検出: hinako.tsutsumi2525 2025/07/23 4:28 f → 04:28
調整検出: theoj246 2025/07/25 1:20 f → 01:20
調整検出: hinako.tsutsumi2525 2025/07/25 2:42 s → 02:42
調整検出: ryo4ryo4n66 2025/07/25 2:46 f → 02:46
調整検出: hinako.tsutsumi2525 2025/07/25 4:14 f → 04:14
調整検出: erin.isozu 2025/07/26 0:34 f → 00:34
調整検出: theoj246 2025/07/27 0:17 s → 00:17
調整検出: theoj246 2025/07/27 2:32 f → 02:32
調整検出: hinako.tsutsumi2525 2025/07/28 1:19 s → 01:19
調整検出: hinako.tsutsumi2525 2025/07/28 2:37 f → 02:37
調整検出: yuta.takasu 2025/07/28 9:14 s aoki → 09:14
調整検出: yuta.takasu 2025/07/28 9:26 f aoki → 09:26
調整検出: kouki0802.ao 2025/07/30 0:14 f 18:21 → 00:14
調整検出: ryo4ryo4n66 2025/07/30 0:16 f → 00:16
調整検出: kouki0802.ao 2025/07/30 0:17 s → 00:17
調整検出: kouki0802.ao 2025/07/30 1:57 f → 01:57
調整検出: ryo4ryo4n66 2025/07/31 0:40 s → 00:40
調整検出: ryo4ryo4n66 2025/07/31 3:35 f → 03:35
調整検出: yuta.takasu 2025/07/31 9:19 s aoki → 09:19
調整検出: yuta.takasu 2025/07/31 9:34 f aoki → 09:34
調整検出: hinako.tsutsumi2525 2025/07/31 9:38 s → 09:38
調整検出: kouki0802.ao 2025/08/01 0:13 f → 00:13
調整検出: kimoppy126 2025/08/01 0:16 s → 00:16
調整検出: ryo4ryo4n66 2025/08/04 0:19 s → 00:19
調整検出: ryo4ryo4n66 2025/08/04 1:10 f +90 → 01:10
調整検出: erin.isozu 2025/08/05 1:52 f → 01:52
メッセージから調整検出: f-20 → -20分調整
調整検出: marikou180522 2025/08/06 19:39 f-20 → 19:19
調整検出: ryo4ryo4n66 2025/08/07 0:57 s → 00:57
調整検出: marikou180522 2025/08/07 1:01 f → 01:01
調整検出: erin.isozu 2025/08/07 2:07 s → 02:07
調整検出: ryo4ryo4n66 2025/08/07 3:14 f → 03:14
調整検出: erin.isozu 2025/08/07 4:12 f → 04:12
メッセージから調整検出: s+60 → 60分調整
調整検出: marikou180522 2025/08/07 19:32 s+60 → 18:32
メッセージから調整検出: s+20 → 20分調整
調整検出: marikou180522 2025/08/07 23:58 s+20 → 23:38
調整検出: ryo4ryo4n66 2025/08/08 0:36 s → 00:36
調整検出: marikou180522 2025/08/08 0:47 f → 00:47
調整検出: theoj246 2025/08/08 1:38 f → 01:38
調整検出: ryo4ryo4n66 2025/08/08 4:40 f → 04:40
調整検出: marikou180522 2025/08/08 6:04 s → 06:04
調整検出: marikou180522 2025/08/08 8:00 f → 08:00
メッセージから調整検出: f-45 → -45分調整
調整検出: marikou180522 2025/08/08 19:30 f-45 → 18:45
調整検出: erin.isozu 2025/08/09 0:17 s → 00:17
調整検出: ryo4ryo4n66 2025/08/09 0:48 s → 00:48
調整検出: erin.isozu 2025/08/09 1:50 f → 01:50
調整検出: ryo4ryo4n66 2025/08/09 2:52 f → 02:52
調整検出: erin.isozu 2025/08/09 4:44 s → 04:44
調整検出: erin.isozu 2025/08/09 6:08 f -40 → 06:08
調整検出: theoj246 2025/08/09 9:30 s → 09:30
調整検出: erin.isozu 2025/08/10 0:14 f → 00:14
調整検出: erin.isozu 2025/08/10 0:46 s → 00:46
調整検出: erin.isozu 2025/08/10 2:09 f → 02:09
調整検出: erin.isozu 2025/08/10 4:12 s → 04:12
調整検出: erin.isozu 2025/08/10 6:33 f → 06:33
調整検出: kouki0802.ao 2025/08/11 0:10 f → 00:10
調整検出: erin.isozu 2025/08/11 1:04 f → 01:04
メッセージから調整検出: s+90 → 90分調整
調整検出: marikou180522 2025/08/11 1:55 s+90 → 00:25
警告: Yohei Watanabe - 開始時刻なしの終了 2024/06/21 21:30
警告: Yohei Watanabe - 連続する開始時刻を検出、前のセッションを自動終了
警告: deerveryone - 開始時刻なしの終了 2024/09/05 18:54
警告: deerveryone - 開始時刻なしの終了 2024/09/05 21:10
警告: info - 開始時刻なしの終了 2024/10/31 18:03
警告: info - 連続する開始時刻を検出、前のセッションを自動終了
エラー: info - 24時間超過を検出 2024/12/14 09:17 → 2025/05/20 13:44 = 226347分
警告: info - 開始時刻なしの終了 2025/07/18 21:49
情報: info - 未完了のセッション 2025/07/18 21:51
警告: theoj246 - 連続する開始時刻を検出、前のセッションを自動終了
警告: theoj246 - 開始時刻なしの終了 2025/03/06 16:51
警告: theoj246 - 連続する開始時刻を検出、前のセッションを自動終了
警告: theoj246 - 開始時刻なしの終了 2025/03/10 17:58
警告: theoj246 - 開始時刻なしの終了 2025/03/10 19:05
警告: theoj246 - 連続する開始時刻を検出、前のセッションを自動終了
警告: theoj246 - 開始時刻なしの終了 2025/03/11 01:09
警告: theoj246 - 連続する開始時刻を検出、前のセッションを自動終了
警告: theoj246 - 連続する開始時刻を検出、前のセッションを自動終了
エラー: theoj246 - 24時間超過を検出 2025/07/12 15:51 → 2025/07/14 10:34 = 2563分
警告: theoj246 - 連続する開始時刻を検出、前のセッションを自動終了
警告: theoj246 - 開始時刻なしの終了 2025/08/06 13:33
エラー: ryo4ryo4n66 - 24時間超過を検出 2024/11/02 13:59 → 2024/11/03 15:36 = 1537分
警告: ryo4ryo4n66 - 連続する開始時刻を検出、前のセッションを自動終了
警告: ryo4ryo4n66 - 連続する開始時刻を検出、前のセッションを自動終了
警告: ryo4ryo4n66 - 開始時刻なしの終了 2025/03/11 14:15
警告: ryo4ryo4n66 - 連続する開始時刻を検出、前のセッションを自動終了
警告: ryo4ryo4n66 - 開始時刻なしの終了 2025/03/26 17:50
警告: ryo4ryo4n66 - 連続する開始時刻を検出、前のセッションを自動終了
警告: ryo4ryo4n66 - 連続する開始時刻を検出、前のセッションを自動終了
エラー: ryo4ryo4n66 - 24時間超過を検出 2025/05/10 15:56 → 2025/05/12 13:03 = 2707分
警告: ryo4ryo4n66 - 開始時刻なしの終了 2025/06/13 19:47
警告: ryo4ryo4n66 - 開始時刻なしの終了 2025/07/09 13:35
情報: A - 未完了のセッション 2024/09/25 13:22
警告: osaryo523778 - 連続する開始時刻を検出、前のセッションを自動終了
エラー: kimoppy126 - 24時間超過を検出 2025/05/25 15:05 → 2025/05/28 00:03 = 3418分
警告: kimoppy126 - 連続する開始時刻を検出、前のセッションを自動終了
警告: kimoppy126 - 連続する開始時刻を検出、前のセッションを自動終了
警告: kimoppy126 - 連続する開始時刻を検出、前のセッションを自動終了
警告: kimoppy126 - 連続する開始時刻を検出、前のセッションを自動終了
情報: kimoppy126 - 未完了のセッション 2025/08/01 00:16
警告: yuta.takasu - 連続する開始時刻を検出、前のセッションを自動終了
警告: yuta.takasu - 連続する開始時刻を検出、前のセッションを自動終了
警告: yuta.takasu - 連続する開始時刻を検出、前のセッションを自動終了
警告: hinako.tsutsumi2525 - 開始時刻なしの終了 2025/06/23 14:49
警告: ujwal.kumar252725 - 連続する開始時刻を検出、前のセッションを自動終了
警告: ujwal.kumar252725 - 開始時刻なしの終了 2025/07/10 23:18
警告: ujwal.kumar252725 - 開始時刻なしの終了 2025/07/15 18:31
警告: ujwal.kumar252725 - 開始時刻なしの終了 2025/07/16 11:59
警告: ujwal.kumar252725 - 開始時刻なしの終了 2025/07/18 21:49
警告: ujwal.kumar252725 - 連続する開始時刻を検出、前のセッションを自動終了
警告: ujwal.kumar252725 - 連続する開始時刻を検出、前のセッションを自動終了
情報: ujwal.kumar252725 - 未完了のセッション 2025/07/18 21:51
警告: kouki0802.ao - 開始時刻なしの終了 2025/06/20 17:11
警告: kouki0802.ao - 開始時刻なしの終了 2025/06/28 18:25
警告: kouki0802.ao - 開始時刻なしの終了 2025/07/03 17:13
エラー: kouki0802.ao - 24時間超過を検出 2025/07/04 17:50 → 2025/07/05 17:59 = 1449分
警告: kouki0802.ao - 連続する開始時刻を検出、前のセッションを自動終了
警告: kouki0802.ao - 連続する開始時刻を検出、前のセッションを自動終了
警告: kouki0802.ao - 開始時刻なしの終了 2025/08/05 18:18
警告: marikou180522 - 連続する開始時刻を検出、前のセッションを自動終了
情報: marikou180522 - 未完了のセッション 2025/08/11 00:25
INFO:     127.0.0.1:50130 - "GET /subpage/update?limit=1&months=1 HTTP/1.1" 200 OK
調整検出: Yohei Watanabe 2024/06/16 3:10 終了 → 03:10
調整検出: Yohei Watanabe 2024/06/27 0:07 開始 → 00:07
調整検出: Yohei Watanabe 2024/06/27 2:03 終了 → 02:03
調整検出: deerveryone 2024/07/12 8:50 開始：EB関連Notion管理（修正） → 08:50
調整検出: deerveryone 2024/07/12 9:20 終了 → 09:20
調整検出: lyuki093 2024/07/16 8:57 開始 → 08:57
調整検出: deerveryone 2024/07/16 9:38 開始 → 09:38
調整検出: deerveryone 2024/08/21 7:54 開始 → 07:54
調整検出: deerveryone 2024/08/21 9:02 終了 → 09:02
調整検出: deerveryone 2024/08/28 8:52 開始 → 08:52
調整検出: theoj246 2024/09/06 8:22 開始 → 08:22
調整検出: deerveryone 2024/09/06 9:20 開始（08:20に修正） → 09:20
調整検出: theoj246 2024/09/06 9:31 終了 → 09:31
調整検出: deerveryone 2024/09/09 9:45 開始 → 09:45
調整検出: deerveryone 2024/09/11 8:56 開始 → 08:56
調整検出: theoj246 2024/09/11 9:59 開始 → 09:59
調整検出: deerveryone 2024/09/11 9:40 終了 9:40 → 09:40
調整検出: theoj246 2024/09/18 0:16 終了 → 00:16
調整検出: deerveryone 2024/09/18 8:51 開始 → 08:51
調整検出: ryo4ryo4n66 2024/09/18 9:32 開始 → 09:32
調整検出: theoj246 2024/09/19 0:19 開始 → 00:19
調整検出: theoj246 2024/09/19 0:47 終了 → 00:47
調整検出: theoj246 2024/09/19 8:53 開始 → 08:53
調整検出: deerveryone 2024/09/21 9:15 開始 → 09:15
調整検出: ryo4ryo4n66 2024/09/21 9:38 開始 → 09:38
調整検出: ryo4ryo4n66 2024/09/23 0:23 開始 → 00:23
調整検出: deerveryone 2024/09/23 9:00 終了 → 09:00
調整検出: theoj246 2024/09/24 9:04 開始 → 09:04
調整検出: theoj246 2024/09/24 9:32 終了 → 09:32
調整検出: theoj246 2024/09/25 8:51 開始 → 08:51
調整検出: deerveryone 2024/09/27 9:08 開始 → 09:08
調整検出: theoj246 2024/10/06 0:45 開始 → 00:45
調整検出: theoj246 2024/10/06 1:46 終了 → 01:46
調整検出: theoj246 2024/10/07 0:05 終了 → 00:05
調整検出: theoj246 2024/10/09 0:52 開始 → 00:52
調整検出: theoj246 2024/10/09 1:19 終了 → 01:19
調整検出: theoj246 2024/10/09 9:06 開始 → 09:06
調整検出: theoj246 2024/10/09 9:58 終了 → 09:58
調整検出: theoj246 2024/10/11 9:23 開始 → 09:23
調整検出: theoj246 2024/10/13 0:29 開始 → 00:29
調整検出: theoj246 2024/10/13 1:29 終了 → 01:29
調整検出: theoj246 2024/10/13 9:31 開始 → 09:31
調整検出: osaryo523778 2024/10/17 1:18 終了 → 01:18
調整検出: theoj246 2024/10/17 8:58 開始 → 08:58
調整検出: theoj246 2024/10/17 9:43 終了 → 09:43
調整検出: osaryo523778 2024/10/18 0:00 終了 → 00:00
調整検出: theoj246 2024/10/18 9:11 開始 → 09:11
調整検出: theoj246 2024/10/20 9:53 開始 → 09:53
調整検出: osaryo523778 2024/10/21 1:10 終了 → 01:10
調整検出: osaryo523778 2024/10/21 8:03 開始 → 08:03
調整検出: theoj246 2024/10/23 8:43 開始 → 08:43
調整検出: theoj246 2024/10/23 9:40 終了 → 09:40
調整検出: osaryo523778 2024/10/26 2:53 s → 02:53
調整検出: osaryo523778 2024/10/26 4:53 f → 04:53
調整検出: theoj246 2024/10/27 0:24 s → 00:24
調整検出: theoj246 2024/10/27 1:30 f → 01:30
調整検出: theoj246 2024/10/28 0:17 s → 00:17
調整検出: theoj246 2024/10/28 1:34 f → 01:34
調整検出: ryo4ryo4n66 2024/10/29 0:57 f → 00:57
調整検出: theoj246 2024/11/04 0:02 s → 00:02
調整検出: theoj246 2024/11/04 0:18 f → 00:18
調整検出: theoj246 2024/11/08 0:51 f → 00:51
調整検出: theoj246 2024/11/10 1:26 f → 01:26
調整検出: ryo4ryo4n66 2024/11/12 0:15 f → 00:15
調整検出: osaryo523778 2024/11/16 1:34 s → 01:34
調整検出: ryo4ryo4n66 2024/11/16 2:52 f → 02:52
調整検出: osaryo523778 2024/11/16 4:21 f → 04:21
調整検出: osaryo523778 2024/11/17 0:43 f → 00:43
調整検出: theoj246 2024/11/18 0:13 s → 00:13
調整検出: theoj246 2024/11/18 0:41 f → 00:41
調整検出: theoj246 2024/11/21 0:49 f → 00:49
調整検出: theoj246 2024/11/23 2:08 f → 02:08
調整検出: theoj246 2024/11/24 1:11 f → 01:11
調整検出: osaryo523778 2024/11/26 0:26 f → 00:26
調整検出: theoj246 2024/11/28 0:49 f → 00:49
調整検出: theoj246 2024/11/29 1:33 f → 01:33
調整検出: osaryo523778 2024/12/03 1:49 f → 01:49
調整検出: ryo4ryo4n66 2024/12/06 0:53 s → 00:53
調整検出: ryo4ryo4n66 2024/12/06 2:20 f → 02:20
調整検出: osaryo523778 2024/12/10 1:17 s → 01:17
調整検出: osaryo523778 2024/12/10 3:27 f → 03:27
調整検出: theoj246 2024/12/10 8:32 s → 08:32
調整検出: theoj246 2024/12/11 9:46 s → 09:46
調整検出: theoj246 2024/12/14 9:01 s → 09:01
調整検出: info 2024/12/14 9:17 s → 09:17
調整検出: ryo4ryo4n66 2024/12/15 0:09 f → 00:09
調整検出: theoj246 2024/12/16 0:52 f → 00:52
調整検出: theoj246 2024/12/16 8:42 s → 08:42
調整検出: theoj246 2024/12/17 0:04 f → 00:04
調整検出: theoj246 2024/12/18 8:53 f -30s → 08:53
調整検出: theoj246 2024/12/18 8:53 s → 08:53
調整検出: theoj246 2024/12/19 1:03 f 22:00 → 01:03
調整検出: theoj246 2024/12/19 9:34 s → 09:34
調整検出: theoj246 2024/12/20 9:01 s → 09:01
調整検出: theoj246 2024/12/20 9:51 f → 09:51
調整検出: theoj246 2024/12/22 0:34 f → 00:34
調整検出: theoj246 2024/12/22 9:36 s → 09:36
調整検出: theoj246 2024/12/24 9:46 s → 09:46
調整検出: theoj246 2025/01/04 0:40 f → 00:40
調整検出: theoj246 2025/01/04 9:58 s → 09:58
調整検出: theoj246 2025/01/10 0:35 f → 00:35
調整検出: theoj246 2025/01/13 0:47 f → 00:47
調整検出: osaryo523778 2025/01/14 0:58 f → 00:58
調整検出: theoj246 2025/01/16 9:09 f - 21:00 → 09:09
調整検出: theoj246 2025/01/20 9:16 s → 09:16
調整検出: theoj246 2025/01/20 9:49 f → 09:49
調整検出: theoj246 2025/01/27 9:03 s → 09:03
調整検出: ryo4ryo4n66 2025/01/30 0:02 s → 00:02
調整検出: ryo4ryo4n66 2025/01/30 3:07 f → 03:07
調整検出: theoj246 2025/02/11 1:17 s → 01:17
調整検出: theoj246 2025/02/11 1:40 f → 01:40
調整検出: theoj246 2025/02/12 0:27 f → 00:27
調整検出: theoj246 2025/02/13 9:21 s → 09:21
調整検出: theoj246 2025/02/19 9:07 s → 09:07
調整検出: theoj246 2025/02/24 0:27 f → 00:27
調整検出: ryo4ryo4n66 2025/02/27 0:03 f → 00:03
調整検出: kimoppy126 2025/03/06 7:29 s → 07:29
調整検出: kimoppy126 2025/03/06 9:25 f → 09:25
調整検出: kimoppy126 2025/03/09 8:38 s → 08:38
調整検出: theoj246 2025/03/10 0:07 f → 00:07
調整検出: ryo4ryo4n66 2025/03/10 0:26 f → 00:26
調整検出: theoj246 2025/03/10 9:58 s → 09:58
調整検出: ryo4ryo4n66 2025/03/11 1:03 f -3:35 → 01:03
調整検出: theoj246 2025/03/11 1:09 f → 01:09
調整検出: theoj246 2025/03/11 9:47 s → 09:47
調整検出: theoj246 2025/03/12 0:07 f → 00:07
調整検出: theoj246 2025/03/18 0:25 f 20:20 → 00:25
調整検出: ryo4ryo4n66 2025/03/18 0:32 f 20:20 → 00:32
調整検出: ryo4ryo4n66 2025/03/18 0:32 s → 00:32
調整検出: theoj246 2025/03/18 1:13 s → 01:13
調整検出: theoj246 2025/03/18 1:35 f → 01:35
調整検出: ryo4ryo4n66 2025/03/18 1:50 f → 01:50
調整検出: ryo4ryo4n66 2025/03/22 1:18 s → 01:18
調整検出: ryo4ryo4n66 2025/03/22 2:09 f → 02:09
調整検出: theoj246 2025/03/22 5:06 f → 05:06
調整検出: theoj246 2025/03/24 0:11 f → 00:11
調整検出: theoj246 2025/03/26 0:11 s → 00:11
調整検出: theoj246 2025/03/26 1:07 f → 01:07
調整検出: ryo4ryo4n66 2025/03/26 1:11 s → 01:11
調整検出: ryo4ryo4n66 2025/03/26 1:59 f ＋ 180 → 01:59
調整検出: theoj246 2025/03/28 0:42 f → 00:42
調整検出: ryo4ryo4n66 2025/03/28 0:45 s → 00:45
調整検出: ryo4ryo4n66 2025/03/28 2:41 f → 02:41
調整検出: theoj246 2025/03/31 9:12 s → 09:12
調整検出: ryo4ryo4n66 2025/04/01 0:46 f → 00:46
調整検出: ryo4ryo4n66 2025/04/03 1:16 f → 01:16
調整検出: theoj246 2025/04/04 0:37 f → 00:37
調整検出: theoj246 2025/04/05 0:44 f → 00:44
調整検出: theoj246 2025/04/07 0:30 s → 00:30
調整検出: theoj246 2025/04/07 2:20 f → 02:20
調整検出: ryo4ryo4n66 2025/04/08 0:05 s → 00:05
調整検出: ryo4ryo4n66 2025/04/08 0:35 f → 00:35
調整検出: theoj246 2025/04/09 1:01 f → 01:01
調整検出: theoj246 2025/04/10 0:14 s → 00:14
調整検出: theoj246 2025/04/10 0:39 f → 00:39
調整検出: kimoppy126 2025/04/14 1:31 f → 01:31
調整検出: theoj246 2025/04/16 0:02 f → 00:02
調整検出: kimoppy126 2025/04/20 4:05 f → 04:05
調整検出: theoj246 2025/04/21 1:29 f → 01:29
調整検出: ryo4ryo4n66 2025/04/22 0:31 s → 00:31
調整検出: theoj246 2025/04/22 0:45 f → 00:45
調整検出: ryo4ryo4n66 2025/04/22 1:04 f → 01:04
調整検出: ryo4ryo4n66 2025/04/23 0:49 f → 00:49
調整検出: theoj246 2025/04/23 1:33 f → 01:33
調整検出: theoj246 2025/04/23 9:52 s → 09:52
調整検出: theoj246 2025/04/25 0:19 f → 00:19
調整検出: theoj246 2025/04/30 0:14 s → 00:14
調整検出: theoj246 2025/04/30 2:13 f → 02:13
調整検出: theoj246 2025/05/03 1:37 f → 01:37
調整検出: theoj246 2025/05/08 0:54 f → 00:54
調整検出: theoj246 2025/05/09 0:38 f → 00:38
調整検出: ryo4ryo4n66 2025/05/14 1:57 s → 01:57
調整検出: ryo4ryo4n66 2025/05/14 1:58 f60 → 01:58
調整検出: theoj246 2025/05/16 1:11 f → 01:11
調整検出: theoj246 2025/05/17 2:51 f → 02:51
調整検出: theoj246 2025/05/18 0:18 f → 00:18
調整検出: theoj246 2025/05/19 4:43 s → 04:43
調整検出: theoj246 2025/05/19 8:22 f → 08:22
調整検出: theoj246 2025/05/21 9:22 s → 09:22
調整検出: theoj246 2025/05/22 9:16 s → 09:16
調整検出: ryo4ryo4n66 2025/05/23 0:40 s → 00:40
調整検出: ryo4ryo4n66 2025/05/23 2:15 f → 02:15
調整検出: theoj246 2025/05/23 9:34 s → 09:34
調整検出: ryo4ryo4n66 2025/05/24 0:09 s → 00:09
調整検出: ryo4ryo4n66 2025/05/24 1:17 f → 01:17
調整検出: theoj246 2025/05/24 8:51 s → 08:51
調整検出: theoj246 2025/05/26 8:47 s → 08:47
調整検出: ryo4ryo4n66 2025/05/27 1:36 s → 01:36
調整検出: ryo4ryo4n66 2025/05/27 3:04 f → 03:04
調整検出: kimoppy126 2025/05/28 0:03 f 5/25 19:00 → 00:03
調整検出: theoj246 2025/05/28 0:43 f → 00:43
調整検出: theoj246 2025/05/28 9:56 s → 09:56
調整検出: theoj246 2025/05/29 0:41 s → 00:41
調整検出: theoj246 2025/05/29 2:22 f → 02:22
調整検出: ryo4ryo4n66 2025/05/31 0:58 f → 00:58
調整検出: ryo4ryo4n66 2025/06/02 0:08 s → 00:08
調整検出: ryo4ryo4n66 2025/06/02 2:12 f → 02:12
調整検出: hinako.tsutsumi2525 2025/06/05 1:51 s → 01:51
調整検出: theoj246 2025/06/05 1:57 f → 01:57
調整検出: hinako.tsutsumi2525 2025/06/05 2:28 f → 02:28
調整検出: ujwal.kumar252725 2025/06/05 8:00 f 23:30 → 08:00
調整検出: hinako.tsutsumi2525 2025/06/06 2:15 s → 02:15
調整検出: hinako.tsutsumi2525 2025/06/06 3:24 f → 03:24
調整検出: hinako.tsutsumi2525 2025/06/07 0:22 s → 00:22
調整検出: hinako.tsutsumi2525 2025/06/07 0:57 f → 00:57
調整検出: hinako.tsutsumi2525 2025/06/07 1:45 s → 01:45
調整検出: hinako.tsutsumi2525 2025/06/07 2:08 f → 02:08
調整検出: ujwal.kumar252725 2025/06/09 9:32 f 17:30 → 09:32
調整検出: theoj246 2025/06/10 3:09 f 2:00 → 03:09
調整検出: hinako.tsutsumi2525 2025/06/11 1:05 s → 01:05
調整検出: theoj246 2025/06/11 1:43 f → 01:43
調整検出: hinako.tsutsumi2525 2025/06/11 1:53 f → 01:53
調整検出: ujwal.kumar252725 2025/06/14 8:15 f 11:30 → 08:15
調整検出: hinako.tsutsumi2525 2025/06/16 9:05 s → 09:05
調整検出: ryo4ryo4n66 2025/06/17 1:47 s → 01:47
調整検出: hinako.tsutsumi2525 2025/06/17 2:00 s → 02:00
調整検出: hinako.tsutsumi2525 2025/06/17 2:53 f → 02:53
調整検出: ryo4ryo4n66 2025/06/17 3:51 f → 03:51
調整検出: hinako.tsutsumi2525 2025/06/18 1:32 s → 01:32
調整検出: theoj246 2025/06/18 2:21 f → 02:21
調整検出: hinako.tsutsumi2525 2025/06/18 2:36 f → 02:36
調整検出: hinako.tsutsumi2525 2025/06/19 1:27 s → 01:27
調整検出: hinako.tsutsumi2525 2025/06/19 4:03 f → 04:03
調整検出: hinako.tsutsumi2525 2025/06/20 0:02 s → 00:02
調整検出: hinako.tsutsumi2525 2025/06/20 0:37 f → 00:37
調整検出: hinako.tsutsumi2525 2025/06/21 0:08 s → 00:08
調整検出: theoj246 2025/06/21 0:58 s → 00:58
調整検出: theoj246 2025/06/21 1:56 f → 01:56
調整検出: hinako.tsutsumi2525 2025/06/21 2:19 f → 02:19
調整検出: hinako.tsutsumi2525 2025/06/22 1:56 s → 01:56
調整検出: hinako.tsutsumi2525 2025/06/22 2:39 f → 02:39
調整検出: hinako.tsutsumi2525 2025/06/23 9:43 s → 09:43
調整検出: kouki0802.ao 2025/06/24 0:43 s 00:00 → 00:43
調整検出: kouki0802.ao 2025/06/24 0:44 f 00:30 → 00:44
調整検出: theoj246 2025/06/24 2:31 f → 02:31
調整検出: theoj246 2025/06/25 0:57 f → 00:57
調整検出: ryo4ryo4n66 2025/06/26 0:37 s → 00:37
調整検出: hinako.tsutsumi2525 2025/06/26 1:12 s → 01:12
調整検出: ryo4ryo4n66 2025/06/26 2:23 f → 02:23
調整検出: hinako.tsutsumi2525 2025/06/26 3:48 f → 03:48
調整検出: hinako.tsutsumi2525 2025/06/26 4:44 s → 04:44
調整検出: hinako.tsutsumi2525 2025/06/26 4:51 f → 04:51
調整検出: theoj246 2025/06/29 0:33 f → 00:33
調整検出: hinako.tsutsumi2525 2025/06/29 2:00 s → 02:00
調整検出: hinako.tsutsumi2525 2025/06/29 2:17 f → 02:17
調整検出: kimoppy126 2025/06/30 1:42 f → 01:42
調整検出: theoj246 2025/06/30 2:55 f → 02:55
調整検出: hinako.tsutsumi2525 2025/07/01 2:46 s → 02:46
調整検出: hinako.tsutsumi2525 2025/07/01 4:05 f → 04:05
調整検出: hinako.tsutsumi2525 2025/07/02 9:27 s → 09:27
調整検出: theoj246 2025/07/04 4:17 f → 04:17
調整検出: theoj246 2025/07/04 4:59 s → 04:59
調整検出: theoj246 2025/07/04 6:48 f → 06:48
調整検出: theoj246 2025/07/04 7:20 s → 07:20
調整検出: theoj246 2025/07/04 7:53 f → 07:53
調整検出: hinako.tsutsumi2525 2025/07/07 3:46 s → 03:46
調整検出: hinako.tsutsumi2525 2025/07/07 4:09 f → 04:09
調整検出: hinako.tsutsumi2525 2025/07/08 0:54 s → 00:54
調整検出: hinako.tsutsumi2525 2025/07/08 2:03 f → 02:03
調整検出: ryo4ryo4n66 2025/07/09 0:36 f → 00:36
調整検出: kimoppy126 2025/07/09 0:57 s → 00:57
調整検出: hinako.tsutsumi2525 2025/07/09 9:50 s → 09:50
調整検出: ryo4ryo4n66 2025/07/10 0:14 s → 00:14
調整検出: ryo4ryo4n66 2025/07/10 1:04 f → 01:04
調整検出: kouki0802.ao 2025/07/11 1:30 s 1:00 → 01:30
調整検出: kouki0802.ao 2025/07/11 2:50 f → 02:50
調整検出: theoj246 2025/07/15 0:12 f → 00:12
調整検出: ryo4ryo4n66 2025/07/17 1:12 s → 01:12
調整検出: ryo4ryo4n66 2025/07/17 1:46 f +72 → 01:46
調整検出: hinako.tsutsumi2525 2025/07/19 1:44 s → 01:44
調整検出: hinako.tsutsumi2525 2025/07/19 2:32 f → 02:32
調整検出: kouki0802.ao 2025/07/19 2:40 s +20 → 02:40
調整検出: kouki0802.ao 2025/07/19 3:17 f → 03:17
調整検出: kouki0802.ao 2025/07/21 0:16 s → 00:16
調整検出: kouki0802.ao 2025/07/21 0:52 f → 00:52
調整検出: hinako.tsutsumi2525 2025/07/23 3:56 s → 03:56
調整検出: hinako.tsutsumi2525 2025/07/23 4:28 f → 04:28
調整検出: theoj246 2025/07/25 1:20 f → 01:20
調整検出: hinako.tsutsumi2525 2025/07/25 2:42 s → 02:42
調整検出: ryo4ryo4n66 2025/07/25 2:46 f → 02:46
調整検出: hinako.tsutsumi2525 2025/07/25 4:14 f → 04:14
調整検出: erin.isozu 2025/07/26 0:34 f → 00:34
調整検出: theoj246 2025/07/27 0:17 s → 00:17
調整検出: theoj246 2025/07/27 2:32 f → 02:32
調整検出: hinako.tsutsumi2525 2025/07/28 1:19 s → 01:19
調整検出: hinako.tsutsumi2525 2025/07/28 2:37 f → 02:37
調整検出: yuta.takasu 2025/07/28 9:14 s aoki → 09:14
調整検出: yuta.takasu 2025/07/28 9:26 f aoki → 09:26
調整検出: kouki0802.ao 2025/07/30 0:14 f 18:21 → 00:14
調整検出: ryo4ryo4n66 2025/07/30 0:16 f → 00:16
調整検出: kouki0802.ao 2025/07/30 0:17 s → 00:17
調整検出: kouki0802.ao 2025/07/30 1:57 f → 01:57
調整検出: ryo4ryo4n66 2025/07/31 0:40 s → 00:40
調整検出: ryo4ryo4n66 2025/07/31 3:35 f → 03:35
調整検出: yuta.takasu 2025/07/31 9:19 s aoki → 09:19
調整検出: yuta.takasu 2025/07/31 9:34 f aoki → 09:34
調整検出: hinako.tsutsumi2525 2025/07/31 9:38 s → 09:38
調整検出: kouki0802.ao 2025/08/01 0:13 f → 00:13
調整検出: kimoppy126 2025/08/01 0:16 s → 00:16
調整検出: ryo4ryo4n66 2025/08/04 0:19 s → 00:19
調整検出: ryo4ryo4n66 2025/08/04 1:10 f +90 → 01:10
調整検出: erin.isozu 2025/08/05 1:52 f → 01:52
メッセージから調整検出: f-20 → -20分調整
調整検出: marikou180522 2025/08/06 19:39 f-20 → 19:19
調整検出: ryo4ryo4n66 2025/08/07 0:57 s → 00:57
調整検出: marikou180522 2025/08/07 1:01 f → 01:01
調整検出: erin.isozu 2025/08/07 2:07 s → 02:07
調整検出: ryo4ryo4n66 2025/08/07 3:14 f → 03:14
調整検出: erin.isozu 2025/08/07 4:12 f → 04:12
メッセージから調整検出: s+60 → 60分調整
調整検出: marikou180522 2025/08/07 19:32 s+60 → 18:32
メッセージから調整検出: s+20 → 20分調整
調整検出: marikou180522 2025/08/07 23:58 s+20 → 23:38
調整検出: ryo4ryo4n66 2025/08/08 0:36 s → 00:36
調整検出: marikou180522 2025/08/08 0:47 f → 00:47
調整検出: theoj246 2025/08/08 1:38 f → 01:38
調整検出: ryo4ryo4n66 2025/08/08 4:40 f → 04:40
調整検出: marikou180522 2025/08/08 6:04 s → 06:04
調整検出: marikou180522 2025/08/08 8:00 f → 08:00
メッセージから調整検出: f-45 → -45分調整
調整検出: marikou180522 2025/08/08 19:30 f-45 → 18:45
調整検出: erin.isozu 2025/08/09 0:17 s → 00:17
調整検出: ryo4ryo4n66 2025/08/09 0:48 s → 00:48
調整検出: erin.isozu 2025/08/09 1:50 f → 01:50
調整検出: ryo4ryo4n66 2025/08/09 2:52 f → 02:52
調整検出: erin.isozu 2025/08/09 4:44 s → 04:44
調整検出: erin.isozu 2025/08/09 6:08 f -40 → 06:08
調整検出: theoj246 2025/08/09 9:30 s → 09:30
調整検出: erin.isozu 2025/08/10 0:14 f → 00:14
調整検出: erin.isozu 2025/08/10 0:46 s → 00:46
調整検出: erin.isozu 2025/08/10 2:09 f → 02:09
調整検出: erin.isozu 2025/08/10 4:12 s → 04:12
調整検出: erin.isozu 2025/08/10 6:33 f → 06:33
調整検出: kouki0802.ao 2025/08/11 0:10 f → 00:10
調整検出: erin.isozu 2025/08/11 1:04 f → 01:04
メッセージから調整検出: s+90 → 90分調整
調整検出: marikou180522 2025/08/11 1:55 s+90 → 00:25
警告: Yohei Watanabe - 開始時刻なしの終了 2024/06/21 21:30
警告: Yohei Watanabe - 連続する開始時刻を検出、前のセッションを自動終了
警告: deerveryone - 開始時刻なしの終了 2024/09/05 18:54
警告: deerveryone - 開始時刻なしの終了 2024/09/05 21:10
警告: info - 開始時刻なしの終了 2024/10/31 18:03
警告: info - 連続する開始時刻を検出、前のセッションを自動終了
エラー: info - 24時間超過を検出 2024/12/14 09:17 → 2025/05/20 13:44 = 226347分
警告: info - 開始時刻なしの終了 2025/07/18 21:49
情報: info - 未完了のセッション 2025/07/18 21:51
警告: theoj246 - 連続する開始時刻を検出、前のセッションを自動終了
警告: theoj246 - 開始時刻なしの終了 2025/03/06 16:51
警告: theoj246 - 連続する開始時刻を検出、前のセッションを自動終了
警告: theoj246 - 開始時刻なしの終了 2025/03/10 17:58
警告: theoj246 - 開始時刻なしの終了 2025/03/10 19:05
警告: theoj246 - 連続する開始時刻を検出、前のセッションを自動終了
警告: theoj246 - 開始時刻なしの終了 2025/03/11 01:09
警告: theoj246 - 連続する開始時刻を検出、前のセッションを自動終了
警告: theoj246 - 連続する開始時刻を検出、前のセッションを自動終了
エラー: theoj246 - 24時間超過を検出 2025/07/12 15:51 → 2025/07/14 10:34 = 2563分
警告: theoj246 - 連続する開始時刻を検出、前のセッションを自動終了
警告: theoj246 - 開始時刻なしの終了 2025/08/06 13:33
エラー: ryo4ryo4n66 - 24時間超過を検出 2024/11/02 13:59 → 2024/11/03 15:36 = 1537分
警告: ryo4ryo4n66 - 連続する開始時刻を検出、前のセッションを自動終了
警告: ryo4ryo4n66 - 連続する開始時刻を検出、前のセッションを自動終了
警告: ryo4ryo4n66 - 開始時刻なしの終了 2025/03/11 14:15
警告: ryo4ryo4n66 - 連続する開始時刻を検出、前のセッションを自動終了
警告: ryo4ryo4n66 - 開始時刻なしの終了 2025/03/26 17:50
警告: ryo4ryo4n66 - 連続する開始時刻を検出、前のセッションを自動終了
警告: ryo4ryo4n66 - 連続する開始時刻を検出、前のセッションを自動終了
エラー: ryo4ryo4n66 - 24時間超過を検出 2025/05/10 15:56 → 2025/05/12 13:03 = 2707分
警告: ryo4ryo4n66 - 開始時刻なしの終了 2025/06/13 19:47
警告: ryo4ryo4n66 - 開始時刻なしの終了 2025/07/09 13:35
情報: A - 未完了のセッション 2024/09/25 13:22
警告: osaryo523778 - 連続する開始時刻を検出、前のセッションを自動終了
エラー: kimoppy126 - 24時間超過を検出 2025/05/25 15:05 → 2025/05/28 00:03 = 3418分
警告: kimoppy126 - 連続する開始時刻を検出、前のセッションを自動終了
警告: kimoppy126 - 連続する開始時刻を検出、前のセッションを自動終了
警告: kimoppy126 - 連続する開始時刻を検出、前のセッションを自動終了
警告: kimoppy126 - 連続する開始時刻を検出、前のセッションを自動終了
情報: kimoppy126 - 未完了のセッション 2025/08/01 00:16
警告: yuta.takasu - 連続する開始時刻を検出、前のセッションを自動終了
警告: yuta.takasu - 連続する開始時刻を検出、前のセッションを自動終了
警告: yuta.takasu - 連続する開始時刻を検出、前のセッションを自動終了
警告: hinako.tsutsumi2525 - 開始時刻なしの終了 2025/06/23 14:49
警告: ujwal.kumar252725 - 連続する開始時刻を検出、前のセッションを自動終了
警告: ujwal.kumar252725 - 開始時刻なしの終了 2025/07/10 23:18
警告: ujwal.kumar252725 - 開始時刻なしの終了 2025/07/15 18:31
警告: ujwal.kumar252725 - 開始時刻なしの終了 2025/07/16 11:59
警告: ujwal.kumar252725 - 開始時刻なしの終了 2025/07/18 21:49
警告: ujwal.kumar252725 - 連続する開始時刻を検出、前のセッションを自動終了
警告: ujwal.kumar252725 - 連続する開始時刻を検出、前のセッションを自動終了
情報: ujwal.kumar252725 - 未完了のセッション 2025/07/18 21:51
警告: kouki0802.ao - 開始時刻なしの終了 2025/06/20 17:11
警告: kouki0802.ao - 開始時刻なしの終了 2025/06/28 18:25
警告: kouki0802.ao - 開始時刻なしの終了 2025/07/03 17:13
エラー: kouki0802.ao - 24時間超過を検出 2025/07/04 17:50 → 2025/07/05 17:59 = 1449分
警告: kouki0802.ao - 連続する開始時刻を検出、前のセッションを自動終了
警告: kouki0802.ao - 連続する開始時刻を検出、前のセッションを自動終了
警告: kouki0802.ao - 開始時刻なしの終了 2025/08/05 18:18
警告: marikou180522 - 連続する開始時刻を検出、前のセッションを自動終了
情報: marikou180522 - 未完了のセッション 2025/08/11 00:25
INFO:     127.0.0.1:50394 - "GET /subpage/daily-chart?days=31&top_users=15 HTTP/1.1" 200 OK
INFO:     127.0.0.1:50395 - "GET /monitor/status HTTP/1.1" 200 OK
調整検出: Yohei Watanabe 2024/06/16 3:10 終了 → 03:10
調整検出: Yohei Watanabe 2024/06/27 0:07 開始 → 00:07
調整検出: Yohei Watanabe 2024/06/27 2:03 終了 → 02:03
調整検出: deerveryone 2024/07/12 8:50 開始：EB関連Notion管理（修正） → 08:50
調整検出: deerveryone 2024/07/12 9:20 終了 → 09:20
調整検出: lyuki093 2024/07/16 8:57 開始 → 08:57
調整検出: deerveryone 2024/07/16 9:38 開始 → 09:38
調整検出: deerveryone 2024/08/21 7:54 開始 → 07:54
調整検出: deerveryone 2024/08/21 9:02 終了 → 09:02
調整検出: deerveryone 2024/08/28 8:52 開始 → 08:52
調整検出: theoj246 2024/09/06 8:22 開始 → 08:22
調整検出: deerveryone 2024/09/06 9:20 開始（08:20に修正） → 09:20
調整検出: theoj246 2024/09/06 9:31 終了 → 09:31
調整検出: deerveryone 2024/09/09 9:45 開始 → 09:45
調整検出: deerveryone 2024/09/11 8:56 開始 → 08:56
調整検出: theoj246 2024/09/11 9:59 開始 → 09:59
調整検出: deerveryone 2024/09/11 9:40 終了 9:40 → 09:40
調整検出: theoj246 2024/09/18 0:16 終了 → 00:16
調整検出: deerveryone 2024/09/18 8:51 開始 → 08:51
調整検出: ryo4ryo4n66 2024/09/18 9:32 開始 → 09:32
調整検出: theoj246 2024/09/19 0:19 開始 → 00:19
調整検出: theoj246 2024/09/19 0:47 終了 → 00:47
調整検出: theoj246 2024/09/19 8:53 開始 → 08:53
調整検出: deerveryone 2024/09/21 9:15 開始 → 09:15
調整検出: ryo4ryo4n66 2024/09/21 9:38 開始 → 09:38
調整検出: ryo4ryo4n66 2024/09/23 0:23 開始 → 00:23
調整検出: deerveryone 2024/09/23 9:00 終了 → 09:00
調整検出: theoj246 2024/09/24 9:04 開始 → 09:04
調整検出: theoj246 2024/09/24 9:32 終了 → 09:32
調整検出: theoj246 2024/09/25 8:51 開始 → 08:51
調整検出: deerveryone 2024/09/27 9:08 開始 → 09:08
調整検出: theoj246 2024/10/06 0:45 開始 → 00:45
調整検出: theoj246 2024/10/06 1:46 終了 → 01:46
調整検出: theoj246 2024/10/07 0:05 終了 → 00:05
調整検出: theoj246 2024/10/09 0:52 開始 → 00:52
調整検出: theoj246 2024/10/09 1:19 終了 → 01:19
調整検出: theoj246 2024/10/09 9:06 開始 → 09:06
調整検出: theoj246 2024/10/09 9:58 終了 → 09:58
調整検出: theoj246 2024/10/11 9:23 開始 → 09:23
調整検出: theoj246 2024/10/13 0:29 開始 → 00:29
調整検出: theoj246 2024/10/13 1:29 終了 → 01:29
調整検出: theoj246 2024/10/13 9:31 開始 → 09:31
調整検出: osaryo523778 2024/10/17 1:18 終了 → 01:18
調整検出: theoj246 2024/10/17 8:58 開始 → 08:58
調整検出: theoj246 2024/10/17 9:43 終了 → 09:43
調整検出: osaryo523778 2024/10/18 0:00 終了 → 00:00
調整検出: theoj246 2024/10/18 9:11 開始 → 09:11
調整検出: theoj246 2024/10/20 9:53 開始 → 09:53
調整検出: osaryo523778 2024/10/21 1:10 終了 → 01:10
調整検出: osaryo523778 2024/10/21 8:03 開始 → 08:03
調整検出: theoj246 2024/10/23 8:43 開始 → 08:43
調整検出: theoj246 2024/10/23 9:40 終了 → 09:40
調整検出: osaryo523778 2024/10/26 2:53 s → 02:53
調整検出: osaryo523778 2024/10/26 4:53 f → 04:53
調整検出: theoj246 2024/10/27 0:24 s → 00:24
調整検出: theoj246 2024/10/27 1:30 f → 01:30
調整検出: theoj246 2024/10/28 0:17 s → 00:17
調整検出: theoj246 2024/10/28 1:34 f → 01:34
調整検出: ryo4ryo4n66 2024/10/29 0:57 f → 00:57
調整検出: theoj246 2024/11/04 0:02 s → 00:02
調整検出: theoj246 2024/11/04 0:18 f → 00:18
調整検出: theoj246 2024/11/08 0:51 f → 00:51
調整検出: theoj246 2024/11/10 1:26 f → 01:26
調整検出: ryo4ryo4n66 2024/11/12 0:15 f → 00:15
調整検出: osaryo523778 2024/11/16 1:34 s → 01:34
調整検出: ryo4ryo4n66 2024/11/16 2:52 f → 02:52
調整検出: osaryo523778 2024/11/16 4:21 f → 04:21
調整検出: osaryo523778 2024/11/17 0:43 f → 00:43
調整検出: theoj246 2024/11/18 0:13 s → 00:13
調整検出: theoj246 2024/11/18 0:41 f → 00:41
調整検出: theoj246 2024/11/21 0:49 f → 00:49
調整検出: theoj246 2024/11/23 2:08 f → 02:08
調整検出: theoj246 2024/11/24 1:11 f → 01:11
調整検出: osaryo523778 2024/11/26 0:26 f → 00:26
調整検出: theoj246 2024/11/28 0:49 f → 00:49
調整検出: theoj246 2024/11/29 1:33 f → 01:33
調整検出: osaryo523778 2024/12/03 1:49 f → 01:49
調整検出: ryo4ryo4n66 2024/12/06 0:53 s → 00:53
調整検出: ryo4ryo4n66 2024/12/06 2:20 f → 02:20
調整検出: osaryo523778 2024/12/10 1:17 s → 01:17
調整検出: osaryo523778 2024/12/10 3:27 f → 03:27
調整検出: theoj246 2024/12/10 8:32 s → 08:32
調整検出: theoj246 2024/12/11 9:46 s → 09:46
調整検出: theoj246 2024/12/14 9:01 s → 09:01
調整検出: info 2024/12/14 9:17 s → 09:17
調整検出: ryo4ryo4n66 2024/12/15 0:09 f → 00:09
調整検出: theoj246 2024/12/16 0:52 f → 00:52
調整検出: theoj246 2024/12/16 8:42 s → 08:42
調整検出: theoj246 2024/12/17 0:04 f → 00:04
調整検出: theoj246 2024/12/18 8:53 f -30s → 08:53
調整検出: theoj246 2024/12/18 8:53 s → 08:53
調整検出: theoj246 2024/12/19 1:03 f 22:00 → 01:03
調整検出: theoj246 2024/12/19 9:34 s → 09:34
調整検出: theoj246 2024/12/20 9:01 s → 09:01
調整検出: theoj246 2024/12/20 9:51 f → 09:51
調整検出: theoj246 2024/12/22 0:34 f → 00:34
調整検出: theoj246 2024/12/22 9:36 s → 09:36
調整検出: theoj246 2024/12/24 9:46 s → 09:46
調整検出: theoj246 2025/01/04 0:40 f → 00:40
調整検出: theoj246 2025/01/04 9:58 s → 09:58
調整検出: theoj246 2025/01/10 0:35 f → 00:35
調整検出: theoj246 2025/01/13 0:47 f → 00:47
調整検出: osaryo523778 2025/01/14 0:58 f → 00:58
調整検出: theoj246 2025/01/16 9:09 f - 21:00 → 09:09
調整検出: theoj246 2025/01/20 9:16 s → 09:16
調整検出: theoj246 2025/01/20 9:49 f → 09:49
調整検出: theoj246 2025/01/27 9:03 s → 09:03
調整検出: ryo4ryo4n66 2025/01/30 0:02 s → 00:02
調整検出: ryo4ryo4n66 2025/01/30 3:07 f → 03:07
調整検出: theoj246 2025/02/11 1:17 s → 01:17
調整検出: theoj246 2025/02/11 1:40 f → 01:40
調整検出: theoj246 2025/02/12 0:27 f → 00:27
調整検出: theoj246 2025/02/13 9:21 s → 09:21
調整検出: theoj246 2025/02/19 9:07 s → 09:07
調整検出: theoj246 2025/02/24 0:27 f → 00:27
調整検出: ryo4ryo4n66 2025/02/27 0:03 f → 00:03
調整検出: kimoppy126 2025/03/06 7:29 s → 07:29
調整検出: kimoppy126 2025/03/06 9:25 f → 09:25
調整検出: kimoppy126 2025/03/09 8:38 s → 08:38
調整検出: theoj246 2025/03/10 0:07 f → 00:07
調整検出: ryo4ryo4n66 2025/03/10 0:26 f → 00:26
調整検出: theoj246 2025/03/10 9:58 s → 09:58
調整検出: ryo4ryo4n66 2025/03/11 1:03 f -3:35 → 01:03
調整検出: theoj246 2025/03/11 1:09 f → 01:09
調整検出: theoj246 2025/03/11 9:47 s → 09:47
調整検出: theoj246 2025/03/12 0:07 f → 00:07
調整検出: theoj246 2025/03/18 0:25 f 20:20 → 00:25
調整検出: ryo4ryo4n66 2025/03/18 0:32 f 20:20 → 00:32
調整検出: ryo4ryo4n66 2025/03/18 0:32 s → 00:32
調整検出: theoj246 2025/03/18 1:13 s → 01:13
調整検出: theoj246 2025/03/18 1:35 f → 01:35
調整検出: ryo4ryo4n66 2025/03/18 1:50 f → 01:50
調整検出: ryo4ryo4n66 2025/03/22 1:18 s → 01:18
調整検出: ryo4ryo4n66 2025/03/22 2:09 f → 02:09
調整検出: theoj246 2025/03/22 5:06 f → 05:06
調整検出: theoj246 2025/03/24 0:11 f → 00:11
調整検出: theoj246 2025/03/26 0:11 s → 00:11
調整検出: theoj246 2025/03/26 1:07 f → 01:07
調整検出: ryo4ryo4n66 2025/03/26 1:11 s → 01:11
調整検出: ryo4ryo4n66 2025/03/26 1:59 f ＋ 180 → 01:59
調整検出: theoj246 2025/03/28 0:42 f → 00:42
調整検出: ryo4ryo4n66 2025/03/28 0:45 s → 00:45
調整検出: ryo4ryo4n66 2025/03/28 2:41 f → 02:41
調整検出: theoj246 2025/03/31 9:12 s → 09:12
調整検出: ryo4ryo4n66 2025/04/01 0:46 f → 00:46
調整検出: ryo4ryo4n66 2025/04/03 1:16 f → 01:16
調整検出: theoj246 2025/04/04 0:37 f → 00:37
調整検出: theoj246 2025/04/05 0:44 f → 00:44
調整検出: theoj246 2025/04/07 0:30 s → 00:30
調整検出: theoj246 2025/04/07 2:20 f → 02:20
調整検出: ryo4ryo4n66 2025/04/08 0:05 s → 00:05
調整検出: ryo4ryo4n66 2025/04/08 0:35 f → 00:35
調整検出: theoj246 2025/04/09 1:01 f → 01:01
調整検出: theoj246 2025/04/10 0:14 s → 00:14
調整検出: theoj246 2025/04/10 0:39 f → 00:39
調整検出: kimoppy126 2025/04/14 1:31 f → 01:31
調整検出: theoj246 2025/04/16 0:02 f → 00:02
調整検出: kimoppy126 2025/04/20 4:05 f → 04:05
調整検出: theoj246 2025/04/21 1:29 f → 01:29
調整検出: ryo4ryo4n66 2025/04/22 0:31 s → 00:31
調整検出: theoj246 2025/04/22 0:45 f → 00:45
調整検出: ryo4ryo4n66 2025/04/22 1:04 f → 01:04
調整検出: ryo4ryo4n66 2025/04/23 0:49 f → 00:49
調整検出: theoj246 2025/04/23 1:33 f → 01:33
調整検出: theoj246 2025/04/23 9:52 s → 09:52
調整検出: theoj246 2025/04/25 0:19 f → 00:19
調整検出: theoj246 2025/04/30 0:14 s → 00:14
調整検出: theoj246 2025/04/30 2:13 f → 02:13
調整検出: theoj246 2025/05/03 1:37 f → 01:37
調整検出: theoj246 2025/05/08 0:54 f → 00:54
調整検出: theoj246 2025/05/09 0:38 f → 00:38
調整検出: ryo4ryo4n66 2025/05/14 1:57 s → 01:57
調整検出: ryo4ryo4n66 2025/05/14 1:58 f60 → 01:58
調整検出: theoj246 2025/05/16 1:11 f → 01:11
調整検出: theoj246 2025/05/17 2:51 f → 02:51
調整検出: theoj246 2025/05/18 0:18 f → 00:18
調整検出: theoj246 2025/05/19 4:43 s → 04:43
調整検出: theoj246 2025/05/19 8:22 f → 08:22
調整検出: theoj246 2025/05/21 9:22 s → 09:22
調整検出: theoj246 2025/05/22 9:16 s → 09:16
調整検出: ryo4ryo4n66 2025/05/23 0:40 s → 00:40
調整検出: ryo4ryo4n66 2025/05/23 2:15 f → 02:15
調整検出: theoj246 2025/05/23 9:34 s → 09:34
調整検出: ryo4ryo4n66 2025/05/24 0:09 s → 00:09
調整検出: ryo4ryo4n66 2025/05/24 1:17 f → 01:17
調整検出: theoj246 2025/05/24 8:51 s → 08:51
調整検出: theoj246 2025/05/26 8:47 s → 08:47
調整検出: ryo4ryo4n66 2025/05/27 1:36 s → 01:36
調整検出: ryo4ryo4n66 2025/05/27 3:04 f → 03:04
調整検出: kimoppy126 2025/05/28 0:03 f 5/25 19:00 → 00:03
調整検出: theoj246 2025/05/28 0:43 f → 00:43
調整検出: theoj246 2025/05/28 9:56 s → 09:56
調整検出: theoj246 2025/05/29 0:41 s → 00:41
調整検出: theoj246 2025/05/29 2:22 f → 02:22
調整検出: ryo4ryo4n66 2025/05/31 0:58 f → 00:58
調整検出: ryo4ryo4n66 2025/06/02 0:08 s → 00:08
調整検出: ryo4ryo4n66 2025/06/02 2:12 f → 02:12
調整検出: hinako.tsutsumi2525 2025/06/05 1:51 s → 01:51
調整検出: theoj246 2025/06/05 1:57 f → 01:57
調整検出: hinako.tsutsumi2525 2025/06/05 2:28 f → 02:28
調整検出: ujwal.kumar252725 2025/06/05 8:00 f 23:30 → 08:00
調整検出: hinako.tsutsumi2525 2025/06/06 2:15 s → 02:15
調整検出: hinako.tsutsumi2525 2025/06/06 3:24 f → 03:24
調整検出: hinako.tsutsumi2525 2025/06/07 0:22 s → 00:22
調整検出: hinako.tsutsumi2525 2025/06/07 0:57 f → 00:57
調整検出: hinako.tsutsumi2525 2025/06/07 1:45 s → 01:45
調整検出: hinako.tsutsumi2525 2025/06/07 2:08 f → 02:08
調整検出: ujwal.kumar252725 2025/06/09 9:32 f 17:30 → 09:32
調整検出: theoj246 2025/06/10 3:09 f 2:00 → 03:09
調整検出: hinako.tsutsumi2525 2025/06/11 1:05 s → 01:05
調整検出: theoj246 2025/06/11 1:43 f → 01:43
調整検出: hinako.tsutsumi2525 2025/06/11 1:53 f → 01:53
調整検出: ujwal.kumar252725 2025/06/14 8:15 f 11:30 → 08:15
調整検出: hinako.tsutsumi2525 2025/06/16 9:05 s → 09:05
調整検出: ryo4ryo4n66 2025/06/17 1:47 s → 01:47
調整検出: hinako.tsutsumi2525 2025/06/17 2:00 s → 02:00
調整検出: hinako.tsutsumi2525 2025/06/17 2:53 f → 02:53
調整検出: ryo4ryo4n66 2025/06/17 3:51 f → 03:51
調整検出: hinako.tsutsumi2525 2025/06/18 1:32 s → 01:32
調整検出: theoj246 2025/06/18 2:21 f → 02:21
調整検出: hinako.tsutsumi2525 2025/06/18 2:36 f → 02:36
調整検出: hinako.tsutsumi2525 2025/06/19 1:27 s → 01:27
調整検出: hinako.tsutsumi2525 2025/06/19 4:03 f → 04:03
調整検出: hinako.tsutsumi2525 2025/06/20 0:02 s → 00:02
調整検出: hinako.tsutsumi2525 2025/06/20 0:37 f → 00:37
調整検出: hinako.tsutsumi2525 2025/06/21 0:08 s → 00:08
調整検出: theoj246 2025/06/21 0:58 s → 00:58
調整検出: theoj246 2025/06/21 1:56 f → 01:56
調整検出: hinako.tsutsumi2525 2025/06/21 2:19 f → 02:19
調整検出: hinako.tsutsumi2525 2025/06/22 1:56 s → 01:56
調整検出: hinako.tsutsumi2525 2025/06/22 2:39 f → 02:39
調整検出: hinako.tsutsumi2525 2025/06/23 9:43 s → 09:43
調整検出: kouki0802.ao 2025/06/24 0:43 s 00:00 → 00:43
調整検出: kouki0802.ao 2025/06/24 0:44 f 00:30 → 00:44
調整検出: theoj246 2025/06/24 2:31 f → 02:31
調整検出: theoj246 2025/06/25 0:57 f → 00:57
調整検出: ryo4ryo4n66 2025/06/26 0:37 s → 00:37
調整検出: hinako.tsutsumi2525 2025/06/26 1:12 s → 01:12
調整検出: ryo4ryo4n66 2025/06/26 2:23 f → 02:23
調整検出: hinako.tsutsumi2525 2025/06/26 3:48 f → 03:48
調整検出: hinako.tsutsumi2525 2025/06/26 4:44 s → 04:44
調整検出: hinako.tsutsumi2525 2025/06/26 4:51 f → 04:51
調整検出: theoj246 2025/06/29 0:33 f → 00:33
調整検出: hinako.tsutsumi2525 2025/06/29 2:00 s → 02:00
調整検出: hinako.tsutsumi2525 2025/06/29 2:17 f → 02:17
調整検出: kimoppy126 2025/06/30 1:42 f → 01:42
調整検出: theoj246 2025/06/30 2:55 f → 02:55
調整検出: hinako.tsutsumi2525 2025/07/01 2:46 s → 02:46
調整検出: hinako.tsutsumi2525 2025/07/01 4:05 f → 04:05
調整検出: hinako.tsutsumi2525 2025/07/02 9:27 s → 09:27
調整検出: theoj246 2025/07/04 4:17 f → 04:17
調整検出: theoj246 2025/07/04 4:59 s → 04:59
調整検出: theoj246 2025/07/04 6:48 f → 06:48
調整検出: theoj246 2025/07/04 7:20 s → 07:20
調整検出: theoj246 2025/07/04 7:53 f → 07:53
調整検出: hinako.tsutsumi2525 2025/07/07 3:46 s → 03:46
調整検出: hinako.tsutsumi2525 2025/07/07 4:09 f → 04:09
調整検出: hinako.tsutsumi2525 2025/07/08 0:54 s → 00:54
調整検出: hinako.tsutsumi2525 2025/07/08 2:03 f → 02:03
調整検出: ryo4ryo4n66 2025/07/09 0:36 f → 00:36
調整検出: kimoppy126 2025/07/09 0:57 s → 00:57
調整検出: hinako.tsutsumi2525 2025/07/09 9:50 s → 09:50
調整検出: ryo4ryo4n66 2025/07/10 0:14 s → 00:14
調整検出: ryo4ryo4n66 2025/07/10 1:04 f → 01:04
調整検出: kouki0802.ao 2025/07/11 1:30 s 1:00 → 01:30
調整検出: kouki0802.ao 2025/07/11 2:50 f → 02:50
調整検出: theoj246 2025/07/15 0:12 f → 00:12
調整検出: ryo4ryo4n66 2025/07/17 1:12 s → 01:12
調整検出: ryo4ryo4n66 2025/07/17 1:46 f +72 → 01:46
調整検出: hinako.tsutsumi2525 2025/07/19 1:44 s → 01:44
調整検出: hinako.tsutsumi2525 2025/07/19 2:32 f → 02:32
調整検出: kouki0802.ao 2025/07/19 2:40 s +20 → 02:40
調整検出: kouki0802.ao 2025/07/19 3:17 f → 03:17
調整検出: kouki0802.ao 2025/07/21 0:16 s → 00:16
調整検出: kouki0802.ao 2025/07/21 0:52 f → 00:52
調整検出: hinako.tsutsumi2525 2025/07/23 3:56 s → 03:56
調整検出: hinako.tsutsumi2525 2025/07/23 4:28 f → 04:28
調整検出: theoj246 2025/07/25 1:20 f → 01:20
調整検出: hinako.tsutsumi2525 2025/07/25 2:42 s → 02:42
調整検出: ryo4ryo4n66 2025/07/25 2:46 f → 02:46
調整検出: hinako.tsutsumi2525 2025/07/25 4:14 f → 04:14
調整検出: erin.isozu 2025/07/26 0:34 f → 00:34
調整検出: theoj246 2025/07/27 0:17 s → 00:17
調整検出: theoj246 2025/07/27 2:32 f → 02:32
調整検出: hinako.tsutsumi2525 2025/07/28 1:19 s → 01:19
調整検出: hinako.tsutsumi2525 2025/07/28 2:37 f → 02:37
調整検出: yuta.takasu 2025/07/28 9:14 s aoki → 09:14
調整検出: yuta.takasu 2025/07/28 9:26 f aoki → 09:26
調整検出: kouki0802.ao 2025/07/30 0:14 f 18:21 → 00:14
調整検出: ryo4ryo4n66 2025/07/30 0:16 f → 00:16
調整検出: kouki0802.ao 2025/07/30 0:17 s → 00:17
調整検出: kouki0802.ao 2025/07/30 1:57 f → 01:57
調整検出: ryo4ryo4n66 2025/07/31 0:40 s → 00:40
調整検出: ryo4ryo4n66 2025/07/31 3:35 f → 03:35
調整検出: yuta.takasu 2025/07/31 9:19 s aoki → 09:19
調整検出: yuta.takasu 2025/07/31 9:34 f aoki → 09:34
調整検出: hinako.tsutsumi2525 2025/07/31 9:38 s → 09:38
調整検出: kouki0802.ao 2025/08/01 0:13 f → 00:13
調整検出: kimoppy126 2025/08/01 0:16 s → 00:16
調整検出: ryo4ryo4n66 2025/08/04 0:19 s → 00:19
調整検出: ryo4ryo4n66 2025/08/04 1:10 f +90 → 01:10
調整検出: erin.isozu 2025/08/05 1:52 f → 01:52
メッセージから調整検出: f-20 → -20分調整
調整検出: marikou180522 2025/08/06 19:39 f-20 → 19:19
調整検出: ryo4ryo4n66 2025/08/07 0:57 s → 00:57
調整検出: marikou180522 2025/08/07 1:01 f → 01:01
調整検出: erin.isozu 2025/08/07 2:07 s → 02:07
調整検出: ryo4ryo4n66 2025/08/07 3:14 f → 03:14
調整検出: erin.isozu 2025/08/07 4:12 f → 04:12
メッセージから調整検出: s+60 → 60分調整
調整検出: marikou180522 2025/08/07 19:32 s+60 → 18:32
メッセージから調整検出: s+20 → 20分調整
調整検出: marikou180522 2025/08/07 23:58 s+20 → 23:38
調整検出: ryo4ryo4n66 2025/08/08 0:36 s → 00:36
調整検出: marikou180522 2025/08/08 0:47 f → 00:47
調整検出: theoj246 2025/08/08 1:38 f → 01:38
調整検出: ryo4ryo4n66 2025/08/08 4:40 f → 04:40
調整検出: marikou180522 2025/08/08 6:04 s → 06:04
調整検出: marikou180522 2025/08/08 8:00 f → 08:00
メッセージから調整検出: f-45 → -45分調整
調整検出: marikou180522 2025/08/08 19:30 f-45 → 18:45
調整検出: erin.isozu 2025/08/09 0:17 s → 00:17
調整検出: ryo4ryo4n66 2025/08/09 0:48 s → 00:48
調整検出: erin.isozu 2025/08/09 1:50 f → 01:50
調整検出: ryo4ryo4n66 2025/08/09 2:52 f → 02:52
調整検出: erin.isozu 2025/08/09 4:44 s → 04:44
調整検出: erin.isozu 2025/08/09 6:08 f -40 → 06:08
調整検出: theoj246 2025/08/09 9:30 s → 09:30
調整検出: erin.isozu 2025/08/10 0:14 f → 00:14
調整検出: erin.isozu 2025/08/10 0:46 s → 00:46
調整検出: erin.isozu 2025/08/10 2:09 f → 02:09
調整検出: erin.isozu 2025/08/10 4:12 s → 04:12
調整検出: erin.isozu 2025/08/10 6:33 f → 06:33
調整検出: kouki0802.ao 2025/08/11 0:10 f → 00:10
調整検出: erin.isozu 2025/08/11 1:04 f → 01:04
メッセージから調整検出: s+90 → 90分調整
調整検出: marikou180522 2025/08/11 1:55 s+90 → 00:25
警告: Yohei Watanabe - 開始時刻なしの終了 2024/06/21 21:30
警告: Yohei Watanabe - 連続する開始時刻を検出、前のセッションを自動終了
警告: deerveryone - 開始時刻なしの終了 2024/09/05 18:54
警告: deerveryone - 開始時刻なしの終了 2024/09/05 21:10
警告: info - 開始時刻なしの終了 2024/10/31 18:03
警告: info - 連続する開始時刻を検出、前のセッションを自動終了
エラー: info - 24時間超過を検出 2024/12/14 09:17 → 2025/05/20 13:44 = 226347分
警告: info - 開始時刻なしの終了 2025/07/18 21:49
情報: info - 未完了のセッション 2025/07/18 21:51
警告: theoj246 - 連続する開始時刻を検出、前のセッションを自動終了
警告: theoj246 - 開始時刻なしの終了 2025/03/06 16:51
警告: theoj246 - 連続する開始時刻を検出、前のセッションを自動終了
警告: theoj246 - 開始時刻なしの終了 2025/03/10 17:58
警告: theoj246 - 開始時刻なしの終了 2025/03/10 19:05
警告: theoj246 - 連続する開始時刻を検出、前のセッションを自動終了
警告: theoj246 - 開始時刻なしの終了 2025/03/11 01:09
警告: theoj246 - 連続する開始時刻を検出、前のセッションを自動終了
警告: theoj246 - 連続する開始時刻を検出、前のセッションを自動終了
エラー: theoj246 - 24時間超過を検出 2025/07/12 15:51 → 2025/07/14 10:34 = 2563分
警告: theoj246 - 連続する開始時刻を検出、前のセッションを自動終了
警告: theoj246 - 開始時刻なしの終了 2025/08/06 13:33
エラー: ryo4ryo4n66 - 24時間超過を検出 2024/11/02 13:59 → 2024/11/03 15:36 = 1537分
警告: ryo4ryo4n66 - 連続する開始時刻を検出、前のセッションを自動終了
警告: ryo4ryo4n66 - 連続する開始時刻を検出、前のセッションを自動終了
警告: ryo4ryo4n66 - 開始時刻なしの終了 2025/03/11 14:15
警告: ryo4ryo4n66 - 連続する開始時刻を検出、前のセッションを自動終了
警告: ryo4ryo4n66 - 開始時刻なしの終了 2025/03/26 17:50
警告: ryo4ryo4n66 - 連続する開始時刻を検出、前のセッションを自動終了
警告: ryo4ryo4n66 - 連続する開始時刻を検出、前のセッションを自動終了
エラー: ryo4ryo4n66 - 24時間超過を検出 2025/05/10 15:56 → 2025/05/12 13:03 = 2707分
警告: ryo4ryo4n66 - 開始時刻なしの終了 2025/06/13 19:47
警告: ryo4ryo4n66 - 開始時刻なしの終了 2025/07/09 13:35
情報: A - 未完了のセッション 2024/09/25 13:22
警告: osaryo523778 - 連続する開始時刻を検出、前のセッションを自動終了
エラー: kimoppy126 - 24時間超過を検出 2025/05/25 15:05 → 2025/05/28 00:03 = 3418分
警告: kimoppy126 - 連続する開始時刻を検出、前のセッションを自動終了
警告: kimoppy126 - 連続する開始時刻を検出、前のセッションを自動終了
警告: kimoppy126 - 連続する開始時刻を検出、前のセッションを自動終了
警告: kimoppy126 - 連続する開始時刻を検出、前のセッションを自動終了
情報: kimoppy126 - 未完了のセッション 2025/08/01 00:16
警告: yuta.takasu - 連続する開始時刻を検出、前のセッションを自動終了
警告: yuta.takasu - 連続する開始時刻を検出、前のセッションを自動終了
警告: yuta.takasu - 連続する開始時刻を検出、前のセッションを自動終了
警告: hinako.tsutsumi2525 - 開始時刻なしの終了 2025/06/23 14:49
警告: ujwal.kumar252725 - 連続する開始時刻を検出、前のセッションを自動終了
警告: ujwal.kumar252725 - 開始時刻なしの終了 2025/07/10 23:18
警告: ujwal.kumar252725 - 開始時刻なしの終了 2025/07/15 18:31
警告: ujwal.kumar252725 - 開始時刻なしの終了 2025/07/16 11:59
警告: ujwal.kumar252725 - 開始時刻なしの終了 2025/07/18 21:49
警告: ujwal.kumar252725 - 連続する開始時刻を検出、前のセッションを自動終了
警告: ujwal.kumar252725 - 連続する開始時刻を検出、前のセッションを自動終了
情報: ujwal.kumar252725 - 未完了のセッション 2025/07/18 21:51
警告: kouki0802.ao - 開始時刻なしの終了 2025/06/20 17:11
警告: kouki0802.ao - 開始時刻なしの終了 2025/06/28 18:25
警告: kouki0802.ao - 開始時刻なしの終了 2025/07/03 17:13
エラー: kouki0802.ao - 24時間超過を検出 2025/07/04 17:50 → 2025/07/05 17:59 = 1449分
警告: kouki0802.ao - 連続する開始時刻を検出、前のセッションを自動終了
警告: kouki0802.ao - 連続する開始時刻を検出、前のセッションを自動終了
警告: kouki0802.ao - 開始時刻なしの終了 2025/08/05 18:18
警告: marikou180522 - 連続する開始時刻を検出、前のセッションを自動終了
情報: marikou180522 - 未完了のセッション 2025/08/11 00:25
INFO:     127.0.0.1:50537 - "GET /subpage/daily-chart?days=31&top_users=15 HTTP/1.1" 200 OK
調整検出: Yohei Watanabe 2024/06/16 3:10 終了 → 03:10
調整検出: Yohei Watanabe 2024/06/27 0:07 開始 → 00:07
調整検出: Yohei Watanabe 2024/06/27 2:03 終了 → 02:03
調整検出: deerveryone 2024/07/12 8:50 開始：EB関連Notion管理（修正） → 08:50
調整検出: deerveryone 2024/07/12 9:20 終了 → 09:20
調整検出: lyuki093 2024/07/16 8:57 開始 → 08:57
調整検出: deerveryone 2024/07/16 9:38 開始 → 09:38
調整検出: deerveryone 2024/08/21 7:54 開始 → 07:54
調整検出: deerveryone 2024/08/21 9:02 終了 → 09:02
調整検出: deerveryone 2024/08/28 8:52 開始 → 08:52
調整検出: theoj246 2024/09/06 8:22 開始 → 08:22
調整検出: deerveryone 2024/09/06 9:20 開始（08:20に修正） → 09:20
調整検出: theoj246 2024/09/06 9:31 終了 → 09:31
調整検出: deerveryone 2024/09/09 9:45 開始 → 09:45
調整検出: deerveryone 2024/09/11 8:56 開始 → 08:56
調整検出: theoj246 2024/09/11 9:59 開始 → 09:59
調整検出: deerveryone 2024/09/11 9:40 終了 9:40 → 09:40
調整検出: theoj246 2024/09/18 0:16 終了 → 00:16
調整検出: deerveryone 2024/09/18 8:51 開始 → 08:51
調整検出: ryo4ryo4n66 2024/09/18 9:32 開始 → 09:32
調整検出: theoj246 2024/09/19 0:19 開始 → 00:19
調整検出: theoj246 2024/09/19 0:47 終了 → 00:47
調整検出: theoj246 2024/09/19 8:53 開始 → 08:53
調整検出: deerveryone 2024/09/21 9:15 開始 → 09:15
調整検出: ryo4ryo4n66 2024/09/21 9:38 開始 → 09:38
調整検出: ryo4ryo4n66 2024/09/23 0:23 開始 → 00:23
調整検出: deerveryone 2024/09/23 9:00 終了 → 09:00
調整検出: theoj246 2024/09/24 9:04 開始 → 09:04
調整検出: theoj246 2024/09/24 9:32 終了 → 09:32
調整検出: theoj246 2024/09/25 8:51 開始 → 08:51
調整検出: deerveryone 2024/09/27 9:08 開始 → 09:08
調整検出: theoj246 2024/10/06 0:45 開始 → 00:45
調整検出: theoj246 2024/10/06 1:46 終了 → 01:46
調整検出: theoj246 2024/10/07 0:05 終了 → 00:05
調整検出: theoj246 2024/10/09 0:52 開始 → 00:52
調整検出: theoj246 2024/10/09 1:19 終了 → 01:19
調整検出: theoj246 2024/10/09 9:06 開始 → 09:06
調整検出: theoj246 2024/10/09 9:58 終了 → 09:58
調整検出: theoj246 2024/10/11 9:23 開始 → 09:23
調整検出: theoj246 2024/10/13 0:29 開始 → 00:29
調整検出: theoj246 2024/10/13 1:29 終了 → 01:29
調整検出: theoj246 2024/10/13 9:31 開始 → 09:31
調整検出: osaryo523778 2024/10/17 1:18 終了 → 01:18
調整検出: theoj246 2024/10/17 8:58 開始 → 08:58
調整検出: theoj246 2024/10/17 9:43 終了 → 09:43
調整検出: osaryo523778 2024/10/18 0:00 終了 → 00:00
調整検出: theoj246 2024/10/18 9:11 開始 → 09:11
調整検出: theoj246 2024/10/20 9:53 開始 → 09:53
調整検出: osaryo523778 2024/10/21 1:10 終了 → 01:10
調整検出: osaryo523778 2024/10/21 8:03 開始 → 08:03
調整検出: theoj246 2024/10/23 8:43 開始 → 08:43
調整検出: theoj246 2024/10/23 9:40 終了 → 09:40
調整検出: osaryo523778 2024/10/26 2:53 s → 02:53
調整検出: osaryo523778 2024/10/26 4:53 f → 04:53
調整検出: theoj246 2024/10/27 0:24 s → 00:24
調整検出: theoj246 2024/10/27 1:30 f → 01:30
調整検出: theoj246 2024/10/28 0:17 s → 00:17
調整検出: theoj246 2024/10/28 1:34 f → 01:34
調整検出: ryo4ryo4n66 2024/10/29 0:57 f → 00:57
調整検出: theoj246 2024/11/04 0:02 s → 00:02
調整検出: theoj246 2024/11/04 0:18 f → 00:18
調整検出: theoj246 2024/11/08 0:51 f → 00:51
調整検出: theoj246 2024/11/10 1:26 f → 01:26
調整検出: ryo4ryo4n66 2024/11/12 0:15 f → 00:15
調整検出: osaryo523778 2024/11/16 1:34 s → 01:34
調整検出: ryo4ryo4n66 2024/11/16 2:52 f → 02:52
調整検出: osaryo523778 2024/11/16 4:21 f → 04:21
調整検出: osaryo523778 2024/11/17 0:43 f → 00:43
調整検出: theoj246 2024/11/18 0:13 s → 00:13
調整検出: theoj246 2024/11/18 0:41 f → 00:41
調整検出: theoj246 2024/11/21 0:49 f → 00:49
調整検出: theoj246 2024/11/23 2:08 f → 02:08
調整検出: theoj246 2024/11/24 1:11 f → 01:11
調整検出: osaryo523778 2024/11/26 0:26 f → 00:26
調整検出: theoj246 2024/11/28 0:49 f → 00:49
調整検出: theoj246 2024/11/29 1:33 f → 01:33
調整検出: osaryo523778 2024/12/03 1:49 f → 01:49
調整検出: ryo4ryo4n66 2024/12/06 0:53 s → 00:53
調整検出: ryo4ryo4n66 2024/12/06 2:20 f → 02:20
調整検出: osaryo523778 2024/12/10 1:17 s → 01:17
調整検出: osaryo523778 2024/12/10 3:27 f → 03:27
調整検出: theoj246 2024/12/10 8:32 s → 08:32
調整検出: theoj246 2024/12/11 9:46 s → 09:46
調整検出: theoj246 2024/12/14 9:01 s → 09:01
調整検出: info 2024/12/14 9:17 s → 09:17
調整検出: ryo4ryo4n66 2024/12/15 0:09 f → 00:09
調整検出: theoj246 2024/12/16 0:52 f → 00:52
調整検出: theoj246 2024/12/16 8:42 s → 08:42
調整検出: theoj246 2024/12/17 0:04 f → 00:04
調整検出: theoj246 2024/12/18 8:53 f -30s → 08:53
調整検出: theoj246 2024/12/18 8:53 s → 08:53
調整検出: theoj246 2024/12/19 1:03 f 22:00 → 01:03
調整検出: theoj246 2024/12/19 9:34 s → 09:34
調整検出: theoj246 2024/12/20 9:01 s → 09:01
調整検出: theoj246 2024/12/20 9:51 f → 09:51
調整検出: theoj246 2024/12/22 0:34 f → 00:34
調整検出: theoj246 2024/12/22 9:36 s → 09:36
調整検出: theoj246 2024/12/24 9:46 s → 09:46
調整検出: theoj246 2025/01/04 0:40 f → 00:40
調整検出: theoj246 2025/01/04 9:58 s → 09:58
調整検出: theoj246 2025/01/10 0:35 f → 00:35
調整検出: theoj246 2025/01/13 0:47 f → 00:47
調整検出: osaryo523778 2025/01/14 0:58 f → 00:58
調整検出: theoj246 2025/01/16 9:09 f - 21:00 → 09:09
調整検出: theoj246 2025/01/20 9:16 s → 09:16
調整検出: theoj246 2025/01/20 9:49 f → 09:49
調整検出: theoj246 2025/01/27 9:03 s → 09:03
調整検出: ryo4ryo4n66 2025/01/30 0:02 s → 00:02
調整検出: ryo4ryo4n66 2025/01/30 3:07 f → 03:07
調整検出: theoj246 2025/02/11 1:17 s → 01:17
調整検出: theoj246 2025/02/11 1:40 f → 01:40
調整検出: theoj246 2025/02/12 0:27 f → 00:27
調整検出: theoj246 2025/02/13 9:21 s → 09:21
調整検出: theoj246 2025/02/19 9:07 s → 09:07
調整検出: theoj246 2025/02/24 0:27 f → 00:27
調整検出: ryo4ryo4n66 2025/02/27 0:03 f → 00:03
調整検出: kimoppy126 2025/03/06 7:29 s → 07:29
調整検出: kimoppy126 2025/03/06 9:25 f → 09:25
調整検出: kimoppy126 2025/03/09 8:38 s → 08:38
調整検出: theoj246 2025/03/10 0:07 f → 00:07
調整検出: ryo4ryo4n66 2025/03/10 0:26 f → 00:26
調整検出: theoj246 2025/03/10 9:58 s → 09:58
調整検出: ryo4ryo4n66 2025/03/11 1:03 f -3:35 → 01:03
調整検出: theoj246 2025/03/11 1:09 f → 01:09
調整検出: theoj246 2025/03/11 9:47 s → 09:47
調整検出: theoj246 2025/03/12 0:07 f → 00:07
調整検出: theoj246 2025/03/18 0:25 f 20:20 → 00:25
調整検出: ryo4ryo4n66 2025/03/18 0:32 f 20:20 → 00:32
調整検出: ryo4ryo4n66 2025/03/18 0:32 s → 00:32
調整検出: theoj246 2025/03/18 1:13 s → 01:13
調整検出: theoj246 2025/03/18 1:35 f → 01:35
調整検出: ryo4ryo4n66 2025/03/18 1:50 f → 01:50
調整検出: ryo4ryo4n66 2025/03/22 1:18 s → 01:18
調整検出: ryo4ryo4n66 2025/03/22 2:09 f → 02:09
調整検出: theoj246 2025/03/22 5:06 f → 05:06
調整検出: theoj246 2025/03/24 0:11 f → 00:11
調整検出: theoj246 2025/03/26 0:11 s → 00:11
調整検出: theoj246 2025/03/26 1:07 f → 01:07
調整検出: ryo4ryo4n66 2025/03/26 1:11 s → 01:11
調整検出: ryo4ryo4n66 2025/03/26 1:59 f ＋ 180 → 01:59
調整検出: theoj246 2025/03/28 0:42 f → 00:42
調整検出: ryo4ryo4n66 2025/03/28 0:45 s → 00:45
調整検出: ryo4ryo4n66 2025/03/28 2:41 f → 02:41
調整検出: theoj246 2025/03/31 9:12 s → 09:12
調整検出: ryo4ryo4n66 2025/04/01 0:46 f → 00:46
調整検出: ryo4ryo4n66 2025/04/03 1:16 f → 01:16
調整検出: theoj246 2025/04/04 0:37 f → 00:37
調整検出: theoj246 2025/04/05 0:44 f → 00:44
調整検出: theoj246 2025/04/07 0:30 s → 00:30
調整検出: theoj246 2025/04/07 2:20 f → 02:20
調整検出: ryo4ryo4n66 2025/04/08 0:05 s → 00:05
調整検出: ryo4ryo4n66 2025/04/08 0:35 f → 00:35
調整検出: theoj246 2025/04/09 1:01 f → 01:01
調整検出: theoj246 2025/04/10 0:14 s → 00:14
調整検出: theoj246 2025/04/10 0:39 f → 00:39
調整検出: kimoppy126 2025/04/14 1:31 f → 01:31
調整検出: theoj246 2025/04/16 0:02 f → 00:02
調整検出: kimoppy126 2025/04/20 4:05 f → 04:05
調整検出: theoj246 2025/04/21 1:29 f → 01:29
調整検出: ryo4ryo4n66 2025/04/22 0:31 s → 00:31
調整検出: theoj246 2025/04/22 0:45 f → 00:45
調整検出: ryo4ryo4n66 2025/04/22 1:04 f → 01:04
調整検出: ryo4ryo4n66 2025/04/23 0:49 f → 00:49
調整検出: theoj246 2025/04/23 1:33 f → 01:33
調整検出: theoj246 2025/04/23 9:52 s → 09:52
調整検出: theoj246 2025/04/25 0:19 f → 00:19
調整検出: theoj246 2025/04/30 0:14 s → 00:14
調整検出: theoj246 2025/04/30 2:13 f → 02:13
調整検出: theoj246 2025/05/03 1:37 f → 01:37
調整検出: theoj246 2025/05/08 0:54 f → 00:54
調整検出: theoj246 2025/05/09 0:38 f → 00:38
調整検出: ryo4ryo4n66 2025/05/14 1:57 s → 01:57
調整検出: ryo4ryo4n66 2025/05/14 1:58 f60 → 01:58
調整検出: theoj246 2025/05/16 1:11 f → 01:11
調整検出: theoj246 2025/05/17 2:51 f → 02:51
調整検出: theoj246 2025/05/18 0:18 f → 00:18
調整検出: theoj246 2025/05/19 4:43 s → 04:43
調整検出: theoj246 2025/05/19 8:22 f → 08:22
調整検出: theoj246 2025/05/21 9:22 s → 09:22
調整検出: theoj246 2025/05/22 9:16 s → 09:16
調整検出: ryo4ryo4n66 2025/05/23 0:40 s → 00:40
調整検出: ryo4ryo4n66 2025/05/23 2:15 f → 02:15
調整検出: theoj246 2025/05/23 9:34 s → 09:34
調整検出: ryo4ryo4n66 2025/05/24 0:09 s → 00:09
調整検出: ryo4ryo4n66 2025/05/24 1:17 f → 01:17
調整検出: theoj246 2025/05/24 8:51 s → 08:51
調整検出: theoj246 2025/05/26 8:47 s → 08:47
調整検出: ryo4ryo4n66 2025/05/27 1:36 s → 01:36
調整検出: ryo4ryo4n66 2025/05/27 3:04 f → 03:04
調整検出: kimoppy126 2025/05/28 0:03 f 5/25 19:00 → 00:03
調整検出: theoj246 2025/05/28 0:43 f → 00:43
調整検出: theoj246 2025/05/28 9:56 s → 09:56
調整検出: theoj246 2025/05/29 0:41 s → 00:41
調整検出: theoj246 2025/05/29 2:22 f → 02:22
調整検出: ryo4ryo4n66 2025/05/31 0:58 f → 00:58
調整検出: ryo4ryo4n66 2025/06/02 0:08 s → 00:08
調整検出: ryo4ryo4n66 2025/06/02 2:12 f → 02:12
調整検出: hinako.tsutsumi2525 2025/06/05 1:51 s → 01:51
調整検出: theoj246 2025/06/05 1:57 f → 01:57
調整検出: hinako.tsutsumi2525 2025/06/05 2:28 f → 02:28
調整検出: ujwal.kumar252725 2025/06/05 8:00 f 23:30 → 08:00
調整検出: hinako.tsutsumi2525 2025/06/06 2:15 s → 02:15
調整検出: hinako.tsutsumi2525 2025/06/06 3:24 f → 03:24
調整検出: hinako.tsutsumi2525 2025/06/07 0:22 s → 00:22
調整検出: hinako.tsutsumi2525 2025/06/07 0:57 f → 00:57
調整検出: hinako.tsutsumi2525 2025/06/07 1:45 s → 01:45
調整検出: hinako.tsutsumi2525 2025/06/07 2:08 f → 02:08
調整検出: ujwal.kumar252725 2025/06/09 9:32 f 17:30 → 09:32
調整検出: theoj246 2025/06/10 3:09 f 2:00 → 03:09
調整検出: hinako.tsutsumi2525 2025/06/11 1:05 s → 01:05
調整検出: theoj246 2025/06/11 1:43 f → 01:43
調整検出: hinako.tsutsumi2525 2025/06/11 1:53 f → 01:53
調整検出: ujwal.kumar252725 2025/06/14 8:15 f 11:30 → 08:15
調整検出: hinako.tsutsumi2525 2025/06/16 9:05 s → 09:05
調整検出: ryo4ryo4n66 2025/06/17 1:47 s → 01:47
調整検出: hinako.tsutsumi2525 2025/06/17 2:00 s → 02:00
調整検出: hinako.tsutsumi2525 2025/06/17 2:53 f → 02:53
調整検出: ryo4ryo4n66 2025/06/17 3:51 f → 03:51
調整検出: hinako.tsutsumi2525 2025/06/18 1:32 s → 01:32
調整検出: theoj246 2025/06/18 2:21 f → 02:21
調整検出: hinako.tsutsumi2525 2025/06/18 2:36 f → 02:36
調整検出: hinako.tsutsumi2525 2025/06/19 1:27 s → 01:27
調整検出: hinako.tsutsumi2525 2025/06/19 4:03 f → 04:03
調整検出: hinako.tsutsumi2525 2025/06/20 0:02 s → 00:02
調整検出: hinako.tsutsumi2525 2025/06/20 0:37 f → 00:37
調整検出: hinako.tsutsumi2525 2025/06/21 0:08 s → 00:08
調整検出: theoj246 2025/06/21 0:58 s → 00:58
調整検出: theoj246 2025/06/21 1:56 f → 01:56
調整検出: hinako.tsutsumi2525 2025/06/21 2:19 f → 02:19
調整検出: hinako.tsutsumi2525 2025/06/22 1:56 s → 01:56
調整検出: hinako.tsutsumi2525 2025/06/22 2:39 f → 02:39
調整検出: hinako.tsutsumi2525 2025/06/23 9:43 s → 09:43
調整検出: kouki0802.ao 2025/06/24 0:43 s 00:00 → 00:43
調整検出: kouki0802.ao 2025/06/24 0:44 f 00:30 → 00:44
調整検出: theoj246 2025/06/24 2:31 f → 02:31
調整検出: theoj246 2025/06/25 0:57 f → 00:57
調整検出: ryo4ryo4n66 2025/06/26 0:37 s → 00:37
調整検出: hinako.tsutsumi2525 2025/06/26 1:12 s → 01:12
調整検出: ryo4ryo4n66 2025/06/26 2:23 f → 02:23
調整検出: hinako.tsutsumi2525 2025/06/26 3:48 f → 03:48
調整検出: hinako.tsutsumi2525 2025/06/26 4:44 s → 04:44
調整検出: hinako.tsutsumi2525 2025/06/26 4:51 f → 04:51
調整検出: theoj246 2025/06/29 0:33 f → 00:33
調整検出: hinako.tsutsumi2525 2025/06/29 2:00 s → 02:00
調整検出: hinako.tsutsumi2525 2025/06/29 2:17 f → 02:17
調整検出: kimoppy126 2025/06/30 1:42 f → 01:42
調整検出: theoj246 2025/06/30 2:55 f → 02:55
調整検出: hinako.tsutsumi2525 2025/07/01 2:46 s → 02:46
調整検出: hinako.tsutsumi2525 2025/07/01 4:05 f → 04:05
調整検出: hinako.tsutsumi2525 2025/07/02 9:27 s → 09:27
調整検出: theoj246 2025/07/04 4:17 f → 04:17
調整検出: theoj246 2025/07/04 4:59 s → 04:59
調整検出: theoj246 2025/07/04 6:48 f → 06:48
調整検出: theoj246 2025/07/04 7:20 s → 07:20
調整検出: theoj246 2025/07/04 7:53 f → 07:53
調整検出: hinako.tsutsumi2525 2025/07/07 3:46 s → 03:46
調整検出: hinako.tsutsumi2525 2025/07/07 4:09 f → 04:09
調整検出: hinako.tsutsumi2525 2025/07/08 0:54 s → 00:54
調整検出: hinako.tsutsumi2525 2025/07/08 2:03 f → 02:03
調整検出: ryo4ryo4n66 2025/07/09 0:36 f → 00:36
調整検出: kimoppy126 2025/07/09 0:57 s → 00:57
調整検出: hinako.tsutsumi2525 2025/07/09 9:50 s → 09:50
調整検出: ryo4ryo4n66 2025/07/10 0:14 s → 00:14
調整検出: ryo4ryo4n66 2025/07/10 1:04 f → 01:04
調整検出: kouki0802.ao 2025/07/11 1:30 s 1:00 → 01:30
調整検出: kouki0802.ao 2025/07/11 2:50 f → 02:50
調整検出: theoj246 2025/07/15 0:12 f → 00:12
調整検出: ryo4ryo4n66 2025/07/17 1:12 s → 01:12
調整検出: ryo4ryo4n66 2025/07/17 1:46 f +72 → 01:46
調整検出: hinako.tsutsumi2525 2025/07/19 1:44 s → 01:44
調整検出: hinako.tsutsumi2525 2025/07/19 2:32 f → 02:32
調整検出: kouki0802.ao 2025/07/19 2:40 s +20 → 02:40
調整検出: kouki0802.ao 2025/07/19 3:17 f → 03:17
調整検出: kouki0802.ao 2025/07/21 0:16 s → 00:16
調整検出: kouki0802.ao 2025/07/21 0:52 f → 00:52
調整検出: hinako.tsutsumi2525 2025/07/23 3:56 s → 03:56
調整検出: hinako.tsutsumi2525 2025/07/23 4:28 f → 04:28
調整検出: theoj246 2025/07/25 1:20 f → 01:20
調整検出: hinako.tsutsumi2525 2025/07/25 2:42 s → 02:42
調整検出: ryo4ryo4n66 2025/07/25 2:46 f → 02:46
調整検出: hinako.tsutsumi2525 2025/07/25 4:14 f → 04:14
調整検出: erin.isozu 2025/07/26 0:34 f → 00:34
調整検出: theoj246 2025/07/27 0:17 s → 00:17
調整検出: theoj246 2025/07/27 2:32 f → 02:32
調整検出: hinako.tsutsumi2525 2025/07/28 1:19 s → 01:19
調整検出: hinako.tsutsumi2525 2025/07/28 2:37 f → 02:37
調整検出: yuta.takasu 2025/07/28 9:14 s aoki → 09:14
調整検出: yuta.takasu 2025/07/28 9:26 f aoki → 09:26
調整検出: kouki0802.ao 2025/07/30 0:14 f 18:21 → 00:14
調整検出: ryo4ryo4n66 2025/07/30 0:16 f → 00:16
調整検出: kouki0802.ao 2025/07/30 0:17 s → 00:17
調整検出: kouki0802.ao 2025/07/30 1:57 f → 01:57
調整検出: ryo4ryo4n66 2025/07/31 0:40 s → 00:40
調整検出: ryo4ryo4n66 2025/07/31 3:35 f → 03:35
調整検出: yuta.takasu 2025/07/31 9:19 s aoki → 09:19
調整検出: yuta.takasu 2025/07/31 9:34 f aoki → 09:34
調整検出: hinako.tsutsumi2525 2025/07/31 9:38 s → 09:38
調整検出: kouki0802.ao 2025/08/01 0:13 f → 00:13
調整検出: kimoppy126 2025/08/01 0:16 s → 00:16
調整検出: ryo4ryo4n66 2025/08/04 0:19 s → 00:19
調整検出: ryo4ryo4n66 2025/08/04 1:10 f +90 → 01:10
調整検出: erin.isozu 2025/08/05 1:52 f → 01:52
メッセージから調整検出: f-20 → -20分調整
調整検出: marikou180522 2025/08/06 19:39 f-20 → 19:19
調整検出: ryo4ryo4n66 2025/08/07 0:57 s → 00:57
調整検出: marikou180522 2025/08/07 1:01 f → 01:01
調整検出: erin.isozu 2025/08/07 2:07 s → 02:07
調整検出: ryo4ryo4n66 2025/08/07 3:14 f → 03:14
調整検出: erin.isozu 2025/08/07 4:12 f → 04:12
メッセージから調整検出: s+60 → 60分調整
調整検出: marikou180522 2025/08/07 19:32 s+60 → 18:32
メッセージから調整検出: s+20 → 20分調整
調整検出: marikou180522 2025/08/07 23:58 s+20 → 23:38
調整検出: ryo4ryo4n66 2025/08/08 0:36 s → 00:36
調整検出: marikou180522 2025/08/08 0:47 f → 00:47
調整検出: theoj246 2025/08/08 1:38 f → 01:38
調整検出: ryo4ryo4n66 2025/08/08 4:40 f → 04:40
調整検出: marikou180522 2025/08/08 6:04 s → 06:04
調整検出: marikou180522 2025/08/08 8:00 f → 08:00
メッセージから調整検出: f-45 → -45分調整
調整検出: marikou180522 2025/08/08 19:30 f-45 → 18:45
調整検出: erin.isozu 2025/08/09 0:17 s → 00:17
調整検出: ryo4ryo4n66 2025/08/09 0:48 s → 00:48
調整検出: erin.isozu 2025/08/09 1:50 f → 01:50
調整検出: ryo4ryo4n66 2025/08/09 2:52 f → 02:52
調整検出: erin.isozu 2025/08/09 4:44 s → 04:44
調整検出: erin.isozu 2025/08/09 6:08 f -40 → 06:08
調整検出: theoj246 2025/08/09 9:30 s → 09:30
調整検出: erin.isozu 2025/08/10 0:14 f → 00:14
調整検出: erin.isozu 2025/08/10 0:46 s → 00:46
調整検出: erin.isozu 2025/08/10 2:09 f → 02:09
調整検出: erin.isozu 2025/08/10 4:12 s → 04:12
調整検出: erin.isozu 2025/08/10 6:33 f → 06:33
調整検出: kouki0802.ao 2025/08/11 0:10 f → 00:10
調整検出: erin.isozu 2025/08/11 1:04 f → 01:04
メッセージから調整検出: s+90 → 90分調整
調整検出: marikou180522 2025/08/11 1:55 s+90 → 00:25
警告: Yohei Watanabe - 開始時刻なしの終了 2024/06/21 21:30
警告: Yohei Watanabe - 連続する開始時刻を検出、前のセッションを自動終了
警告: deerveryone - 開始時刻なしの終了 2024/09/05 18:54
警告: deerveryone - 開始時刻なしの終了 2024/09/05 21:10
警告: info - 開始時刻なしの終了 2024/10/31 18:03
警告: info - 連続する開始時刻を検出、前のセッションを自動終了
エラー: info - 24時間超過を検出 2024/12/14 09:17 → 2025/05/20 13:44 = 226347分
警告: info - 開始時刻なしの終了 2025/07/18 21:49
情報: info - 未完了のセッション 2025/07/18 21:51
警告: theoj246 - 連続する開始時刻を検出、前のセッションを自動終了
警告: theoj246 - 開始時刻なしの終了 2025/03/06 16:51
警告: theoj246 - 連続する開始時刻を検出、前のセッションを自動終了
警告: theoj246 - 開始時刻なしの終了 2025/03/10 17:58
警告: theoj246 - 開始時刻なしの終了 2025/03/10 19:05
警告: theoj246 - 連続する開始時刻を検出、前のセッションを自動終了
警告: theoj246 - 開始時刻なしの終了 2025/03/11 01:09
警告: theoj246 - 連続する開始時刻を検出、前のセッションを自動終了
警告: theoj246 - 連続する開始時刻を検出、前のセッションを自動終了
エラー: theoj246 - 24時間超過を検出 2025/07/12 15:51 → 2025/07/14 10:34 = 2563分
警告: theoj246 - 連続する開始時刻を検出、前のセッションを自動終了
警告: theoj246 - 開始時刻なしの終了 2025/08/06 13:33
エラー: ryo4ryo4n66 - 24時間超過を検出 2024/11/02 13:59 → 2024/11/03 15:36 = 1537分
警告: ryo4ryo4n66 - 連続する開始時刻を検出、前のセッションを自動終了
警告: ryo4ryo4n66 - 連続する開始時刻を検出、前のセッションを自動終了
警告: ryo4ryo4n66 - 開始時刻なしの終了 2025/03/11 14:15
警告: ryo4ryo4n66 - 連続する開始時刻を検出、前のセッションを自動終了
警告: ryo4ryo4n66 - 開始時刻なしの終了 2025/03/26 17:50
警告: ryo4ryo4n66 - 連続する開始時刻を検出、前のセッションを自動終了
警告: ryo4ryo4n66 - 連続する開始時刻を検出、前のセッションを自動終了
エラー: ryo4ryo4n66 - 24時間超過を検出 2025/05/10 15:56 → 2025/05/12 13:03 = 2707分
警告: ryo4ryo4n66 - 開始時刻なしの終了 2025/06/13 19:47
警告: ryo4ryo4n66 - 開始時刻なしの終了 2025/07/09 13:35
情報: A - 未完了のセッション 2024/09/25 13:22
警告: osaryo523778 - 連続する開始時刻を検出、前のセッションを自動終了
エラー: kimoppy126 - 24時間超過を検出 2025/05/25 15:05 → 2025/05/28 00:03 = 3418分
警告: kimoppy126 - 連続する開始時刻を検出、前のセッションを自動終了
警告: kimoppy126 - 連続する開始時刻を検出、前のセッションを自動終了
警告: kimoppy126 - 連続する開始時刻を検出、前のセッションを自動終了
警告: kimoppy126 - 連続する開始時刻を検出、前のセッションを自動終了
情報: kimoppy126 - 未完了のセッション 2025/08/01 00:16
警告: yuta.takasu - 連続する開始時刻を検出、前のセッションを自動終了
警告: yuta.takasu - 連続する開始時刻を検出、前のセッションを自動終了
警告: yuta.takasu - 連続する開始時刻を検出、前のセッションを自動終了
警告: hinako.tsutsumi2525 - 開始時刻なしの終了 2025/06/23 14:49
警告: ujwal.kumar252725 - 連続する開始時刻を検出、前のセッションを自動終了
警告: ujwal.kumar252725 - 開始時刻なしの終了 2025/07/10 23:18
警告: ujwal.kumar252725 - 開始時刻なしの終了 2025/07/15 18:31
警告: ujwal.kumar252725 - 開始時刻なしの終了 2025/07/16 11:59
警告: ujwal.kumar252725 - 開始時刻なしの終了 2025/07/18 21:49
警告: ujwal.kumar252725 - 連続する開始時刻を検出、前のセッションを自動終了
警告: ujwal.kumar252725 - 連続する開始時刻を検出、前のセッションを自動終了
情報: ujwal.kumar252725 - 未完了のセッション 2025/07/18 21:51
警告: kouki0802.ao - 開始時刻なしの終了 2025/06/20 17:11
警告: kouki0802.ao - 開始時刻なしの終了 2025/06/28 18:25
警告: kouki0802.ao - 開始時刻なしの終了 2025/07/03 17:13
エラー: kouki0802.ao - 24時間超過を検出 2025/07/04 17:50 → 2025/07/05 17:59 = 1449分
警告: kouki0802.ao - 連続する開始時刻を検出、前のセッションを自動終了
警告: kouki0802.ao - 連続する開始時刻を検出、前のセッションを自動終了
警告: kouki0802.ao - 開始時刻なしの終了 2025/08/05 18:18
警告: marikou180522 - 連続する開始時刻を検出、前のセッションを自動終了
情報: marikou180522 - 未完了のセッション 2025/08/11 00:25
INFO:     127.0.0.1:50703 - "GET /subpage/daily-chart?days=31&top_users=15 HTTP/1.1" 200 OK
調整検出: Yohei Watanabe 2024/06/16 3:10 終了 → 03:10
調整検出: Yohei Watanabe 2024/06/27 0:07 開始 → 00:07
調整検出: Yohei Watanabe 2024/06/27 2:03 終了 → 02:03
調整検出: deerveryone 2024/07/12 8:50 開始：EB関連Notion管理（修正） → 08:50
調整検出: deerveryone 2024/07/12 9:20 終了 → 09:20
調整検出: lyuki093 2024/07/16 8:57 開始 → 08:57
調整検出: deerveryone 2024/07/16 9:38 開始 → 09:38
調整検出: deerveryone 2024/08/21 7:54 開始 → 07:54
調整検出: deerveryone 2024/08/21 9:02 終了 → 09:02
調整検出: deerveryone 2024/08/28 8:52 開始 → 08:52
調整検出: theoj246 2024/09/06 8:22 開始 → 08:22
調整検出: deerveryone 2024/09/06 9:20 開始（08:20に修正） → 09:20
調整検出: theoj246 2024/09/06 9:31 終了 → 09:31
調整検出: deerveryone 2024/09/09 9:45 開始 → 09:45
調整検出: deerveryone 2024/09/11 8:56 開始 → 08:56
調整検出: theoj246 2024/09/11 9:59 開始 → 09:59
調整検出: deerveryone 2024/09/11 9:40 終了 9:40 → 09:40
調整検出: theoj246 2024/09/18 0:16 終了 → 00:16
調整検出: deerveryone 2024/09/18 8:51 開始 → 08:51
調整検出: ryo4ryo4n66 2024/09/18 9:32 開始 → 09:32
調整検出: theoj246 2024/09/19 0:19 開始 → 00:19
調整検出: theoj246 2024/09/19 0:47 終了 → 00:47
調整検出: theoj246 2024/09/19 8:53 開始 → 08:53
調整検出: deerveryone 2024/09/21 9:15 開始 → 09:15
調整検出: ryo4ryo4n66 2024/09/21 9:38 開始 → 09:38
調整検出: ryo4ryo4n66 2024/09/23 0:23 開始 → 00:23
調整検出: deerveryone 2024/09/23 9:00 終了 → 09:00
調整検出: theoj246 2024/09/24 9:04 開始 → 09:04
調整検出: theoj246 2024/09/24 9:32 終了 → 09:32
調整検出: theoj246 2024/09/25 8:51 開始 → 08:51
調整検出: deerveryone 2024/09/27 9:08 開始 → 09:08
調整検出: theoj246 2024/10/06 0:45 開始 → 00:45
調整検出: theoj246 2024/10/06 1:46 終了 → 01:46
調整検出: theoj246 2024/10/07 0:05 終了 → 00:05
調整検出: theoj246 2024/10/09 0:52 開始 → 00:52
調整検出: theoj246 2024/10/09 1:19 終了 → 01:19
調整検出: theoj246 2024/10/09 9:06 開始 → 09:06
調整検出: theoj246 2024/10/09 9:58 終了 → 09:58
調整検出: theoj246 2024/10/11 9:23 開始 → 09:23
調整検出: theoj246 2024/10/13 0:29 開始 → 00:29
調整検出: theoj246 2024/10/13 1:29 終了 → 01:29
調整検出: theoj246 2024/10/13 9:31 開始 → 09:31
調整検出: osaryo523778 2024/10/17 1:18 終了 → 01:18
調整検出: theoj246 2024/10/17 8:58 開始 → 08:58
調整検出: theoj246 2024/10/17 9:43 終了 → 09:43
調整検出: osaryo523778 2024/10/18 0:00 終了 → 00:00
調整検出: theoj246 2024/10/18 9:11 開始 → 09:11
調整検出: theoj246 2024/10/20 9:53 開始 → 09:53
調整検出: osaryo523778 2024/10/21 1:10 終了 → 01:10
調整検出: osaryo523778 2024/10/21 8:03 開始 → 08:03
調整検出: theoj246 2024/10/23 8:43 開始 → 08:43
調整検出: theoj246 2024/10/23 9:40 終了 → 09:40
調整検出: osaryo523778 2024/10/26 2:53 s → 02:53
調整検出: osaryo523778 2024/10/26 4:53 f → 04:53
調整検出: theoj246 2024/10/27 0:24 s → 00:24
調整検出: theoj246 2024/10/27 1:30 f → 01:30
調整検出: theoj246 2024/10/28 0:17 s → 00:17
調整検出: theoj246 2024/10/28 1:34 f → 01:34
調整検出: ryo4ryo4n66 2024/10/29 0:57 f → 00:57
調整検出: theoj246 2024/11/04 0:02 s → 00:02
調整検出: theoj246 2024/11/04 0:18 f → 00:18
調整検出: theoj246 2024/11/08 0:51 f → 00:51
調整検出: theoj246 2024/11/10 1:26 f → 01:26
調整検出: ryo4ryo4n66 2024/11/12 0:15 f → 00:15
調整検出: osaryo523778 2024/11/16 1:34 s → 01:34
調整検出: ryo4ryo4n66 2024/11/16 2:52 f → 02:52
調整検出: osaryo523778 2024/11/16 4:21 f → 04:21
調整検出: osaryo523778 2024/11/17 0:43 f → 00:43
調整検出: theoj246 2024/11/18 0:13 s → 00:13
調整検出: theoj246 2024/11/18 0:41 f → 00:41
調整検出: theoj246 2024/11/21 0:49 f → 00:49
調整検出: theoj246 2024/11/23 2:08 f → 02:08
調整検出: theoj246 2024/11/24 1:11 f → 01:11
調整検出: osaryo523778 2024/11/26 0:26 f → 00:26
調整検出: theoj246 2024/11/28 0:49 f → 00:49
調整検出: theoj246 2024/11/29 1:33 f → 01:33
調整検出: osaryo523778 2024/12/03 1:49 f → 01:49
調整検出: ryo4ryo4n66 2024/12/06 0:53 s → 00:53
調整検出: ryo4ryo4n66 2024/12/06 2:20 f → 02:20
調整検出: osaryo523778 2024/12/10 1:17 s → 01:17
調整検出: osaryo523778 2024/12/10 3:27 f → 03:27
調整検出: theoj246 2024/12/10 8:32 s → 08:32
調整検出: theoj246 2024/12/11 9:46 s → 09:46
調整検出: theoj246 2024/12/14 9:01 s → 09:01
調整検出: info 2024/12/14 9:17 s → 09:17
調整検出: ryo4ryo4n66 2024/12/15 0:09 f → 00:09
調整検出: theoj246 2024/12/16 0:52 f → 00:52
調整検出: theoj246 2024/12/16 8:42 s → 08:42
調整検出: theoj246 2024/12/17 0:04 f → 00:04
調整検出: theoj246 2024/12/18 8:53 f -30s → 08:53
調整検出: theoj246 2024/12/18 8:53 s → 08:53
調整検出: theoj246 2024/12/19 1:03 f 22:00 → 01:03
調整検出: theoj246 2024/12/19 9:34 s → 09:34
調整検出: theoj246 2024/12/20 9:01 s → 09:01
調整検出: theoj246 2024/12/20 9:51 f → 09:51
調整検出: theoj246 2024/12/22 0:34 f → 00:34
調整検出: theoj246 2024/12/22 9:36 s → 09:36
調整検出: theoj246 2024/12/24 9:46 s → 09:46
調整検出: theoj246 2025/01/04 0:40 f → 00:40
調整検出: theoj246 2025/01/04 9:58 s → 09:58
調整検出: theoj246 2025/01/10 0:35 f → 00:35
調整検出: theoj246 2025/01/13 0:47 f → 00:47
調整検出: osaryo523778 2025/01/14 0:58 f → 00:58
調整検出: theoj246 2025/01/16 9:09 f - 21:00 → 09:09
調整検出: theoj246 2025/01/20 9:16 s → 09:16
調整検出: theoj246 2025/01/20 9:49 f → 09:49
調整検出: theoj246 2025/01/27 9:03 s → 09:03
調整検出: ryo4ryo4n66 2025/01/30 0:02 s → 00:02
調整検出: ryo4ryo4n66 2025/01/30 3:07 f → 03:07
調整検出: theoj246 2025/02/11 1:17 s → 01:17
調整検出: theoj246 2025/02/11 1:40 f → 01:40
調整検出: theoj246 2025/02/12 0:27 f → 00:27
調整検出: theoj246 2025/02/13 9:21 s → 09:21
調整検出: theoj246 2025/02/19 9:07 s → 09:07
調整検出: theoj246 2025/02/24 0:27 f → 00:27
調整検出: ryo4ryo4n66 2025/02/27 0:03 f → 00:03
調整検出: kimoppy126 2025/03/06 7:29 s → 07:29
調整検出: kimoppy126 2025/03/06 9:25 f → 09:25
調整検出: kimoppy126 2025/03/09 8:38 s → 08:38
調整検出: theoj246 2025/03/10 0:07 f → 00:07
調整検出: ryo4ryo4n66 2025/03/10 0:26 f → 00:26
調整検出: theoj246 2025/03/10 9:58 s → 09:58
調整検出: ryo4ryo4n66 2025/03/11 1:03 f -3:35 → 01:03
調整検出: theoj246 2025/03/11 1:09 f → 01:09
調整検出: theoj246 2025/03/11 9:47 s → 09:47
調整検出: theoj246 2025/03/12 0:07 f → 00:07
調整検出: theoj246 2025/03/18 0:25 f 20:20 → 00:25
調整検出: ryo4ryo4n66 2025/03/18 0:32 f 20:20 → 00:32
調整検出: ryo4ryo4n66 2025/03/18 0:32 s → 00:32
調整検出: theoj246 2025/03/18 1:13 s → 01:13
調整検出: theoj246 2025/03/18 1:35 f → 01:35
調整検出: ryo4ryo4n66 2025/03/18 1:50 f → 01:50
調整検出: ryo4ryo4n66 2025/03/22 1:18 s → 01:18
調整検出: ryo4ryo4n66 2025/03/22 2:09 f → 02:09
調整検出: theoj246 2025/03/22 5:06 f → 05:06
調整検出: theoj246 2025/03/24 0:11 f → 00:11
調整検出: theoj246 2025/03/26 0:11 s → 00:11
調整検出: theoj246 2025/03/26 1:07 f → 01:07
調整検出: ryo4ryo4n66 2025/03/26 1:11 s → 01:11
調整検出: ryo4ryo4n66 2025/03/26 1:59 f ＋ 180 → 01:59
調整検出: theoj246 2025/03/28 0:42 f → 00:42
調整検出: ryo4ryo4n66 2025/03/28 0:45 s → 00:45
調整検出: ryo4ryo4n66 2025/03/28 2:41 f → 02:41
調整検出: theoj246 2025/03/31 9:12 s → 09:12
調整検出: ryo4ryo4n66 2025/04/01 0:46 f → 00:46
調整検出: ryo4ryo4n66 2025/04/03 1:16 f → 01:16
調整検出: theoj246 2025/04/04 0:37 f → 00:37
調整検出: theoj246 2025/04/05 0:44 f → 00:44
調整検出: theoj246 2025/04/07 0:30 s → 00:30
調整検出: theoj246 2025/04/07 2:20 f → 02:20
調整検出: ryo4ryo4n66 2025/04/08 0:05 s → 00:05
調整検出: ryo4ryo4n66 2025/04/08 0:35 f → 00:35
調整検出: theoj246 2025/04/09 1:01 f → 01:01
調整検出: theoj246 2025/04/10 0:14 s → 00:14
調整検出: theoj246 2025/04/10 0:39 f → 00:39
調整検出: kimoppy126 2025/04/14 1:31 f → 01:31
調整検出: theoj246 2025/04/16 0:02 f → 00:02
調整検出: kimoppy126 2025/04/20 4:05 f → 04:05
調整検出: theoj246 2025/04/21 1:29 f → 01:29
調整検出: ryo4ryo4n66 2025/04/22 0:31 s → 00:31
調整検出: theoj246 2025/04/22 0:45 f → 00:45
調整検出: ryo4ryo4n66 2025/04/22 1:04 f → 01:04
調整検出: ryo4ryo4n66 2025/04/23 0:49 f → 00:49
調整検出: theoj246 2025/04/23 1:33 f → 01:33
調整検出: theoj246 2025/04/23 9:52 s → 09:52
調整検出: theoj246 2025/04/25 0:19 f → 00:19
調整検出: theoj246 2025/04/30 0:14 s → 00:14
調整検出: theoj246 2025/04/30 2:13 f → 02:13
調整検出: theoj246 2025/05/03 1:37 f → 01:37
調整検出: theoj246 2025/05/08 0:54 f → 00:54
調整検出: theoj246 2025/05/09 0:38 f → 00:38
調整検出: ryo4ryo4n66 2025/05/14 1:57 s → 01:57
調整検出: ryo4ryo4n66 2025/05/14 1:58 f60 → 01:58
調整検出: theoj246 2025/05/16 1:11 f → 01:11
調整検出: theoj246 2025/05/17 2:51 f → 02:51
調整検出: theoj246 2025/05/18 0:18 f → 00:18
調整検出: theoj246 2025/05/19 4:43 s → 04:43
調整検出: theoj246 2025/05/19 8:22 f → 08:22
調整検出: theoj246 2025/05/21 9:22 s → 09:22
調整検出: theoj246 2025/05/22 9:16 s → 09:16
調整検出: ryo4ryo4n66 2025/05/23 0:40 s → 00:40
調整検出: ryo4ryo4n66 2025/05/23 2:15 f → 02:15
調整検出: theoj246 2025/05/23 9:34 s → 09:34
調整検出: ryo4ryo4n66 2025/05/24 0:09 s → 00:09
調整検出: ryo4ryo4n66 2025/05/24 1:17 f → 01:17
調整検出: theoj246 2025/05/24 8:51 s → 08:51
調整検出: theoj246 2025/05/26 8:47 s → 08:47
調整検出: ryo4ryo4n66 2025/05/27 1:36 s → 01:36
調整検出: ryo4ryo4n66 2025/05/27 3:04 f → 03:04
調整検出: kimoppy126 2025/05/28 0:03 f 5/25 19:00 → 00:03
調整検出: theoj246 2025/05/28 0:43 f → 00:43
調整検出: theoj246 2025/05/28 9:56 s → 09:56
調整検出: theoj246 2025/05/29 0:41 s → 00:41
調整検出: theoj246 2025/05/29 2:22 f → 02:22
調整検出: ryo4ryo4n66 2025/05/31 0:58 f → 00:58
調整検出: ryo4ryo4n66 2025/06/02 0:08 s → 00:08
調整検出: ryo4ryo4n66 2025/06/02 2:12 f → 02:12
調整検出: hinako.tsutsumi2525 2025/06/05 1:51 s → 01:51
調整検出: theoj246 2025/06/05 1:57 f → 01:57
調整検出: hinako.tsutsumi2525 2025/06/05 2:28 f → 02:28
調整検出: ujwal.kumar252725 2025/06/05 8:00 f 23:30 → 08:00
調整検出: hinako.tsutsumi2525 2025/06/06 2:15 s → 02:15
調整検出: hinako.tsutsumi2525 2025/06/06 3:24 f → 03:24
調整検出: hinako.tsutsumi2525 2025/06/07 0:22 s → 00:22
調整検出: hinako.tsutsumi2525 2025/06/07 0:57 f → 00:57
調整検出: hinako.tsutsumi2525 2025/06/07 1:45 s → 01:45
調整検出: hinako.tsutsumi2525 2025/06/07 2:08 f → 02:08
調整検出: ujwal.kumar252725 2025/06/09 9:32 f 17:30 → 09:32
調整検出: theoj246 2025/06/10 3:09 f 2:00 → 03:09
調整検出: hinako.tsutsumi2525 2025/06/11 1:05 s → 01:05
調整検出: theoj246 2025/06/11 1:43 f → 01:43
調整検出: hinako.tsutsumi2525 2025/06/11 1:53 f → 01:53
調整検出: ujwal.kumar252725 2025/06/14 8:15 f 11:30 → 08:15
調整検出: hinako.tsutsumi2525 2025/06/16 9:05 s → 09:05
調整検出: ryo4ryo4n66 2025/06/17 1:47 s → 01:47
調整検出: hinako.tsutsumi2525 2025/06/17 2:00 s → 02:00
調整検出: hinako.tsutsumi2525 2025/06/17 2:53 f → 02:53
調整検出: ryo4ryo4n66 2025/06/17 3:51 f → 03:51
調整検出: hinako.tsutsumi2525 2025/06/18 1:32 s → 01:32
調整検出: theoj246 2025/06/18 2:21 f → 02:21
調整検出: hinako.tsutsumi2525 2025/06/18 2:36 f → 02:36
調整検出: hinako.tsutsumi2525 2025/06/19 1:27 s → 01:27
調整検出: hinako.tsutsumi2525 2025/06/19 4:03 f → 04:03
調整検出: hinako.tsutsumi2525 2025/06/20 0:02 s → 00:02
調整検出: hinako.tsutsumi2525 2025/06/20 0:37 f → 00:37
調整検出: hinako.tsutsumi2525 2025/06/21 0:08 s → 00:08
調整検出: theoj246 2025/06/21 0:58 s → 00:58
調整検出: theoj246 2025/06/21 1:56 f → 01:56
調整検出: hinako.tsutsumi2525 2025/06/21 2:19 f → 02:19
調整検出: hinako.tsutsumi2525 2025/06/22 1:56 s → 01:56
調整検出: hinako.tsutsumi2525 2025/06/22 2:39 f → 02:39
調整検出: hinako.tsutsumi2525 2025/06/23 9:43 s → 09:43
調整検出: kouki0802.ao 2025/06/24 0:43 s 00:00 → 00:43
調整検出: kouki0802.ao 2025/06/24 0:44 f 00:30 → 00:44
調整検出: theoj246 2025/06/24 2:31 f → 02:31
調整検出: theoj246 2025/06/25 0:57 f → 00:57
調整検出: ryo4ryo4n66 2025/06/26 0:37 s → 00:37
調整検出: hinako.tsutsumi2525 2025/06/26 1:12 s → 01:12
調整検出: ryo4ryo4n66 2025/06/26 2:23 f → 02:23
調整検出: hinako.tsutsumi2525 2025/06/26 3:48 f → 03:48
調整検出: hinako.tsutsumi2525 2025/06/26 4:44 s → 04:44
調整検出: hinako.tsutsumi2525 2025/06/26 4:51 f → 04:51
調整検出: theoj246 2025/06/29 0:33 f → 00:33
調整検出: hinako.tsutsumi2525 2025/06/29 2:00 s → 02:00
調整検出: hinako.tsutsumi2525 2025/06/29 2:17 f → 02:17
調整検出: kimoppy126 2025/06/30 1:42 f → 01:42
調整検出: theoj246 2025/06/30 2:55 f → 02:55
調整検出: hinako.tsutsumi2525 2025/07/01 2:46 s → 02:46
調整検出: hinako.tsutsumi2525 2025/07/01 4:05 f → 04:05
調整検出: hinako.tsutsumi2525 2025/07/02 9:27 s → 09:27
調整検出: theoj246 2025/07/04 4:17 f → 04:17
調整検出: theoj246 2025/07/04 4:59 s → 04:59
調整検出: theoj246 2025/07/04 6:48 f → 06:48
調整検出: theoj246 2025/07/04 7:20 s → 07:20
調整検出: theoj246 2025/07/04 7:53 f → 07:53
調整検出: hinako.tsutsumi2525 2025/07/07 3:46 s → 03:46
調整検出: hinako.tsutsumi2525 2025/07/07 4:09 f → 04:09
調整検出: hinako.tsutsumi2525 2025/07/08 0:54 s → 00:54
調整検出: hinako.tsutsumi2525 2025/07/08 2:03 f → 02:03
調整検出: ryo4ryo4n66 2025/07/09 0:36 f → 00:36
調整検出: kimoppy126 2025/07/09 0:57 s → 00:57
調整検出: hinako.tsutsumi2525 2025/07/09 9:50 s → 09:50
調整検出: ryo4ryo4n66 2025/07/10 0:14 s → 00:14
調整検出: ryo4ryo4n66 2025/07/10 1:04 f → 01:04
調整検出: kouki0802.ao 2025/07/11 1:30 s 1:00 → 01:30
調整検出: kouki0802.ao 2025/07/11 2:50 f → 02:50
調整検出: theoj246 2025/07/15 0:12 f → 00:12
調整検出: ryo4ryo4n66 2025/07/17 1:12 s → 01:12
調整検出: ryo4ryo4n66 2025/07/17 1:46 f +72 → 01:46
調整検出: hinako.tsutsumi2525 2025/07/19 1:44 s → 01:44
調整検出: hinako.tsutsumi2525 2025/07/19 2:32 f → 02:32
調整検出: kouki0802.ao 2025/07/19 2:40 s +20 → 02:40
調整検出: kouki0802.ao 2025/07/19 3:17 f → 03:17
調整検出: kouki0802.ao 2025/07/21 0:16 s → 00:16
調整検出: kouki0802.ao 2025/07/21 0:52 f → 00:52
調整検出: hinako.tsutsumi2525 2025/07/23 3:56 s → 03:56
調整検出: hinako.tsutsumi2525 2025/07/23 4:28 f → 04:28
調整検出: theoj246 2025/07/25 1:20 f → 01:20
調整検出: hinako.tsutsumi2525 2025/07/25 2:42 s → 02:42
調整検出: ryo4ryo4n66 2025/07/25 2:46 f → 02:46
調整検出: hinako.tsutsumi2525 2025/07/25 4:14 f → 04:14
調整検出: erin.isozu 2025/07/26 0:34 f → 00:34
調整検出: theoj246 2025/07/27 0:17 s → 00:17
調整検出: theoj246 2025/07/27 2:32 f → 02:32
調整検出: hinako.tsutsumi2525 2025/07/28 1:19 s → 01:19
調整検出: hinako.tsutsumi2525 2025/07/28 2:37 f → 02:37
調整検出: yuta.takasu 2025/07/28 9:14 s aoki → 09:14
調整検出: yuta.takasu 2025/07/28 9:26 f aoki → 09:26
調整検出: kouki0802.ao 2025/07/30 0:14 f 18:21 → 00:14
調整検出: ryo4ryo4n66 2025/07/30 0:16 f → 00:16
調整検出: kouki0802.ao 2025/07/30 0:17 s → 00:17
調整検出: kouki0802.ao 2025/07/30 1:57 f → 01:57
調整検出: ryo4ryo4n66 2025/07/31 0:40 s → 00:40
調整検出: ryo4ryo4n66 2025/07/31 3:35 f → 03:35
調整検出: yuta.takasu 2025/07/31 9:19 s aoki → 09:19
調整検出: yuta.takasu 2025/07/31 9:34 f aoki → 09:34
調整検出: hinako.tsutsumi2525 2025/07/31 9:38 s → 09:38
調整検出: kouki0802.ao 2025/08/01 0:13 f → 00:13
調整検出: kimoppy126 2025/08/01 0:16 s → 00:16
調整検出: ryo4ryo4n66 2025/08/04 0:19 s → 00:19
調整検出: ryo4ryo4n66 2025/08/04 1:10 f +90 → 01:10
調整検出: erin.isozu 2025/08/05 1:52 f → 01:52
メッセージから調整検出: f-20 → -20分調整
調整検出: marikou180522 2025/08/06 19:39 f-20 → 19:19
調整検出: ryo4ryo4n66 2025/08/07 0:57 s → 00:57
調整検出: marikou180522 2025/08/07 1:01 f → 01:01
調整検出: erin.isozu 2025/08/07 2:07 s → 02:07
調整検出: ryo4ryo4n66 2025/08/07 3:14 f → 03:14
調整検出: erin.isozu 2025/08/07 4:12 f → 04:12
メッセージから調整検出: s+60 → 60分調整
調整検出: marikou180522 2025/08/07 19:32 s+60 → 18:32
メッセージから調整検出: s+20 → 20分調整
調整検出: marikou180522 2025/08/07 23:58 s+20 → 23:38
調整検出: ryo4ryo4n66 2025/08/08 0:36 s → 00:36
調整検出: marikou180522 2025/08/08 0:47 f → 00:47
調整検出: theoj246 2025/08/08 1:38 f → 01:38
調整検出: ryo4ryo4n66 2025/08/08 4:40 f → 04:40
調整検出: marikou180522 2025/08/08 6:04 s → 06:04
調整検出: marikou180522 2025/08/08 8:00 f → 08:00
メッセージから調整検出: f-45 → -45分調整
調整検出: marikou180522 2025/08/08 19:30 f-45 → 18:45
調整検出: erin.isozu 2025/08/09 0:17 s → 00:17
調整検出: ryo4ryo4n66 2025/08/09 0:48 s → 00:48
調整検出: erin.isozu 2025/08/09 1:50 f → 01:50
調整検出: ryo4ryo4n66 2025/08/09 2:52 f → 02:52
調整検出: erin.isozu 2025/08/09 4:44 s → 04:44
調整検出: erin.isozu 2025/08/09 6:08 f -40 → 06:08
調整検出: theoj246 2025/08/09 9:30 s → 09:30
調整検出: erin.isozu 2025/08/10 0:14 f → 00:14
調整検出: erin.isozu 2025/08/10 0:46 s → 00:46
調整検出: erin.isozu 2025/08/10 2:09 f → 02:09
調整検出: erin.isozu 2025/08/10 4:12 s → 04:12
調整検出: erin.isozu 2025/08/10 6:33 f → 06:33
調整検出: kouki0802.ao 2025/08/11 0:10 f → 00:10
調整検出: erin.isozu 2025/08/11 1:04 f → 01:04
メッセージから調整検出: s+90 → 90分調整
調整検出: marikou180522 2025/08/11 1:55 s+90 → 00:25
警告: Yohei Watanabe - 開始時刻なしの終了 2024/06/21 21:30
警告: Yohei Watanabe - 連続する開始時刻を検出、前のセッションを自動終了
警告: deerveryone - 開始時刻なしの終了 2024/09/05 18:54
警告: deerveryone - 開始時刻なしの終了 2024/09/05 21:10
警告: info - 開始時刻なしの終了 2024/10/31 18:03
警告: info - 連続する開始時刻を検出、前のセッションを自動終了
エラー: info - 24時間超過を検出 2024/12/14 09:17 → 2025/05/20 13:44 = 226347分
警告: info - 開始時刻なしの終了 2025/07/18 21:49
情報: info - 未完了のセッション 2025/07/18 21:51
警告: theoj246 - 連続する開始時刻を検出、前のセッションを自動終了
警告: theoj246 - 開始時刻なしの終了 2025/03/06 16:51
警告: theoj246 - 連続する開始時刻を検出、前のセッションを自動終了
警告: theoj246 - 開始時刻なしの終了 2025/03/10 17:58
警告: theoj246 - 開始時刻なしの終了 2025/03/10 19:05
警告: theoj246 - 連続する開始時刻を検出、前のセッションを自動終了
警告: theoj246 - 開始時刻なしの終了 2025/03/11 01:09
警告: theoj246 - 連続する開始時刻を検出、前のセッションを自動終了
警告: theoj246 - 連続する開始時刻を検出、前のセッションを自動終了
エラー: theoj246 - 24時間超過を検出 2025/07/12 15:51 → 2025/07/14 10:34 = 2563分
警告: theoj246 - 連続する開始時刻を検出、前のセッションを自動終了
警告: theoj246 - 開始時刻なしの終了 2025/08/06 13:33
エラー: ryo4ryo4n66 - 24時間超過を検出 2024/11/02 13:59 → 2024/11/03 15:36 = 1537分
警告: ryo4ryo4n66 - 連続する開始時刻を検出、前のセッションを自動終了
警告: ryo4ryo4n66 - 連続する開始時刻を検出、前のセッションを自動終了
警告: ryo4ryo4n66 - 開始時刻なしの終了 2025/03/11 14:15
警告: ryo4ryo4n66 - 連続する開始時刻を検出、前のセッションを自動終了
警告: ryo4ryo4n66 - 開始時刻なしの終了 2025/03/26 17:50
警告: ryo4ryo4n66 - 連続する開始時刻を検出、前のセッションを自動終了
警告: ryo4ryo4n66 - 連続する開始時刻を検出、前のセッションを自動終了
エラー: ryo4ryo4n66 - 24時間超過を検出 2025/05/10 15:56 → 2025/05/12 13:03 = 2707分
警告: ryo4ryo4n66 - 開始時刻なしの終了 2025/06/13 19:47
警告: ryo4ryo4n66 - 開始時刻なしの終了 2025/07/09 13:35
情報: A - 未完了のセッション 2024/09/25 13:22
警告: osaryo523778 - 連続する開始時刻を検出、前のセッションを自動終了
エラー: kimoppy126 - 24時間超過を検出 2025/05/25 15:05 → 2025/05/28 00:03 = 3418分
警告: kimoppy126 - 連続する開始時刻を検出、前のセッションを自動終了
警告: kimoppy126 - 連続する開始時刻を検出、前のセッションを自動終了
警告: kimoppy126 - 連続する開始時刻を検出、前のセッションを自動終了
警告: kimoppy126 - 連続する開始時刻を検出、前のセッションを自動終了
情報: kimoppy126 - 未完了のセッション 2025/08/01 00:16
警告: yuta.takasu - 連続する開始時刻を検出、前のセッションを自動終了
警告: yuta.takasu - 連続する開始時刻を検出、前のセッションを自動終了
警告: yuta.takasu - 連続する開始時刻を検出、前のセッションを自動終了
警告: hinako.tsutsumi2525 - 開始時刻なしの終了 2025/06/23 14:49
警告: ujwal.kumar252725 - 連続する開始時刻を検出、前のセッションを自動終了
警告: ujwal.kumar252725 - 開始時刻なしの終了 2025/07/10 23:18
警告: ujwal.kumar252725 - 開始時刻なしの終了 2025/07/15 18:31
警告: ujwal.kumar252725 - 開始時刻なしの終了 2025/07/16 11:59
警告: ujwal.kumar252725 - 開始時刻なしの終了 2025/07/18 21:49
警告: ujwal.kumar252725 - 連続する開始時刻を検出、前のセッションを自動終了
警告: ujwal.kumar252725 - 連続する開始時刻を検出、前のセッションを自動終了
情報: ujwal.kumar252725 - 未完了のセッション 2025/07/18 21:51
警告: kouki0802.ao - 開始時刻なしの終了 2025/06/20 17:11
警告: kouki0802.ao - 開始時刻なしの終了 2025/06/28 18:25
警告: kouki0802.ao - 開始時刻なしの終了 2025/07/03 17:13
エラー: kouki0802.ao - 24時間超過を検出 2025/07/04 17:50 → 2025/07/05 17:59 = 1449分
警告: kouki0802.ao - 連続する開始時刻を検出、前のセッションを自動終了
警告: kouki0802.ao - 連続する開始時刻を検出、前のセッションを自動終了
警告: kouki0802.ao - 開始時刻なしの終了 2025/08/05 18:18
警告: marikou180522 - 連続する開始時刻を検出、前のセッションを自動終了
情報: marikou180522 - 未完了のセッション 2025/08/11 00:25
INFO:     127.0.0.1:50841 - "GET /subpage/daily-chart?days=31&top_users=15 HTTP/1.1" 200 OK
INFO:     127.0.0.1:50967 - "OPTIONS /subpage/update?limit=15&months=12 HTTP/1.1" 200 OK
調整検出: Yohei Watanabe 2024/06/16 3:10 終了 → 03:10
調整検出: Yohei Watanabe 2024/06/27 0:07 開始 → 00:07
調整検出: Yohei Watanabe 2024/06/27 2:03 終了 → 02:03
調整検出: deerveryone 2024/07/12 8:50 開始：EB関連Notion管理（修正） → 08:50
調整検出: deerveryone 2024/07/12 9:20 終了 → 09:20
調整検出: lyuki093 2024/07/16 8:57 開始 → 08:57
調整検出: deerveryone 2024/07/16 9:38 開始 → 09:38
調整検出: deerveryone 2024/08/21 7:54 開始 → 07:54
調整検出: deerveryone 2024/08/21 9:02 終了 → 09:02
調整検出: deerveryone 2024/08/28 8:52 開始 → 08:52
調整検出: theoj246 2024/09/06 8:22 開始 → 08:22
調整検出: deerveryone 2024/09/06 9:20 開始（08:20に修正） → 09:20
調整検出: theoj246 2024/09/06 9:31 終了 → 09:31
調整検出: deerveryone 2024/09/09 9:45 開始 → 09:45
調整検出: deerveryone 2024/09/11 8:56 開始 → 08:56
調整検出: theoj246 2024/09/11 9:59 開始 → 09:59
調整検出: deerveryone 2024/09/11 9:40 終了 9:40 → 09:40
調整検出: theoj246 2024/09/18 0:16 終了 → 00:16
調整検出: deerveryone 2024/09/18 8:51 開始 → 08:51
調整検出: ryo4ryo4n66 2024/09/18 9:32 開始 → 09:32
調整検出: theoj246 2024/09/19 0:19 開始 → 00:19
調整検出: theoj246 2024/09/19 0:47 終了 → 00:47
調整検出: theoj246 2024/09/19 8:53 開始 → 08:53
調整検出: deerveryone 2024/09/21 9:15 開始 → 09:15
調整検出: ryo4ryo4n66 2024/09/21 9:38 開始 → 09:38
調整検出: ryo4ryo4n66 2024/09/23 0:23 開始 → 00:23
調整検出: deerveryone 2024/09/23 9:00 終了 → 09:00
調整検出: theoj246 2024/09/24 9:04 開始 → 09:04
調整検出: theoj246 2024/09/24 9:32 終了 → 09:32
調整検出: theoj246 2024/09/25 8:51 開始 → 08:51
調整検出: deerveryone 2024/09/27 9:08 開始 → 09:08
調整検出: theoj246 2024/10/06 0:45 開始 → 00:45
調整検出: theoj246 2024/10/06 1:46 終了 → 01:46
調整検出: theoj246 2024/10/07 0:05 終了 → 00:05
調整検出: theoj246 2024/10/09 0:52 開始 → 00:52
調整検出: theoj246 2024/10/09 1:19 終了 → 01:19
調整検出: theoj246 2024/10/09 9:06 開始 → 09:06
調整検出: theoj246 2024/10/09 9:58 終了 → 09:58
調整検出: theoj246 2024/10/11 9:23 開始 → 09:23
調整検出: theoj246 2024/10/13 0:29 開始 → 00:29
調整検出: theoj246 2024/10/13 1:29 終了 → 01:29
調整検出: theoj246 2024/10/13 9:31 開始 → 09:31
調整検出: osaryo523778 2024/10/17 1:18 終了 → 01:18
調整検出: theoj246 2024/10/17 8:58 開始 → 08:58
調整検出: theoj246 2024/10/17 9:43 終了 → 09:43
調整検出: osaryo523778 2024/10/18 0:00 終了 → 00:00
調整検出: theoj246 2024/10/18 9:11 開始 → 09:11
調整検出: theoj246 2024/10/20 9:53 開始 → 09:53
調整検出: osaryo523778 2024/10/21 1:10 終了 → 01:10
調整検出: osaryo523778 2024/10/21 8:03 開始 → 08:03
調整検出: theoj246 2024/10/23 8:43 開始 → 08:43
調整検出: theoj246 2024/10/23 9:40 終了 → 09:40
調整検出: osaryo523778 2024/10/26 2:53 s → 02:53
調整検出: osaryo523778 2024/10/26 4:53 f → 04:53
調整検出: theoj246 2024/10/27 0:24 s → 00:24
調整検出: theoj246 2024/10/27 1:30 f → 01:30
調整検出: theoj246 2024/10/28 0:17 s → 00:17
調整検出: theoj246 2024/10/28 1:34 f → 01:34
調整検出: ryo4ryo4n66 2024/10/29 0:57 f → 00:57
調整検出: theoj246 2024/11/04 0:02 s → 00:02
調整検出: theoj246 2024/11/04 0:18 f → 00:18
調整検出: theoj246 2024/11/08 0:51 f → 00:51
調整検出: theoj246 2024/11/10 1:26 f → 01:26
調整検出: ryo4ryo4n66 2024/11/12 0:15 f → 00:15
調整検出: osaryo523778 2024/11/16 1:34 s → 01:34
調整検出: ryo4ryo4n66 2024/11/16 2:52 f → 02:52
調整検出: osaryo523778 2024/11/16 4:21 f → 04:21
調整検出: osaryo523778 2024/11/17 0:43 f → 00:43
調整検出: theoj246 2024/11/18 0:13 s → 00:13
調整検出: theoj246 2024/11/18 0:41 f → 00:41
調整検出: theoj246 2024/11/21 0:49 f → 00:49
調整検出: theoj246 2024/11/23 2:08 f → 02:08
調整検出: theoj246 2024/11/24 1:11 f → 01:11
調整検出: osaryo523778 2024/11/26 0:26 f → 00:26
調整検出: theoj246 2024/11/28 0:49 f → 00:49
調整検出: theoj246 2024/11/29 1:33 f → 01:33
調整検出: osaryo523778 2024/12/03 1:49 f → 01:49
調整検出: ryo4ryo4n66 2024/12/06 0:53 s → 00:53
調整検出: ryo4ryo4n66 2024/12/06 2:20 f → 02:20
調整検出: osaryo523778 2024/12/10 1:17 s → 01:17
調整検出: osaryo523778 2024/12/10 3:27 f → 03:27
調整検出: theoj246 2024/12/10 8:32 s → 08:32
調整検出: theoj246 2024/12/11 9:46 s → 09:46
調整検出: theoj246 2024/12/14 9:01 s → 09:01
調整検出: info 2024/12/14 9:17 s → 09:17
調整検出: ryo4ryo4n66 2024/12/15 0:09 f → 00:09
調整検出: theoj246 2024/12/16 0:52 f → 00:52
調整検出: theoj246 2024/12/16 8:42 s → 08:42
調整検出: theoj246 2024/12/17 0:04 f → 00:04
調整検出: theoj246 2024/12/18 8:53 f -30s → 08:53
調整検出: theoj246 2024/12/18 8:53 s → 08:53
調整検出: theoj246 2024/12/19 1:03 f 22:00 → 01:03
調整検出: theoj246 2024/12/19 9:34 s → 09:34
調整検出: theoj246 2024/12/20 9:01 s → 09:01
調整検出: theoj246 2024/12/20 9:51 f → 09:51
調整検出: theoj246 2024/12/22 0:34 f → 00:34
調整検出: theoj246 2024/12/22 9:36 s → 09:36
調整検出: theoj246 2024/12/24 9:46 s → 09:46
調整検出: theoj246 2025/01/04 0:40 f → 00:40
調整検出: theoj246 2025/01/04 9:58 s → 09:58
調整検出: theoj246 2025/01/10 0:35 f → 00:35
調整検出: theoj246 2025/01/13 0:47 f → 00:47
調整検出: osaryo523778 2025/01/14 0:58 f → 00:58
調整検出: theoj246 2025/01/16 9:09 f - 21:00 → 09:09
調整検出: theoj246 2025/01/20 9:16 s → 09:16
調整検出: theoj246 2025/01/20 9:49 f → 09:49
調整検出: theoj246 2025/01/27 9:03 s → 09:03
調整検出: ryo4ryo4n66 2025/01/30 0:02 s → 00:02
調整検出: ryo4ryo4n66 2025/01/30 3:07 f → 03:07
調整検出: theoj246 2025/02/11 1:17 s → 01:17
調整検出: theoj246 2025/02/11 1:40 f → 01:40
調整検出: theoj246 2025/02/12 0:27 f → 00:27
調整検出: theoj246 2025/02/13 9:21 s → 09:21
調整検出: theoj246 2025/02/19 9:07 s → 09:07
調整検出: theoj246 2025/02/24 0:27 f → 00:27
調整検出: ryo4ryo4n66 2025/02/27 0:03 f → 00:03
調整検出: kimoppy126 2025/03/06 7:29 s → 07:29
調整検出: kimoppy126 2025/03/06 9:25 f → 09:25
調整検出: kimoppy126 2025/03/09 8:38 s → 08:38
調整検出: theoj246 2025/03/10 0:07 f → 00:07
調整検出: ryo4ryo4n66 2025/03/10 0:26 f → 00:26
調整検出: theoj246 2025/03/10 9:58 s → 09:58
調整検出: ryo4ryo4n66 2025/03/11 1:03 f -3:35 → 01:03
調整検出: theoj246 2025/03/11 1:09 f → 01:09
調整検出: theoj246 2025/03/11 9:47 s → 09:47
調整検出: theoj246 2025/03/12 0:07 f → 00:07
調整検出: theoj246 2025/03/18 0:25 f 20:20 → 00:25
調整検出: ryo4ryo4n66 2025/03/18 0:32 f 20:20 → 00:32
調整検出: ryo4ryo4n66 2025/03/18 0:32 s → 00:32
調整検出: theoj246 2025/03/18 1:13 s → 01:13
調整検出: theoj246 2025/03/18 1:35 f → 01:35
調整検出: ryo4ryo4n66 2025/03/18 1:50 f → 01:50
調整検出: ryo4ryo4n66 2025/03/22 1:18 s → 01:18
調整検出: ryo4ryo4n66 2025/03/22 2:09 f → 02:09
調整検出: theoj246 2025/03/22 5:06 f → 05:06
調整検出: theoj246 2025/03/24 0:11 f → 00:11
調整検出: theoj246 2025/03/26 0:11 s → 00:11
調整検出: theoj246 2025/03/26 1:07 f → 01:07
調整検出: ryo4ryo4n66 2025/03/26 1:11 s → 01:11
調整検出: ryo4ryo4n66 2025/03/26 1:59 f ＋ 180 → 01:59
調整検出: theoj246 2025/03/28 0:42 f → 00:42
調整検出: ryo4ryo4n66 2025/03/28 0:45 s → 00:45
調整検出: ryo4ryo4n66 2025/03/28 2:41 f → 02:41
調整検出: theoj246 2025/03/31 9:12 s → 09:12
調整検出: ryo4ryo4n66 2025/04/01 0:46 f → 00:46
調整検出: ryo4ryo4n66 2025/04/03 1:16 f → 01:16
調整検出: theoj246 2025/04/04 0:37 f → 00:37
調整検出: theoj246 2025/04/05 0:44 f → 00:44
調整検出: theoj246 2025/04/07 0:30 s → 00:30
調整検出: theoj246 2025/04/07 2:20 f → 02:20
調整検出: ryo4ryo4n66 2025/04/08 0:05 s → 00:05
調整検出: ryo4ryo4n66 2025/04/08 0:35 f → 00:35
調整検出: theoj246 2025/04/09 1:01 f → 01:01
調整検出: theoj246 2025/04/10 0:14 s → 00:14
調整検出: theoj246 2025/04/10 0:39 f → 00:39
調整検出: kimoppy126 2025/04/14 1:31 f → 01:31
調整検出: theoj246 2025/04/16 0:02 f → 00:02
調整検出: kimoppy126 2025/04/20 4:05 f → 04:05
調整検出: theoj246 2025/04/21 1:29 f → 01:29
調整検出: ryo4ryo4n66 2025/04/22 0:31 s → 00:31
調整検出: theoj246 2025/04/22 0:45 f → 00:45
調整検出: ryo4ryo4n66 2025/04/22 1:04 f → 01:04
調整検出: ryo4ryo4n66 2025/04/23 0:49 f → 00:49
調整検出: theoj246 2025/04/23 1:33 f → 01:33
調整検出: theoj246 2025/04/23 9:52 s → 09:52
調整検出: theoj246 2025/04/25 0:19 f → 00:19
調整検出: theoj246 2025/04/30 0:14 s → 00:14
調整検出: theoj246 2025/04/30 2:13 f → 02:13
調整検出: theoj246 2025/05/03 1:37 f → 01:37
調整検出: theoj246 2025/05/08 0:54 f → 00:54
調整検出: theoj246 2025/05/09 0:38 f → 00:38
調整検出: ryo4ryo4n66 2025/05/14 1:57 s → 01:57
調整検出: ryo4ryo4n66 2025/05/14 1:58 f60 → 01:58
調整検出: theoj246 2025/05/16 1:11 f → 01:11
調整検出: theoj246 2025/05/17 2:51 f → 02:51
調整検出: theoj246 2025/05/18 0:18 f → 00:18
調整検出: theoj246 2025/05/19 4:43 s → 04:43
調整検出: theoj246 2025/05/19 8:22 f → 08:22
調整検出: theoj246 2025/05/21 9:22 s → 09:22
調整検出: theoj246 2025/05/22 9:16 s → 09:16
調整検出: ryo4ryo4n66 2025/05/23 0:40 s → 00:40
調整検出: ryo4ryo4n66 2025/05/23 2:15 f → 02:15
調整検出: theoj246 2025/05/23 9:34 s → 09:34
調整検出: ryo4ryo4n66 2025/05/24 0:09 s → 00:09
調整検出: ryo4ryo4n66 2025/05/24 1:17 f → 01:17
調整検出: theoj246 2025/05/24 8:51 s → 08:51
調整検出: theoj246 2025/05/26 8:47 s → 08:47
調整検出: ryo4ryo4n66 2025/05/27 1:36 s → 01:36
調整検出: ryo4ryo4n66 2025/05/27 3:04 f → 03:04
調整検出: kimoppy126 2025/05/28 0:03 f 5/25 19:00 → 00:03
調整検出: theoj246 2025/05/28 0:43 f → 00:43
調整検出: theoj246 2025/05/28 9:56 s → 09:56
調整検出: theoj246 2025/05/29 0:41 s → 00:41
調整検出: theoj246 2025/05/29 2:22 f → 02:22
調整検出: ryo4ryo4n66 2025/05/31 0:58 f → 00:58
調整検出: ryo4ryo4n66 2025/06/02 0:08 s → 00:08
調整検出: ryo4ryo4n66 2025/06/02 2:12 f → 02:12
調整検出: hinako.tsutsumi2525 2025/06/05 1:51 s → 01:51
調整検出: theoj246 2025/06/05 1:57 f → 01:57
調整検出: hinako.tsutsumi2525 2025/06/05 2:28 f → 02:28
調整検出: ujwal.kumar252725 2025/06/05 8:00 f 23:30 → 08:00
調整検出: hinako.tsutsumi2525 2025/06/06 2:15 s → 02:15
調整検出: hinako.tsutsumi2525 2025/06/06 3:24 f → 03:24
調整検出: hinako.tsutsumi2525 2025/06/07 0:22 s → 00:22
調整検出: hinako.tsutsumi2525 2025/06/07 0:57 f → 00:57
調整検出: hinako.tsutsumi2525 2025/06/07 1:45 s → 01:45
調整検出: hinako.tsutsumi2525 2025/06/07 2:08 f → 02:08
調整検出: ujwal.kumar252725 2025/06/09 9:32 f 17:30 → 09:32
調整検出: theoj246 2025/06/10 3:09 f 2:00 → 03:09
調整検出: hinako.tsutsumi2525 2025/06/11 1:05 s → 01:05
調整検出: theoj246 2025/06/11 1:43 f → 01:43
調整検出: hinako.tsutsumi2525 2025/06/11 1:53 f → 01:53
調整検出: ujwal.kumar252725 2025/06/14 8:15 f 11:30 → 08:15
調整検出: hinako.tsutsumi2525 2025/06/16 9:05 s → 09:05
調整検出: ryo4ryo4n66 2025/06/17 1:47 s → 01:47
調整検出: hinako.tsutsumi2525 2025/06/17 2:00 s → 02:00
調整検出: hinako.tsutsumi2525 2025/06/17 2:53 f → 02:53
調整検出: ryo4ryo4n66 2025/06/17 3:51 f → 03:51
調整検出: hinako.tsutsumi2525 2025/06/18 1:32 s → 01:32
調整検出: theoj246 2025/06/18 2:21 f → 02:21
調整検出: hinako.tsutsumi2525 2025/06/18 2:36 f → 02:36
調整検出: hinako.tsutsumi2525 2025/06/19 1:27 s → 01:27
調整検出: hinako.tsutsumi2525 2025/06/19 4:03 f → 04:03
調整検出: hinako.tsutsumi2525 2025/06/20 0:02 s → 00:02
調整検出: hinako.tsutsumi2525 2025/06/20 0:37 f → 00:37
調整検出: hinako.tsutsumi2525 2025/06/21 0:08 s → 00:08
調整検出: theoj246 2025/06/21 0:58 s → 00:58
調整検出: theoj246 2025/06/21 1:56 f → 01:56
調整検出: hinako.tsutsumi2525 2025/06/21 2:19 f → 02:19
調整検出: hinako.tsutsumi2525 2025/06/22 1:56 s → 01:56
調整検出: hinako.tsutsumi2525 2025/06/22 2:39 f → 02:39
調整検出: hinako.tsutsumi2525 2025/06/23 9:43 s → 09:43
調整検出: kouki0802.ao 2025/06/24 0:43 s 00:00 → 00:43
調整検出: kouki0802.ao 2025/06/24 0:44 f 00:30 → 00:44
調整検出: theoj246 2025/06/24 2:31 f → 02:31
調整検出: theoj246 2025/06/25 0:57 f → 00:57
調整検出: ryo4ryo4n66 2025/06/26 0:37 s → 00:37
調整検出: hinako.tsutsumi2525 2025/06/26 1:12 s → 01:12
調整検出: ryo4ryo4n66 2025/06/26 2:23 f → 02:23
調整検出: hinako.tsutsumi2525 2025/06/26 3:48 f → 03:48
調整検出: hinako.tsutsumi2525 2025/06/26 4:44 s → 04:44
調整検出: hinako.tsutsumi2525 2025/06/26 4:51 f → 04:51
調整検出: theoj246 2025/06/29 0:33 f → 00:33
調整検出: hinako.tsutsumi2525 2025/06/29 2:00 s → 02:00
調整検出: hinako.tsutsumi2525 2025/06/29 2:17 f → 02:17
調整検出: kimoppy126 2025/06/30 1:42 f → 01:42
調整検出: theoj246 2025/06/30 2:55 f → 02:55
調整検出: hinako.tsutsumi2525 2025/07/01 2:46 s → 02:46
調整検出: hinako.tsutsumi2525 2025/07/01 4:05 f → 04:05
調整検出: hinako.tsutsumi2525 2025/07/02 9:27 s → 09:27
調整検出: theoj246 2025/07/04 4:17 f → 04:17
調整検出: theoj246 2025/07/04 4:59 s → 04:59
調整検出: theoj246 2025/07/04 6:48 f → 06:48
調整検出: theoj246 2025/07/04 7:20 s → 07:20
調整検出: theoj246 2025/07/04 7:53 f → 07:53
調整検出: hinako.tsutsumi2525 2025/07/07 3:46 s → 03:46
調整検出: hinako.tsutsumi2525 2025/07/07 4:09 f → 04:09
調整検出: hinako.tsutsumi2525 2025/07/08 0:54 s → 00:54
調整検出: hinako.tsutsumi2525 2025/07/08 2:03 f → 02:03
調整検出: ryo4ryo4n66 2025/07/09 0:36 f → 00:36
調整検出: kimoppy126 2025/07/09 0:57 s → 00:57
調整検出: hinako.tsutsumi2525 2025/07/09 9:50 s → 09:50
調整検出: ryo4ryo4n66 2025/07/10 0:14 s → 00:14
調整検出: ryo4ryo4n66 2025/07/10 1:04 f → 01:04
調整検出: kouki0802.ao 2025/07/11 1:30 s 1:00 → 01:30
調整検出: kouki0802.ao 2025/07/11 2:50 f → 02:50
調整検出: theoj246 2025/07/15 0:12 f → 00:12
調整検出: ryo4ryo4n66 2025/07/17 1:12 s → 01:12
調整検出: ryo4ryo4n66 2025/07/17 1:46 f +72 → 01:46
調整検出: hinako.tsutsumi2525 2025/07/19 1:44 s → 01:44
調整検出: hinako.tsutsumi2525 2025/07/19 2:32 f → 02:32
調整検出: kouki0802.ao 2025/07/19 2:40 s +20 → 02:40
調整検出: kouki0802.ao 2025/07/19 3:17 f → 03:17
調整検出: kouki0802.ao 2025/07/21 0:16 s → 00:16
調整検出: kouki0802.ao 2025/07/21 0:52 f → 00:52
調整検出: hinako.tsutsumi2525 2025/07/23 3:56 s → 03:56
調整検出: hinako.tsutsumi2525 2025/07/23 4:28 f → 04:28
調整検出: theoj246 2025/07/25 1:20 f → 01:20
調整検出: hinako.tsutsumi2525 2025/07/25 2:42 s → 02:42
調整検出: ryo4ryo4n66 2025/07/25 2:46 f → 02:46
調整検出: hinako.tsutsumi2525 2025/07/25 4:14 f → 04:14
調整検出: erin.isozu 2025/07/26 0:34 f → 00:34
調整検出: theoj246 2025/07/27 0:17 s → 00:17
調整検出: theoj246 2025/07/27 2:32 f → 02:32
調整検出: hinako.tsutsumi2525 2025/07/28 1:19 s → 01:19
調整検出: hinako.tsutsumi2525 2025/07/28 2:37 f → 02:37
調整検出: yuta.takasu 2025/07/28 9:14 s aoki → 09:14
調整検出: yuta.takasu 2025/07/28 9:26 f aoki → 09:26
調整検出: kouki0802.ao 2025/07/30 0:14 f 18:21 → 00:14
調整検出: ryo4ryo4n66 2025/07/30 0:16 f → 00:16
調整検出: kouki0802.ao 2025/07/30 0:17 s → 00:17
調整検出: kouki0802.ao 2025/07/30 1:57 f → 01:57
調整検出: ryo4ryo4n66 2025/07/31 0:40 s → 00:40
調整検出: ryo4ryo4n66 2025/07/31 3:35 f → 03:35
調整検出: yuta.takasu 2025/07/31 9:19 s aoki → 09:19
調整検出: yuta.takasu 2025/07/31 9:34 f aoki → 09:34
調整検出: hinako.tsutsumi2525 2025/07/31 9:38 s → 09:38
調整検出: kouki0802.ao 2025/08/01 0:13 f → 00:13
調整検出: kimoppy126 2025/08/01 0:16 s → 00:16
調整検出: ryo4ryo4n66 2025/08/04 0:19 s → 00:19
調整検出: ryo4ryo4n66 2025/08/04 1:10 f +90 → 01:10
調整検出: erin.isozu 2025/08/05 1:52 f → 01:52
メッセージから調整検出: f-20 → -20分調整
調整検出: marikou180522 2025/08/06 19:39 f-20 → 19:19
調整検出: ryo4ryo4n66 2025/08/07 0:57 s → 00:57
調整検出: marikou180522 2025/08/07 1:01 f → 01:01
調整検出: erin.isozu 2025/08/07 2:07 s → 02:07
調整検出: ryo4ryo4n66 2025/08/07 3:14 f → 03:14
調整検出: erin.isozu 2025/08/07 4:12 f → 04:12
メッセージから調整検出: s+60 → 60分調整
調整検出: marikou180522 2025/08/07 19:32 s+60 → 18:32
メッセージから調整検出: s+20 → 20分調整
調整検出: marikou180522 2025/08/07 23:58 s+20 → 23:38
調整検出: ryo4ryo4n66 2025/08/08 0:36 s → 00:36
調整検出: marikou180522 2025/08/08 0:47 f → 00:47
調整検出: theoj246 2025/08/08 1:38 f → 01:38
調整検出: ryo4ryo4n66 2025/08/08 4:40 f → 04:40
調整検出: marikou180522 2025/08/08 6:04 s → 06:04
調整検出: marikou180522 2025/08/08 8:00 f → 08:00
メッセージから調整検出: f-45 → -45分調整
調整検出: marikou180522 2025/08/08 19:30 f-45 → 18:45
調整検出: erin.isozu 2025/08/09 0:17 s → 00:17
調整検出: ryo4ryo4n66 2025/08/09 0:48 s → 00:48
調整検出: erin.isozu 2025/08/09 1:50 f → 01:50
調整検出: ryo4ryo4n66 2025/08/09 2:52 f → 02:52
調整検出: erin.isozu 2025/08/09 4:44 s → 04:44
調整検出: erin.isozu 2025/08/09 6:08 f -40 → 06:08
調整検出: theoj246 2025/08/09 9:30 s → 09:30
調整検出: erin.isozu 2025/08/10 0:14 f → 00:14
調整検出: erin.isozu 2025/08/10 0:46 s → 00:46
調整検出: erin.isozu 2025/08/10 2:09 f → 02:09
調整検出: erin.isozu 2025/08/10 4:12 s → 04:12
調整検出: erin.isozu 2025/08/10 6:33 f → 06:33
調整検出: kouki0802.ao 2025/08/11 0:10 f → 00:10
調整検出: erin.isozu 2025/08/11 1:04 f → 01:04
メッセージから調整検出: s+90 → 90分調整
調整検出: marikou180522 2025/08/11 1:55 s+90 → 00:25
警告: Yohei Watanabe - 開始時刻なしの終了 2024/06/21 21:30
警告: Yohei Watanabe - 連続する開始時刻を検出、前のセッションを自動終了
警告: deerveryone - 開始時刻なしの終了 2024/09/05 18:54
警告: deerveryone - 開始時刻なしの終了 2024/09/05 21:10
警告: info - 開始時刻なしの終了 2024/10/31 18:03
警告: info - 連続する開始時刻を検出、前のセッションを自動終了
エラー: info - 24時間超過を検出 2024/12/14 09:17 → 2025/05/20 13:44 = 226347分
警告: info - 開始時刻なしの終了 2025/07/18 21:49
情報: info - 未完了のセッション 2025/07/18 21:51
警告: theoj246 - 連続する開始時刻を検出、前のセッションを自動終了
警告: theoj246 - 開始時刻なしの終了 2025/03/06 16:51
警告: theoj246 - 連続する開始時刻を検出、前のセッションを自動終了
警告: theoj246 - 開始時刻なしの終了 2025/03/10 17:58
警告: theoj246 - 開始時刻なしの終了 2025/03/10 19:05
警告: theoj246 - 連続する開始時刻を検出、前のセッションを自動終了
警告: theoj246 - 開始時刻なしの終了 2025/03/11 01:09
警告: theoj246 - 連続する開始時刻を検出、前のセッションを自動終了
警告: theoj246 - 連続する開始時刻を検出、前のセッションを自動終了
エラー: theoj246 - 24時間超過を検出 2025/07/12 15:51 → 2025/07/14 10:34 = 2563分
警告: theoj246 - 連続する開始時刻を検出、前のセッションを自動終了
警告: theoj246 - 開始時刻なしの終了 2025/08/06 13:33
エラー: ryo4ryo4n66 - 24時間超過を検出 2024/11/02 13:59 → 2024/11/03 15:36 = 1537分
警告: ryo4ryo4n66 - 連続する開始時刻を検出、前のセッションを自動終了
警告: ryo4ryo4n66 - 連続する開始時刻を検出、前のセッションを自動終了
警告: ryo4ryo4n66 - 開始時刻なしの終了 2025/03/11 14:15
警告: ryo4ryo4n66 - 連続する開始時刻を検出、前のセッションを自動終了
警告: ryo4ryo4n66 - 開始時刻なしの終了 2025/03/26 17:50
警告: ryo4ryo4n66 - 連続する開始時刻を検出、前のセッションを自動終了
警告: ryo4ryo4n66 - 連続する開始時刻を検出、前のセッションを自動終了
エラー: ryo4ryo4n66 - 24時間超過を検出 2025/05/10 15:56 → 2025/05/12 13:03 = 2707分
警告: ryo4ryo4n66 - 開始時刻なしの終了 2025/06/13 19:47
警告: ryo4ryo4n66 - 開始時刻なしの終了 2025/07/09 13:35
情報: A - 未完了のセッション 2024/09/25 13:22
警告: osaryo523778 - 連続する開始時刻を検出、前のセッションを自動終了
エラー: kimoppy126 - 24時間超過を検出 2025/05/25 15:05 → 2025/05/28 00:03 = 3418分
警告: kimoppy126 - 連続する開始時刻を検出、前のセッションを自動終了
警告: kimoppy126 - 連続する開始時刻を検出、前のセッションを自動終了
警告: kimoppy126 - 連続する開始時刻を検出、前のセッションを自動終了
警告: kimoppy126 - 連続する開始時刻を検出、前のセッションを自動終了
情報: kimoppy126 - 未完了のセッション 2025/08/01 00:16
警告: yuta.takasu - 連続する開始時刻を検出、前のセッションを自動終了
警告: yuta.takasu - 連続する開始時刻を検出、前のセッションを自動終了
警告: yuta.takasu - 連続する開始時刻を検出、前のセッションを自動終了
警告: hinako.tsutsumi2525 - 開始時刻なしの終了 2025/06/23 14:49
警告: ujwal.kumar252725 - 連続する開始時刻を検出、前のセッションを自動終了
警告: ujwal.kumar252725 - 開始時刻なしの終了 2025/07/10 23:18
警告: ujwal.kumar252725 - 開始時刻なしの終了 2025/07/15 18:31
警告: ujwal.kumar252725 - 開始時刻なしの終了 2025/07/16 11:59
警告: ujwal.kumar252725 - 開始時刻なしの終了 2025/07/18 21:49
警告: ujwal.kumar252725 - 連続する開始時刻を検出、前のセッションを自動終了
警告: ujwal.kumar252725 - 連続する開始時刻を検出、前のセッションを自動終了
情報: ujwal.kumar252725 - 未完了のセッション 2025/07/18 21:51
警告: kouki0802.ao - 開始時刻なしの終了 2025/06/20 17:11
警告: kouki0802.ao - 開始時刻なしの終了 2025/06/28 18:25
警告: kouki0802.ao - 開始時刻なしの終了 2025/07/03 17:13
エラー: kouki0802.ao - 24時間超過を検出 2025/07/04 17:50 → 2025/07/05 17:59 = 1449分
警告: kouki0802.ao - 連続する開始時刻を検出、前のセッションを自動終了
警告: kouki0802.ao - 連続する開始時刻を検出、前のセッションを自動終了
警告: kouki0802.ao - 開始時刻なしの終了 2025/08/05 18:18
警告: marikou180522 - 連続する開始時刻を検出、前のセッションを自動終了
情報: marikou180522 - 未完了のセッション 2025/08/11 00:25
INFO:     127.0.0.1:50968 - "GET /subpage/monthly-by-user?top_users=15&months=12 HTTP/1.1" 200 OK
調整検出: Yohei Watanabe 2024/06/16 3:10 終了 → 03:10
調整検出: Yohei Watanabe 2024/06/27 0:07 開始 → 00:07
調整検出: Yohei Watanabe 2024/06/27 2:03 終了 → 02:03
調整検出: deerveryone 2024/07/12 8:50 開始：EB関連Notion管理（修正） → 08:50
調整検出: deerveryone 2024/07/12 9:20 終了 → 09:20
調整検出: lyuki093 2024/07/16 8:57 開始 → 08:57
調整検出: deerveryone 2024/07/16 9:38 開始 → 09:38
調整検出: deerveryone 2024/08/21 7:54 開始 → 07:54
調整検出: deerveryone 2024/08/21 9:02 終了 → 09:02
調整検出: deerveryone 2024/08/28 8:52 開始 → 08:52
調整検出: theoj246 2024/09/06 8:22 開始 → 08:22
調整検出: deerveryone 2024/09/06 9:20 開始（08:20に修正） → 09:20
調整検出: theoj246 2024/09/06 9:31 終了 → 09:31
調整検出: deerveryone 2024/09/09 9:45 開始 → 09:45
調整検出: deerveryone 2024/09/11 8:56 開始 → 08:56
調整検出: theoj246 2024/09/11 9:59 開始 → 09:59
調整検出: deerveryone 2024/09/11 9:40 終了 9:40 → 09:40
調整検出: theoj246 2024/09/18 0:16 終了 → 00:16
調整検出: deerveryone 2024/09/18 8:51 開始 → 08:51
調整検出: ryo4ryo4n66 2024/09/18 9:32 開始 → 09:32
調整検出: theoj246 2024/09/19 0:19 開始 → 00:19
調整検出: theoj246 2024/09/19 0:47 終了 → 00:47
調整検出: theoj246 2024/09/19 8:53 開始 → 08:53
調整検出: deerveryone 2024/09/21 9:15 開始 → 09:15
調整検出: ryo4ryo4n66 2024/09/21 9:38 開始 → 09:38
調整検出: ryo4ryo4n66 2024/09/23 0:23 開始 → 00:23
調整検出: deerveryone 2024/09/23 9:00 終了 → 09:00
調整検出: theoj246 2024/09/24 9:04 開始 → 09:04
調整検出: theoj246 2024/09/24 9:32 終了 → 09:32
調整検出: theoj246 2024/09/25 8:51 開始 → 08:51
調整検出: deerveryone 2024/09/27 9:08 開始 → 09:08
調整検出: theoj246 2024/10/06 0:45 開始 → 00:45
調整検出: theoj246 2024/10/06 1:46 終了 → 01:46
調整検出: theoj246 2024/10/07 0:05 終了 → 00:05
調整検出: theoj246 2024/10/09 0:52 開始 → 00:52
調整検出: theoj246 2024/10/09 1:19 終了 → 01:19
調整検出: theoj246 2024/10/09 9:06 開始 → 09:06
調整検出: theoj246 2024/10/09 9:58 終了 → 09:58
調整検出: theoj246 2024/10/11 9:23 開始 → 09:23
調整検出: theoj246 2024/10/13 0:29 開始 → 00:29
調整検出: theoj246 2024/10/13 1:29 終了 → 01:29
調整検出: theoj246 2024/10/13 9:31 開始 → 09:31
調整検出: osaryo523778 2024/10/17 1:18 終了 → 01:18
調整検出: theoj246 2024/10/17 8:58 開始 → 08:58
調整検出: theoj246 2024/10/17 9:43 終了 → 09:43
調整検出: osaryo523778 2024/10/18 0:00 終了 → 00:00
調整検出: theoj246 2024/10/18 9:11 開始 → 09:11
調整検出: theoj246 2024/10/20 9:53 開始 → 09:53
調整検出: osaryo523778 2024/10/21 1:10 終了 → 01:10
調整検出: osaryo523778 2024/10/21 8:03 開始 → 08:03
調整検出: theoj246 2024/10/23 8:43 開始 → 08:43
調整検出: theoj246 2024/10/23 9:40 終了 → 09:40
調整検出: osaryo523778 2024/10/26 2:53 s → 02:53
調整検出: osaryo523778 2024/10/26 4:53 f → 04:53
調整検出: theoj246 2024/10/27 0:24 s → 00:24
調整検出: theoj246 2024/10/27 1:30 f → 01:30
調整検出: theoj246 2024/10/28 0:17 s → 00:17
調整検出: theoj246 2024/10/28 1:34 f → 01:34
調整検出: ryo4ryo4n66 2024/10/29 0:57 f → 00:57
調整検出: theoj246 2024/11/04 0:02 s → 00:02
調整検出: theoj246 2024/11/04 0:18 f → 00:18
調整検出: theoj246 2024/11/08 0:51 f → 00:51
調整検出: theoj246 2024/11/10 1:26 f → 01:26
調整検出: ryo4ryo4n66 2024/11/12 0:15 f → 00:15
調整検出: osaryo523778 2024/11/16 1:34 s → 01:34
調整検出: ryo4ryo4n66 2024/11/16 2:52 f → 02:52
調整検出: osaryo523778 2024/11/16 4:21 f → 04:21
調整検出: osaryo523778 2024/11/17 0:43 f → 00:43
調整検出: theoj246 2024/11/18 0:13 s → 00:13
調整検出: theoj246 2024/11/18 0:41 f → 00:41
調整検出: theoj246 2024/11/21 0:49 f → 00:49
調整検出: theoj246 2024/11/23 2:08 f → 02:08
調整検出: theoj246 2024/11/24 1:11 f → 01:11
調整検出: osaryo523778 2024/11/26 0:26 f → 00:26
調整検出: theoj246 2024/11/28 0:49 f → 00:49
調整検出: theoj246 2024/11/29 1:33 f → 01:33
調整検出: osaryo523778 2024/12/03 1:49 f → 01:49
調整検出: ryo4ryo4n66 2024/12/06 0:53 s → 00:53
調整検出: ryo4ryo4n66 2024/12/06 2:20 f → 02:20
調整検出: osaryo523778 2024/12/10 1:17 s → 01:17
調整検出: osaryo523778 2024/12/10 3:27 f → 03:27
調整検出: theoj246 2024/12/10 8:32 s → 08:32
調整検出: theoj246 2024/12/11 9:46 s → 09:46
調整検出: theoj246 2024/12/14 9:01 s → 09:01
調整検出: info 2024/12/14 9:17 s → 09:17
調整検出: ryo4ryo4n66 2024/12/15 0:09 f → 00:09
調整検出: theoj246 2024/12/16 0:52 f → 00:52
調整検出: theoj246 2024/12/16 8:42 s → 08:42
調整検出: theoj246 2024/12/17 0:04 f → 00:04
調整検出: theoj246 2024/12/18 8:53 f -30s → 08:53
調整検出: theoj246 2024/12/18 8:53 s → 08:53
調整検出: theoj246 2024/12/19 1:03 f 22:00 → 01:03
調整検出: theoj246 2024/12/19 9:34 s → 09:34
調整検出: theoj246 2024/12/20 9:01 s → 09:01
調整検出: theoj246 2024/12/20 9:51 f → 09:51
調整検出: theoj246 2024/12/22 0:34 f → 00:34
調整検出: theoj246 2024/12/22 9:36 s → 09:36
調整検出: theoj246 2024/12/24 9:46 s → 09:46
調整検出: theoj246 2025/01/04 0:40 f → 00:40
調整検出: theoj246 2025/01/04 9:58 s → 09:58
調整検出: theoj246 2025/01/10 0:35 f → 00:35
調整検出: theoj246 2025/01/13 0:47 f → 00:47
調整検出: osaryo523778 2025/01/14 0:58 f → 00:58
調整検出: theoj246 2025/01/16 9:09 f - 21:00 → 09:09
調整検出: theoj246 2025/01/20 9:16 s → 09:16
調整検出: theoj246 2025/01/20 9:49 f → 09:49
調整検出: theoj246 2025/01/27 9:03 s → 09:03
調整検出: ryo4ryo4n66 2025/01/30 0:02 s → 00:02
調整検出: ryo4ryo4n66 2025/01/30 3:07 f → 03:07
調整検出: theoj246 2025/02/11 1:17 s → 01:17
調整検出: theoj246 2025/02/11 1:40 f → 01:40
調整検出: theoj246 2025/02/12 0:27 f → 00:27
調整検出: theoj246 2025/02/13 9:21 s → 09:21
調整検出: theoj246 2025/02/19 9:07 s → 09:07
調整検出: theoj246 2025/02/24 0:27 f → 00:27
調整検出: ryo4ryo4n66 2025/02/27 0:03 f → 00:03
調整検出: kimoppy126 2025/03/06 7:29 s → 07:29
調整検出: kimoppy126 2025/03/06 9:25 f → 09:25
調整検出: kimoppy126 2025/03/09 8:38 s → 08:38
調整検出: theoj246 2025/03/10 0:07 f → 00:07
調整検出: ryo4ryo4n66 2025/03/10 0:26 f → 00:26
調整検出: theoj246 2025/03/10 9:58 s → 09:58
調整検出: ryo4ryo4n66 2025/03/11 1:03 f -3:35 → 01:03
調整検出: theoj246 2025/03/11 1:09 f → 01:09
調整検出: theoj246 2025/03/11 9:47 s → 09:47
調整検出: theoj246 2025/03/12 0:07 f → 00:07
調整検出: theoj246 2025/03/18 0:25 f 20:20 → 00:25
調整検出: ryo4ryo4n66 2025/03/18 0:32 f 20:20 → 00:32
調整検出: ryo4ryo4n66 2025/03/18 0:32 s → 00:32
調整検出: theoj246 2025/03/18 1:13 s → 01:13
調整検出: theoj246 2025/03/18 1:35 f → 01:35
調整検出: ryo4ryo4n66 2025/03/18 1:50 f → 01:50
調整検出: ryo4ryo4n66 2025/03/22 1:18 s → 01:18
調整検出: ryo4ryo4n66 2025/03/22 2:09 f → 02:09
調整検出: theoj246 2025/03/22 5:06 f → 05:06
調整検出: theoj246 2025/03/24 0:11 f → 00:11
調整検出: theoj246 2025/03/26 0:11 s → 00:11
調整検出: theoj246 2025/03/26 1:07 f → 01:07
調整検出: ryo4ryo4n66 2025/03/26 1:11 s → 01:11
調整検出: ryo4ryo4n66 2025/03/26 1:59 f ＋ 180 → 01:59
調整検出: theoj246 2025/03/28 0:42 f → 00:42
調整検出: ryo4ryo4n66 2025/03/28 0:45 s → 00:45
調整検出: ryo4ryo4n66 2025/03/28 2:41 f → 02:41
調整検出: theoj246 2025/03/31 9:12 s → 09:12
調整検出: ryo4ryo4n66 2025/04/01 0:46 f → 00:46
調整検出: ryo4ryo4n66 2025/04/03 1:16 f → 01:16
調整検出: theoj246 2025/04/04 0:37 f → 00:37
調整検出: theoj246 2025/04/05 0:44 f → 00:44
調整検出: theoj246 2025/04/07 0:30 s → 00:30
調整検出: theoj246 2025/04/07 2:20 f → 02:20
調整検出: ryo4ryo4n66 2025/04/08 0:05 s → 00:05
調整検出: ryo4ryo4n66 2025/04/08 0:35 f → 00:35
調整検出: theoj246 2025/04/09 1:01 f → 01:01
調整検出: theoj246 2025/04/10 0:14 s → 00:14
調整検出: theoj246 2025/04/10 0:39 f → 00:39
調整検出: kimoppy126 2025/04/14 1:31 f → 01:31
調整検出: theoj246 2025/04/16 0:02 f → 00:02
調整検出: kimoppy126 2025/04/20 4:05 f → 04:05
調整検出: theoj246 2025/04/21 1:29 f → 01:29
調整検出: ryo4ryo4n66 2025/04/22 0:31 s → 00:31
調整検出: theoj246 2025/04/22 0:45 f → 00:45
調整検出: ryo4ryo4n66 2025/04/22 1:04 f → 01:04
調整検出: ryo4ryo4n66 2025/04/23 0:49 f → 00:49
調整検出: theoj246 2025/04/23 1:33 f → 01:33
調整検出: theoj246 2025/04/23 9:52 s → 09:52
調整検出: theoj246 2025/04/25 0:19 f → 00:19
調整検出: theoj246 2025/04/30 0:14 s → 00:14
調整検出: theoj246 2025/04/30 2:13 f → 02:13
調整検出: theoj246 2025/05/03 1:37 f → 01:37
調整検出: theoj246 2025/05/08 0:54 f → 00:54
調整検出: theoj246 2025/05/09 0:38 f → 00:38
調整検出: ryo4ryo4n66 2025/05/14 1:57 s → 01:57
調整検出: ryo4ryo4n66 2025/05/14 1:58 f60 → 01:58
調整検出: theoj246 2025/05/16 1:11 f → 01:11
調整検出: theoj246 2025/05/17 2:51 f → 02:51
調整検出: theoj246 2025/05/18 0:18 f → 00:18
調整検出: theoj246 2025/05/19 4:43 s → 04:43
調整検出: theoj246 2025/05/19 8:22 f → 08:22
調整検出: theoj246 2025/05/21 9:22 s → 09:22
調整検出: theoj246 2025/05/22 9:16 s → 09:16
調整検出: ryo4ryo4n66 2025/05/23 0:40 s → 00:40
調整検出: ryo4ryo4n66 2025/05/23 2:15 f → 02:15
調整検出: theoj246 2025/05/23 9:34 s → 09:34
調整検出: ryo4ryo4n66 2025/05/24 0:09 s → 00:09
調整検出: ryo4ryo4n66 2025/05/24 1:17 f → 01:17
調整検出: theoj246 2025/05/24 8:51 s → 08:51
調整検出: theoj246 2025/05/26 8:47 s → 08:47
調整検出: ryo4ryo4n66 2025/05/27 1:36 s → 01:36
調整検出: ryo4ryo4n66 2025/05/27 3:04 f → 03:04
調整検出: kimoppy126 2025/05/28 0:03 f 5/25 19:00 → 00:03
調整検出: theoj246 2025/05/28 0:43 f → 00:43
調整検出: theoj246 2025/05/28 9:56 s → 09:56
調整検出: theoj246 2025/05/29 0:41 s → 00:41
調整検出: theoj246 2025/05/29 2:22 f → 02:22
調整検出: ryo4ryo4n66 2025/05/31 0:58 f → 00:58
調整検出: ryo4ryo4n66 2025/06/02 0:08 s → 00:08
調整検出: ryo4ryo4n66 2025/06/02 2:12 f → 02:12
調整検出: hinako.tsutsumi2525 2025/06/05 1:51 s → 01:51
調整検出: theoj246 2025/06/05 1:57 f → 01:57
調整検出: hinako.tsutsumi2525 2025/06/05 2:28 f → 02:28
調整検出: ujwal.kumar252725 2025/06/05 8:00 f 23:30 → 08:00
調整検出: hinako.tsutsumi2525 2025/06/06 2:15 s → 02:15
調整検出: hinako.tsutsumi2525 2025/06/06 3:24 f → 03:24
調整検出: hinako.tsutsumi2525 2025/06/07 0:22 s → 00:22
調整検出: hinako.tsutsumi2525 2025/06/07 0:57 f → 00:57
調整検出: hinako.tsutsumi2525 2025/06/07 1:45 s → 01:45
調整検出: hinako.tsutsumi2525 2025/06/07 2:08 f → 02:08
調整検出: ujwal.kumar252725 2025/06/09 9:32 f 17:30 → 09:32
調整検出: theoj246 2025/06/10 3:09 f 2:00 → 03:09
調整検出: hinako.tsutsumi2525 2025/06/11 1:05 s → 01:05
調整検出: theoj246 2025/06/11 1:43 f → 01:43
調整検出: hinako.tsutsumi2525 2025/06/11 1:53 f → 01:53
調整検出: ujwal.kumar252725 2025/06/14 8:15 f 11:30 → 08:15
調整検出: hinako.tsutsumi2525 2025/06/16 9:05 s → 09:05
調整検出: ryo4ryo4n66 2025/06/17 1:47 s → 01:47
調整検出: hinako.tsutsumi2525 2025/06/17 2:00 s → 02:00
調整検出: hinako.tsutsumi2525 2025/06/17 2:53 f → 02:53
調整検出: ryo4ryo4n66 2025/06/17 3:51 f → 03:51
調整検出: hinako.tsutsumi2525 2025/06/18 1:32 s → 01:32
調整検出: theoj246 2025/06/18 2:21 f → 02:21
調整検出: hinako.tsutsumi2525 2025/06/18 2:36 f → 02:36
調整検出: hinako.tsutsumi2525 2025/06/19 1:27 s → 01:27
調整検出: hinako.tsutsumi2525 2025/06/19 4:03 f → 04:03
調整検出: hinako.tsutsumi2525 2025/06/20 0:02 s → 00:02
調整検出: hinako.tsutsumi2525 2025/06/20 0:37 f → 00:37
調整検出: hinako.tsutsumi2525 2025/06/21 0:08 s → 00:08
調整検出: theoj246 2025/06/21 0:58 s → 00:58
調整検出: theoj246 2025/06/21 1:56 f → 01:56
調整検出: hinako.tsutsumi2525 2025/06/21 2:19 f → 02:19
調整検出: hinako.tsutsumi2525 2025/06/22 1:56 s → 01:56
調整検出: hinako.tsutsumi2525 2025/06/22 2:39 f → 02:39
調整検出: hinako.tsutsumi2525 2025/06/23 9:43 s → 09:43
調整検出: kouki0802.ao 2025/06/24 0:43 s 00:00 → 00:43
調整検出: kouki0802.ao 2025/06/24 0:44 f 00:30 → 00:44
調整検出: theoj246 2025/06/24 2:31 f → 02:31
調整検出: theoj246 2025/06/25 0:57 f → 00:57
調整検出: ryo4ryo4n66 2025/06/26 0:37 s → 00:37
調整検出: hinako.tsutsumi2525 2025/06/26 1:12 s → 01:12
調整検出: ryo4ryo4n66 2025/06/26 2:23 f → 02:23
調整検出: hinako.tsutsumi2525 2025/06/26 3:48 f → 03:48
調整検出: hinako.tsutsumi2525 2025/06/26 4:44 s → 04:44
調整検出: hinako.tsutsumi2525 2025/06/26 4:51 f → 04:51
調整検出: theoj246 2025/06/29 0:33 f → 00:33
調整検出: hinako.tsutsumi2525 2025/06/29 2:00 s → 02:00
調整検出: hinako.tsutsumi2525 2025/06/29 2:17 f → 02:17
調整検出: kimoppy126 2025/06/30 1:42 f → 01:42
調整検出: theoj246 2025/06/30 2:55 f → 02:55
調整検出: hinako.tsutsumi2525 2025/07/01 2:46 s → 02:46
調整検出: hinako.tsutsumi2525 2025/07/01 4:05 f → 04:05
調整検出: hinako.tsutsumi2525 2025/07/02 9:27 s → 09:27
調整検出: theoj246 2025/07/04 4:17 f → 04:17
調整検出: theoj246 2025/07/04 4:59 s → 04:59
調整検出: theoj246 2025/07/04 6:48 f → 06:48
調整検出: theoj246 2025/07/04 7:20 s → 07:20
調整検出: theoj246 2025/07/04 7:53 f → 07:53
調整検出: hinako.tsutsumi2525 2025/07/07 3:46 s → 03:46
調整検出: hinako.tsutsumi2525 2025/07/07 4:09 f → 04:09
調整検出: hinako.tsutsumi2525 2025/07/08 0:54 s → 00:54
調整検出: hinako.tsutsumi2525 2025/07/08 2:03 f → 02:03
調整検出: ryo4ryo4n66 2025/07/09 0:36 f → 00:36
調整検出: kimoppy126 2025/07/09 0:57 s → 00:57
調整検出: hinako.tsutsumi2525 2025/07/09 9:50 s → 09:50
調整検出: ryo4ryo4n66 2025/07/10 0:14 s → 00:14
調整検出: ryo4ryo4n66 2025/07/10 1:04 f → 01:04
調整検出: kouki0802.ao 2025/07/11 1:30 s 1:00 → 01:30
調整検出: kouki0802.ao 2025/07/11 2:50 f → 02:50
調整検出: theoj246 2025/07/15 0:12 f → 00:12
調整検出: ryo4ryo4n66 2025/07/17 1:12 s → 01:12
調整検出: ryo4ryo4n66 2025/07/17 1:46 f +72 → 01:46
調整検出: hinako.tsutsumi2525 2025/07/19 1:44 s → 01:44
調整検出: hinako.tsutsumi2525 2025/07/19 2:32 f → 02:32
調整検出: kouki0802.ao 2025/07/19 2:40 s +20 → 02:40
調整検出: kouki0802.ao 2025/07/19 3:17 f → 03:17
調整検出: kouki0802.ao 2025/07/21 0:16 s → 00:16
調整検出: kouki0802.ao 2025/07/21 0:52 f → 00:52
調整検出: hinako.tsutsumi2525 2025/07/23 3:56 s → 03:56
調整検出: hinako.tsutsumi2525 2025/07/23 4:28 f → 04:28
調整検出: theoj246 2025/07/25 1:20 f → 01:20
調整検出: hinako.tsutsumi2525 2025/07/25 2:42 s → 02:42
調整検出: ryo4ryo4n66 2025/07/25 2:46 f → 02:46
調整検出: hinako.tsutsumi2525 2025/07/25 4:14 f → 04:14
調整検出: erin.isozu 2025/07/26 0:34 f → 00:34
調整検出: theoj246 2025/07/27 0:17 s → 00:17
調整検出: theoj246 2025/07/27 2:32 f → 02:32
調整検出: hinako.tsutsumi2525 2025/07/28 1:19 s → 01:19
調整検出: hinako.tsutsumi2525 2025/07/28 2:37 f → 02:37
調整検出: yuta.takasu 2025/07/28 9:14 s aoki → 09:14
調整検出: yuta.takasu 2025/07/28 9:26 f aoki → 09:26
調整検出: kouki0802.ao 2025/07/30 0:14 f 18:21 → 00:14
調整検出: ryo4ryo4n66 2025/07/30 0:16 f → 00:16
調整検出: kouki0802.ao 2025/07/30 0:17 s → 00:17
調整検出: kouki0802.ao 2025/07/30 1:57 f → 01:57
調整検出: ryo4ryo4n66 2025/07/31 0:40 s → 00:40
調整検出: ryo4ryo4n66 2025/07/31 3:35 f → 03:35
調整検出: yuta.takasu 2025/07/31 9:19 s aoki → 09:19
調整検出: yuta.takasu 2025/07/31 9:34 f aoki → 09:34
調整検出: hinako.tsutsumi2525 2025/07/31 9:38 s → 09:38
調整検出: kouki0802.ao 2025/08/01 0:13 f → 00:13
調整検出: kimoppy126 2025/08/01 0:16 s → 00:16
調整検出: ryo4ryo4n66 2025/08/04 0:19 s → 00:19
調整検出: ryo4ryo4n66 2025/08/04 1:10 f +90 → 01:10
調整検出: erin.isozu 2025/08/05 1:52 f → 01:52
メッセージから調整検出: f-20 → -20分調整
調整検出: marikou180522 2025/08/06 19:39 f-20 → 19:19
調整検出: ryo4ryo4n66 2025/08/07 0:57 s → 00:57
調整検出: marikou180522 2025/08/07 1:01 f → 01:01
調整検出: erin.isozu 2025/08/07 2:07 s → 02:07
調整検出: ryo4ryo4n66 2025/08/07 3:14 f → 03:14
調整検出: erin.isozu 2025/08/07 4:12 f → 04:12
メッセージから調整検出: s+60 → 60分調整
調整検出: marikou180522 2025/08/07 19:32 s+60 → 18:32
メッセージから調整検出: s+20 → 20分調整
調整検出: marikou180522 2025/08/07 23:58 s+20 → 23:38
調整検出: ryo4ryo4n66 2025/08/08 0:36 s → 00:36
調整検出: marikou180522 2025/08/08 0:47 f → 00:47
調整検出: theoj246 2025/08/08 1:38 f → 01:38
調整検出: ryo4ryo4n66 2025/08/08 4:40 f → 04:40
調整検出: marikou180522 2025/08/08 6:04 s → 06:04
調整検出: marikou180522 2025/08/08 8:00 f → 08:00
メッセージから調整検出: f-45 → -45分調整
調整検出: marikou180522 2025/08/08 19:30 f-45 → 18:45
調整検出: erin.isozu 2025/08/09 0:17 s → 00:17
調整検出: ryo4ryo4n66 2025/08/09 0:48 s → 00:48
調整検出: erin.isozu 2025/08/09 1:50 f → 01:50
調整検出: ryo4ryo4n66 2025/08/09 2:52 f → 02:52
調整検出: erin.isozu 2025/08/09 4:44 s → 04:44
調整検出: erin.isozu 2025/08/09 6:08 f -40 → 06:08
調整検出: theoj246 2025/08/09 9:30 s → 09:30
調整検出: erin.isozu 2025/08/10 0:14 f → 00:14
調整検出: erin.isozu 2025/08/10 0:46 s → 00:46
調整検出: erin.isozu 2025/08/10 2:09 f → 02:09
調整検出: erin.isozu 2025/08/10 4:12 s → 04:12
調整検出: erin.isozu 2025/08/10 6:33 f → 06:33
調整検出: kouki0802.ao 2025/08/11 0:10 f → 00:10
調整検出: erin.isozu 2025/08/11 1:04 f → 01:04
メッセージから調整検出: s+90 → 90分調整
調整検出: marikou180522 2025/08/11 1:55 s+90 → 00:25
警告: Yohei Watanabe - 開始時刻なしの終了 2024/06/21 21:30
警告: Yohei Watanabe - 連続する開始時刻を検出、前のセッションを自動終了
警告: deerveryone - 開始時刻なしの終了 2024/09/05 18:54
警告: deerveryone - 開始時刻なしの終了 2024/09/05 21:10
警告: info - 開始時刻なしの終了 2024/10/31 18:03
警告: info - 連続する開始時刻を検出、前のセッションを自動終了
エラー: info - 24時間超過を検出 2024/12/14 09:17 → 2025/05/20 13:44 = 226347分
警告: info - 開始時刻なしの終了 2025/07/18 21:49
情報: info - 未完了のセッション 2025/07/18 21:51
警告: theoj246 - 連続する開始時刻を検出、前のセッションを自動終了
警告: theoj246 - 開始時刻なしの終了 2025/03/06 16:51
警告: theoj246 - 連続する開始時刻を検出、前のセッションを自動終了
警告: theoj246 - 開始時刻なしの終了 2025/03/10 17:58
警告: theoj246 - 開始時刻なしの終了 2025/03/10 19:05
警告: theoj246 - 連続する開始時刻を検出、前のセッションを自動終了
警告: theoj246 - 開始時刻なしの終了 2025/03/11 01:09
警告: theoj246 - 連続する開始時刻を検出、前のセッションを自動終了
警告: theoj246 - 連続する開始時刻を検出、前のセッションを自動終了
エラー: theoj246 - 24時間超過を検出 2025/07/12 15:51 → 2025/07/14 10:34 = 2563分
警告: theoj246 - 連続する開始時刻を検出、前のセッションを自動終了
警告: theoj246 - 開始時刻なしの終了 2025/08/06 13:33
エラー: ryo4ryo4n66 - 24時間超過を検出 2024/11/02 13:59 → 2024/11/03 15:36 = 1537分
警告: ryo4ryo4n66 - 連続する開始時刻を検出、前のセッションを自動終了
警告: ryo4ryo4n66 - 連続する開始時刻を検出、前のセッションを自動終了
警告: ryo4ryo4n66 - 開始時刻なしの終了 2025/03/11 14:15
警告: ryo4ryo4n66 - 連続する開始時刻を検出、前のセッションを自動終了
警告: ryo4ryo4n66 - 開始時刻なしの終了 2025/03/26 17:50
警告: ryo4ryo4n66 - 連続する開始時刻を検出、前のセッションを自動終了
警告: ryo4ryo4n66 - 連続する開始時刻を検出、前のセッションを自動終了
エラー: ryo4ryo4n66 - 24時間超過を検出 2025/05/10 15:56 → 2025/05/12 13:03 = 2707分
警告: ryo4ryo4n66 - 開始時刻なしの終了 2025/06/13 19:47
警告: ryo4ryo4n66 - 開始時刻なしの終了 2025/07/09 13:35
情報: A - 未完了のセッション 2024/09/25 13:22
警告: osaryo523778 - 連続する開始時刻を検出、前のセッションを自動終了
エラー: kimoppy126 - 24時間超過を検出 2025/05/25 15:05 → 2025/05/28 00:03 = 3418分
警告: kimoppy126 - 連続する開始時刻を検出、前のセッションを自動終了
警告: kimoppy126 - 連続する開始時刻を検出、前のセッションを自動終了
警告: kimoppy126 - 連続する開始時刻を検出、前のセッションを自動終了
警告: kimoppy126 - 連続する開始時刻を検出、前のセッションを自動終了
情報: kimoppy126 - 未完了のセッション 2025/08/01 00:16
警告: yuta.takasu - 連続する開始時刻を検出、前のセッションを自動終了
警告: yuta.takasu - 連続する開始時刻を検出、前のセッションを自動終了
警告: yuta.takasu - 連続する開始時刻を検出、前のセッションを自動終了
警告: hinako.tsutsumi2525 - 開始時刻なしの終了 2025/06/23 14:49
警告: ujwal.kumar252725 - 連続する開始時刻を検出、前のセッションを自動終了
警告: ujwal.kumar252725 - 開始時刻なしの終了 2025/07/10 23:18
警告: ujwal.kumar252725 - 開始時刻なしの終了 2025/07/15 18:31
警告: ujwal.kumar252725 - 開始時刻なしの終了 2025/07/16 11:59
警告: ujwal.kumar252725 - 開始時刻なしの終了 2025/07/18 21:49
警告: ujwal.kumar252725 - 連続する開始時刻を検出、前のセッションを自動終了
警告: ujwal.kumar252725 - 連続する開始時刻を検出、前のセッションを自動終了
情報: ujwal.kumar252725 - 未完了のセッション 2025/07/18 21:51
警告: kouki0802.ao - 開始時刻なしの終了 2025/06/20 17:11
警告: kouki0802.ao - 開始時刻なしの終了 2025/06/28 18:25
警告: kouki0802.ao - 開始時刻なしの終了 2025/07/03 17:13
エラー: kouki0802.ao - 24時間超過を検出 2025/07/04 17:50 → 2025/07/05 17:59 = 1449分
警告: kouki0802.ao - 連続する開始時刻を検出、前のセッションを自動終了
警告: kouki0802.ao - 連続する開始時刻を検出、前のセッションを自動終了
警告: kouki0802.ao - 開始時刻なしの終了 2025/08/05 18:18
警告: marikou180522 - 連続する開始時刻を検出、前のセッションを自動終了
情報: marikou180522 - 未完了のセッション 2025/08/11 00:25
INFO:     127.0.0.1:50967 - "GET /subpage/update?limit=15&months=12 HTTP/1.1" 200 OK
INFO:     127.0.0.1:50969 - "OPTIONS /subpage/update?limit=15&months=12 HTTP/1.1" 200 OK
調整検出: Yohei Watanabe 2024/06/16 3:10 終了 → 03:10
調整検出: Yohei Watanabe 2024/06/27 0:07 開始 → 00:07
調整検出: Yohei Watanabe 2024/06/27 2:03 終了 → 02:03
調整検出: deerveryone 2024/07/12 8:50 開始：EB関連Notion管理（修正） → 08:50
調整検出: deerveryone 2024/07/12 9:20 終了 → 09:20
調整検出: lyuki093 2024/07/16 8:57 開始 → 08:57
調整検出: deerveryone 2024/07/16 9:38 開始 → 09:38
調整検出: deerveryone 2024/08/21 7:54 開始 → 07:54
調整検出: deerveryone 2024/08/21 9:02 終了 → 09:02
調整検出: deerveryone 2024/08/28 8:52 開始 → 08:52
調整検出: theoj246 2024/09/06 8:22 開始 → 08:22
調整検出: deerveryone 2024/09/06 9:20 開始（08:20に修正） → 09:20
調整検出: theoj246 2024/09/06 9:31 終了 → 09:31
調整検出: deerveryone 2024/09/09 9:45 開始 → 09:45
調整検出: deerveryone 2024/09/11 8:56 開始 → 08:56
調整検出: theoj246 2024/09/11 9:59 開始 → 09:59
調整検出: deerveryone 2024/09/11 9:40 終了 9:40 → 09:40
調整検出: theoj246 2024/09/18 0:16 終了 → 00:16
調整検出: deerveryone 2024/09/18 8:51 開始 → 08:51
調整検出: ryo4ryo4n66 2024/09/18 9:32 開始 → 09:32
調整検出: theoj246 2024/09/19 0:19 開始 → 00:19
調整検出: theoj246 2024/09/19 0:47 終了 → 00:47
調整検出: theoj246 2024/09/19 8:53 開始 → 08:53
調整検出: deerveryone 2024/09/21 9:15 開始 → 09:15
調整検出: ryo4ryo4n66 2024/09/21 9:38 開始 → 09:38
調整検出: ryo4ryo4n66 2024/09/23 0:23 開始 → 00:23
調整検出: deerveryone 2024/09/23 9:00 終了 → 09:00
調整検出: theoj246 2024/09/24 9:04 開始 → 09:04
調整検出: theoj246 2024/09/24 9:32 終了 → 09:32
調整検出: theoj246 2024/09/25 8:51 開始 → 08:51
調整検出: deerveryone 2024/09/27 9:08 開始 → 09:08
調整検出: theoj246 2024/10/06 0:45 開始 → 00:45
調整検出: theoj246 2024/10/06 1:46 終了 → 01:46
調整検出: theoj246 2024/10/07 0:05 終了 → 00:05
調整検出: theoj246 2024/10/09 0:52 開始 → 00:52
調整検出: theoj246 2024/10/09 1:19 終了 → 01:19
調整検出: theoj246 2024/10/09 9:06 開始 → 09:06
調整検出: theoj246 2024/10/09 9:58 終了 → 09:58
調整検出: theoj246 2024/10/11 9:23 開始 → 09:23
調整検出: theoj246 2024/10/13 0:29 開始 → 00:29
調整検出: theoj246 2024/10/13 1:29 終了 → 01:29
調整検出: theoj246 2024/10/13 9:31 開始 → 09:31
調整検出: osaryo523778 2024/10/17 1:18 終了 → 01:18
調整検出: theoj246 2024/10/17 8:58 開始 → 08:58
調整検出: theoj246 2024/10/17 9:43 終了 → 09:43
調整検出: osaryo523778 2024/10/18 0:00 終了 → 00:00
調整検出: theoj246 2024/10/18 9:11 開始 → 09:11
調整検出: theoj246 2024/10/20 9:53 開始 → 09:53
調整検出: osaryo523778 2024/10/21 1:10 終了 → 01:10
調整検出: osaryo523778 2024/10/21 8:03 開始 → 08:03
調整検出: theoj246 2024/10/23 8:43 開始 → 08:43
調整検出: theoj246 2024/10/23 9:40 終了 → 09:40
調整検出: osaryo523778 2024/10/26 2:53 s → 02:53
調整検出: osaryo523778 2024/10/26 4:53 f → 04:53
調整検出: theoj246 2024/10/27 0:24 s → 00:24
調整検出: theoj246 2024/10/27 1:30 f → 01:30
調整検出: theoj246 2024/10/28 0:17 s → 00:17
調整検出: theoj246 2024/10/28 1:34 f → 01:34
調整検出: ryo4ryo4n66 2024/10/29 0:57 f → 00:57
調整検出: theoj246 2024/11/04 0:02 s → 00:02
調整検出: theoj246 2024/11/04 0:18 f → 00:18
調整検出: theoj246 2024/11/08 0:51 f → 00:51
調整検出: theoj246 2024/11/10 1:26 f → 01:26
調整検出: ryo4ryo4n66 2024/11/12 0:15 f → 00:15
調整検出: osaryo523778 2024/11/16 1:34 s → 01:34
調整検出: ryo4ryo4n66 2024/11/16 2:52 f → 02:52
調整検出: osaryo523778 2024/11/16 4:21 f → 04:21
調整検出: osaryo523778 2024/11/17 0:43 f → 00:43
調整検出: theoj246 2024/11/18 0:13 s → 00:13
調整検出: theoj246 2024/11/18 0:41 f → 00:41
調整検出: theoj246 2024/11/21 0:49 f → 00:49
調整検出: theoj246 2024/11/23 2:08 f → 02:08
調整検出: theoj246 2024/11/24 1:11 f → 01:11
調整検出: osaryo523778 2024/11/26 0:26 f → 00:26
調整検出: theoj246 2024/11/28 0:49 f → 00:49
調整検出: theoj246 2024/11/29 1:33 f → 01:33
調整検出: osaryo523778 2024/12/03 1:49 f → 01:49
調整検出: ryo4ryo4n66 2024/12/06 0:53 s → 00:53
調整検出: ryo4ryo4n66 2024/12/06 2:20 f → 02:20
調整検出: osaryo523778 2024/12/10 1:17 s → 01:17
調整検出: osaryo523778 2024/12/10 3:27 f → 03:27
調整検出: theoj246 2024/12/10 8:32 s → 08:32
調整検出: theoj246 2024/12/11 9:46 s → 09:46
調整検出: theoj246 2024/12/14 9:01 s → 09:01
調整検出: info 2024/12/14 9:17 s → 09:17
調整検出: ryo4ryo4n66 2024/12/15 0:09 f → 00:09
調整検出: theoj246 2024/12/16 0:52 f → 00:52
調整検出: theoj246 2024/12/16 8:42 s → 08:42
調整検出: theoj246 2024/12/17 0:04 f → 00:04
調整検出: theoj246 2024/12/18 8:53 f -30s → 08:53
調整検出: theoj246 2024/12/18 8:53 s → 08:53
調整検出: theoj246 2024/12/19 1:03 f 22:00 → 01:03
調整検出: theoj246 2024/12/19 9:34 s → 09:34
調整検出: theoj246 2024/12/20 9:01 s → 09:01
調整検出: theoj246 2024/12/20 9:51 f → 09:51
調整検出: theoj246 2024/12/22 0:34 f → 00:34
調整検出: theoj246 2024/12/22 9:36 s → 09:36
調整検出: theoj246 2024/12/24 9:46 s → 09:46
調整検出: theoj246 2025/01/04 0:40 f → 00:40
調整検出: theoj246 2025/01/04 9:58 s → 09:58
調整検出: theoj246 2025/01/10 0:35 f → 00:35
調整検出: theoj246 2025/01/13 0:47 f → 00:47
調整検出: osaryo523778 2025/01/14 0:58 f → 00:58
調整検出: theoj246 2025/01/16 9:09 f - 21:00 → 09:09
調整検出: theoj246 2025/01/20 9:16 s → 09:16
調整検出: theoj246 2025/01/20 9:49 f → 09:49
調整検出: theoj246 2025/01/27 9:03 s → 09:03
調整検出: ryo4ryo4n66 2025/01/30 0:02 s → 00:02
調整検出: ryo4ryo4n66 2025/01/30 3:07 f → 03:07
調整検出: theoj246 2025/02/11 1:17 s → 01:17
調整検出: theoj246 2025/02/11 1:40 f → 01:40
調整検出: theoj246 2025/02/12 0:27 f → 00:27
調整検出: theoj246 2025/02/13 9:21 s → 09:21
調整検出: theoj246 2025/02/19 9:07 s → 09:07
調整検出: theoj246 2025/02/24 0:27 f → 00:27
調整検出: ryo4ryo4n66 2025/02/27 0:03 f → 00:03
調整検出: kimoppy126 2025/03/06 7:29 s → 07:29
調整検出: kimoppy126 2025/03/06 9:25 f → 09:25
調整検出: kimoppy126 2025/03/09 8:38 s → 08:38
調整検出: theoj246 2025/03/10 0:07 f → 00:07
調整検出: ryo4ryo4n66 2025/03/10 0:26 f → 00:26
調整検出: theoj246 2025/03/10 9:58 s → 09:58
調整検出: ryo4ryo4n66 2025/03/11 1:03 f -3:35 → 01:03
調整検出: theoj246 2025/03/11 1:09 f → 01:09
調整検出: theoj246 2025/03/11 9:47 s → 09:47
調整検出: theoj246 2025/03/12 0:07 f → 00:07
調整検出: theoj246 2025/03/18 0:25 f 20:20 → 00:25
調整検出: ryo4ryo4n66 2025/03/18 0:32 f 20:20 → 00:32
調整検出: ryo4ryo4n66 2025/03/18 0:32 s → 00:32
調整検出: theoj246 2025/03/18 1:13 s → 01:13
調整検出: theoj246 2025/03/18 1:35 f → 01:35
調整検出: ryo4ryo4n66 2025/03/18 1:50 f → 01:50
調整検出: ryo4ryo4n66 2025/03/22 1:18 s → 01:18
調整検出: ryo4ryo4n66 2025/03/22 2:09 f → 02:09
調整検出: theoj246 2025/03/22 5:06 f → 05:06
調整検出: theoj246 2025/03/24 0:11 f → 00:11
調整検出: theoj246 2025/03/26 0:11 s → 00:11
調整検出: theoj246 2025/03/26 1:07 f → 01:07
調整検出: ryo4ryo4n66 2025/03/26 1:11 s → 01:11
調整検出: ryo4ryo4n66 2025/03/26 1:59 f ＋ 180 → 01:59
調整検出: theoj246 2025/03/28 0:42 f → 00:42
調整検出: ryo4ryo4n66 2025/03/28 0:45 s → 00:45
調整検出: ryo4ryo4n66 2025/03/28 2:41 f → 02:41
調整検出: theoj246 2025/03/31 9:12 s → 09:12
調整検出: ryo4ryo4n66 2025/04/01 0:46 f → 00:46
調整検出: ryo4ryo4n66 2025/04/03 1:16 f → 01:16
調整検出: theoj246 2025/04/04 0:37 f → 00:37
調整検出: theoj246 2025/04/05 0:44 f → 00:44
調整検出: theoj246 2025/04/07 0:30 s → 00:30
調整検出: theoj246 2025/04/07 2:20 f → 02:20
調整検出: ryo4ryo4n66 2025/04/08 0:05 s → 00:05
調整検出: ryo4ryo4n66 2025/04/08 0:35 f → 00:35
調整検出: theoj246 2025/04/09 1:01 f → 01:01
調整検出: theoj246 2025/04/10 0:14 s → 00:14
調整検出: theoj246 2025/04/10 0:39 f → 00:39
調整検出: kimoppy126 2025/04/14 1:31 f → 01:31
調整検出: theoj246 2025/04/16 0:02 f → 00:02
調整検出: kimoppy126 2025/04/20 4:05 f → 04:05
調整検出: theoj246 2025/04/21 1:29 f → 01:29
調整検出: ryo4ryo4n66 2025/04/22 0:31 s → 00:31
調整検出: theoj246 2025/04/22 0:45 f → 00:45
調整検出: ryo4ryo4n66 2025/04/22 1:04 f → 01:04
調整検出: ryo4ryo4n66 2025/04/23 0:49 f → 00:49
調整検出: theoj246 2025/04/23 1:33 f → 01:33
調整検出: theoj246 2025/04/23 9:52 s → 09:52
調整検出: theoj246 2025/04/25 0:19 f → 00:19
調整検出: theoj246 2025/04/30 0:14 s → 00:14
調整検出: theoj246 2025/04/30 2:13 f → 02:13
調整検出: theoj246 2025/05/03 1:37 f → 01:37
調整検出: theoj246 2025/05/08 0:54 f → 00:54
調整検出: theoj246 2025/05/09 0:38 f → 00:38
調整検出: ryo4ryo4n66 2025/05/14 1:57 s → 01:57
調整検出: ryo4ryo4n66 2025/05/14 1:58 f60 → 01:58
調整検出: theoj246 2025/05/16 1:11 f → 01:11
調整検出: theoj246 2025/05/17 2:51 f → 02:51
調整検出: theoj246 2025/05/18 0:18 f → 00:18
調整検出: theoj246 2025/05/19 4:43 s → 04:43
調整検出: theoj246 2025/05/19 8:22 f → 08:22
調整検出: theoj246 2025/05/21 9:22 s → 09:22
調整検出: theoj246 2025/05/22 9:16 s → 09:16
調整検出: ryo4ryo4n66 2025/05/23 0:40 s → 00:40
調整検出: ryo4ryo4n66 2025/05/23 2:15 f → 02:15
調整検出: theoj246 2025/05/23 9:34 s → 09:34
調整検出: ryo4ryo4n66 2025/05/24 0:09 s → 00:09
調整検出: ryo4ryo4n66 2025/05/24 1:17 f → 01:17
調整検出: theoj246 2025/05/24 8:51 s → 08:51
調整検出: theoj246 2025/05/26 8:47 s → 08:47
調整検出: ryo4ryo4n66 2025/05/27 1:36 s → 01:36
調整検出: ryo4ryo4n66 2025/05/27 3:04 f → 03:04
調整検出: kimoppy126 2025/05/28 0:03 f 5/25 19:00 → 00:03
調整検出: theoj246 2025/05/28 0:43 f → 00:43
調整検出: theoj246 2025/05/28 9:56 s → 09:56
調整検出: theoj246 2025/05/29 0:41 s → 00:41
調整検出: theoj246 2025/05/29 2:22 f → 02:22
調整検出: ryo4ryo4n66 2025/05/31 0:58 f → 00:58
調整検出: ryo4ryo4n66 2025/06/02 0:08 s → 00:08
調整検出: ryo4ryo4n66 2025/06/02 2:12 f → 02:12
調整検出: hinako.tsutsumi2525 2025/06/05 1:51 s → 01:51
調整検出: theoj246 2025/06/05 1:57 f → 01:57
調整検出: hinako.tsutsumi2525 2025/06/05 2:28 f → 02:28
調整検出: ujwal.kumar252725 2025/06/05 8:00 f 23:30 → 08:00
調整検出: hinako.tsutsumi2525 2025/06/06 2:15 s → 02:15
調整検出: hinako.tsutsumi2525 2025/06/06 3:24 f → 03:24
調整検出: hinako.tsutsumi2525 2025/06/07 0:22 s → 00:22
調整検出: hinako.tsutsumi2525 2025/06/07 0:57 f → 00:57
調整検出: hinako.tsutsumi2525 2025/06/07 1:45 s → 01:45
調整検出: hinako.tsutsumi2525 2025/06/07 2:08 f → 02:08
調整検出: ujwal.kumar252725 2025/06/09 9:32 f 17:30 → 09:32
調整検出: theoj246 2025/06/10 3:09 f 2:00 → 03:09
調整検出: hinako.tsutsumi2525 2025/06/11 1:05 s → 01:05
調整検出: theoj246 2025/06/11 1:43 f → 01:43
調整検出: hinako.tsutsumi2525 2025/06/11 1:53 f → 01:53
調整検出: ujwal.kumar252725 2025/06/14 8:15 f 11:30 → 08:15
調整検出: hinako.tsutsumi2525 2025/06/16 9:05 s → 09:05
調整検出: ryo4ryo4n66 2025/06/17 1:47 s → 01:47
調整検出: hinako.tsutsumi2525 2025/06/17 2:00 s → 02:00
調整検出: hinako.tsutsumi2525 2025/06/17 2:53 f → 02:53
調整検出: ryo4ryo4n66 2025/06/17 3:51 f → 03:51
調整検出: hinako.tsutsumi2525 2025/06/18 1:32 s → 01:32
調整検出: theoj246 2025/06/18 2:21 f → 02:21
調整検出: hinako.tsutsumi2525 2025/06/18 2:36 f → 02:36
調整検出: hinako.tsutsumi2525 2025/06/19 1:27 s → 01:27
調整検出: hinako.tsutsumi2525 2025/06/19 4:03 f → 04:03
調整検出: hinako.tsutsumi2525 2025/06/20 0:02 s → 00:02
調整検出: hinako.tsutsumi2525 2025/06/20 0:37 f → 00:37
調整検出: hinako.tsutsumi2525 2025/06/21 0:08 s → 00:08
調整検出: theoj246 2025/06/21 0:58 s → 00:58
調整検出: theoj246 2025/06/21 1:56 f → 01:56
調整検出: hinako.tsutsumi2525 2025/06/21 2:19 f → 02:19
調整検出: hinako.tsutsumi2525 2025/06/22 1:56 s → 01:56
調整検出: hinako.tsutsumi2525 2025/06/22 2:39 f → 02:39
調整検出: hinako.tsutsumi2525 2025/06/23 9:43 s → 09:43
調整検出: kouki0802.ao 2025/06/24 0:43 s 00:00 → 00:43
調整検出: kouki0802.ao 2025/06/24 0:44 f 00:30 → 00:44
調整検出: theoj246 2025/06/24 2:31 f → 02:31
調整検出: theoj246 2025/06/25 0:57 f → 00:57
調整検出: ryo4ryo4n66 2025/06/26 0:37 s → 00:37
調整検出: hinako.tsutsumi2525 2025/06/26 1:12 s → 01:12
調整検出: ryo4ryo4n66 2025/06/26 2:23 f → 02:23
調整検出: hinako.tsutsumi2525 2025/06/26 3:48 f → 03:48
調整検出: hinako.tsutsumi2525 2025/06/26 4:44 s → 04:44
調整検出: hinako.tsutsumi2525 2025/06/26 4:51 f → 04:51
調整検出: theoj246 2025/06/29 0:33 f → 00:33
調整検出: hinako.tsutsumi2525 2025/06/29 2:00 s → 02:00
調整検出: hinako.tsutsumi2525 2025/06/29 2:17 f → 02:17
調整検出: kimoppy126 2025/06/30 1:42 f → 01:42
調整検出: theoj246 2025/06/30 2:55 f → 02:55
調整検出: hinako.tsutsumi2525 2025/07/01 2:46 s → 02:46
調整検出: hinako.tsutsumi2525 2025/07/01 4:05 f → 04:05
調整検出: hinako.tsutsumi2525 2025/07/02 9:27 s → 09:27
調整検出: theoj246 2025/07/04 4:17 f → 04:17
調整検出: theoj246 2025/07/04 4:59 s → 04:59
調整検出: theoj246 2025/07/04 6:48 f → 06:48
調整検出: theoj246 2025/07/04 7:20 s → 07:20
調整検出: theoj246 2025/07/04 7:53 f → 07:53
調整検出: hinako.tsutsumi2525 2025/07/07 3:46 s → 03:46
調整検出: hinako.tsutsumi2525 2025/07/07 4:09 f → 04:09
調整検出: hinako.tsutsumi2525 2025/07/08 0:54 s → 00:54
調整検出: hinako.tsutsumi2525 2025/07/08 2:03 f → 02:03
調整検出: ryo4ryo4n66 2025/07/09 0:36 f → 00:36
調整検出: kimoppy126 2025/07/09 0:57 s → 00:57
調整検出: hinako.tsutsumi2525 2025/07/09 9:50 s → 09:50
調整検出: ryo4ryo4n66 2025/07/10 0:14 s → 00:14
調整検出: ryo4ryo4n66 2025/07/10 1:04 f → 01:04
調整検出: kouki0802.ao 2025/07/11 1:30 s 1:00 → 01:30
調整検出: kouki0802.ao 2025/07/11 2:50 f → 02:50
調整検出: theoj246 2025/07/15 0:12 f → 00:12
調整検出: ryo4ryo4n66 2025/07/17 1:12 s → 01:12
調整検出: ryo4ryo4n66 2025/07/17 1:46 f +72 → 01:46
調整検出: hinako.tsutsumi2525 2025/07/19 1:44 s → 01:44
調整検出: hinako.tsutsumi2525 2025/07/19 2:32 f → 02:32
調整検出: kouki0802.ao 2025/07/19 2:40 s +20 → 02:40
調整検出: kouki0802.ao 2025/07/19 3:17 f → 03:17
調整検出: kouki0802.ao 2025/07/21 0:16 s → 00:16
調整検出: kouki0802.ao 2025/07/21 0:52 f → 00:52
調整検出: hinako.tsutsumi2525 2025/07/23 3:56 s → 03:56
調整検出: hinako.tsutsumi2525 2025/07/23 4:28 f → 04:28
調整検出: theoj246 2025/07/25 1:20 f → 01:20
調整検出: hinako.tsutsumi2525 2025/07/25 2:42 s → 02:42
調整検出: ryo4ryo4n66 2025/07/25 2:46 f → 02:46
調整検出: hinako.tsutsumi2525 2025/07/25 4:14 f → 04:14
調整検出: erin.isozu 2025/07/26 0:34 f → 00:34
調整検出: theoj246 2025/07/27 0:17 s → 00:17
調整検出: theoj246 2025/07/27 2:32 f → 02:32
調整検出: hinako.tsutsumi2525 2025/07/28 1:19 s → 01:19
調整検出: hinako.tsutsumi2525 2025/07/28 2:37 f → 02:37
調整検出: yuta.takasu 2025/07/28 9:14 s aoki → 09:14
調整検出: yuta.takasu 2025/07/28 9:26 f aoki → 09:26
調整検出: kouki0802.ao 2025/07/30 0:14 f 18:21 → 00:14
調整検出: ryo4ryo4n66 2025/07/30 0:16 f → 00:16
調整検出: kouki0802.ao 2025/07/30 0:17 s → 00:17
調整検出: kouki0802.ao 2025/07/30 1:57 f → 01:57
調整検出: ryo4ryo4n66 2025/07/31 0:40 s → 00:40
調整検出: ryo4ryo4n66 2025/07/31 3:35 f → 03:35
調整検出: yuta.takasu 2025/07/31 9:19 s aoki → 09:19
調整検出: yuta.takasu 2025/07/31 9:34 f aoki → 09:34
調整検出: hinako.tsutsumi2525 2025/07/31 9:38 s → 09:38
調整検出: kouki0802.ao 2025/08/01 0:13 f → 00:13
調整検出: kimoppy126 2025/08/01 0:16 s → 00:16
調整検出: ryo4ryo4n66 2025/08/04 0:19 s → 00:19
調整検出: ryo4ryo4n66 2025/08/04 1:10 f +90 → 01:10
調整検出: erin.isozu 2025/08/05 1:52 f → 01:52
メッセージから調整検出: f-20 → -20分調整
調整検出: marikou180522 2025/08/06 19:39 f-20 → 19:19
調整検出: ryo4ryo4n66 2025/08/07 0:57 s → 00:57
調整検出: marikou180522 2025/08/07 1:01 f → 01:01
調整検出: erin.isozu 2025/08/07 2:07 s → 02:07
調整検出: ryo4ryo4n66 2025/08/07 3:14 f → 03:14
調整検出: erin.isozu 2025/08/07 4:12 f → 04:12
メッセージから調整検出: s+60 → 60分調整
調整検出: marikou180522 2025/08/07 19:32 s+60 → 18:32
メッセージから調整検出: s+20 → 20分調整
調整検出: marikou180522 2025/08/07 23:58 s+20 → 23:38
調整検出: ryo4ryo4n66 2025/08/08 0:36 s → 00:36
調整検出: marikou180522 2025/08/08 0:47 f → 00:47
調整検出: theoj246 2025/08/08 1:38 f → 01:38
調整検出: ryo4ryo4n66 2025/08/08 4:40 f → 04:40
調整検出: marikou180522 2025/08/08 6:04 s → 06:04
調整検出: marikou180522 2025/08/08 8:00 f → 08:00
メッセージから調整検出: f-45 → -45分調整
調整検出: marikou180522 2025/08/08 19:30 f-45 → 18:45
調整検出: erin.isozu 2025/08/09 0:17 s → 00:17
調整検出: ryo4ryo4n66 2025/08/09 0:48 s → 00:48
調整検出: erin.isozu 2025/08/09 1:50 f → 01:50
調整検出: ryo4ryo4n66 2025/08/09 2:52 f → 02:52
調整検出: erin.isozu 2025/08/09 4:44 s → 04:44
調整検出: erin.isozu 2025/08/09 6:08 f -40 → 06:08
調整検出: theoj246 2025/08/09 9:30 s → 09:30
調整検出: erin.isozu 2025/08/10 0:14 f → 00:14
調整検出: erin.isozu 2025/08/10 0:46 s → 00:46
調整検出: erin.isozu 2025/08/10 2:09 f → 02:09
調整検出: erin.isozu 2025/08/10 4:12 s → 04:12
調整検出: erin.isozu 2025/08/10 6:33 f → 06:33
調整検出: kouki0802.ao 2025/08/11 0:10 f → 00:10
調整検出: erin.isozu 2025/08/11 1:04 f → 01:04
メッセージから調整検出: s+90 → 90分調整
調整検出: marikou180522 2025/08/11 1:55 s+90 → 00:25
警告: Yohei Watanabe - 開始時刻なしの終了 2024/06/21 21:30
警告: Yohei Watanabe - 連続する開始時刻を検出、前のセッションを自動終了
警告: deerveryone - 開始時刻なしの終了 2024/09/05 18:54
警告: deerveryone - 開始時刻なしの終了 2024/09/05 21:10
警告: info - 開始時刻なしの終了 2024/10/31 18:03
警告: info - 連続する開始時刻を検出、前のセッションを自動終了
エラー: info - 24時間超過を検出 2024/12/14 09:17 → 2025/05/20 13:44 = 226347分
警告: info - 開始時刻なしの終了 2025/07/18 21:49
情報: info - 未完了のセッション 2025/07/18 21:51
警告: theoj246 - 連続する開始時刻を検出、前のセッションを自動終了
警告: theoj246 - 開始時刻なしの終了 2025/03/06 16:51
警告: theoj246 - 連続する開始時刻を検出、前のセッションを自動終了
警告: theoj246 - 開始時刻なしの終了 2025/03/10 17:58
警告: theoj246 - 開始時刻なしの終了 2025/03/10 19:05
警告: theoj246 - 連続する開始時刻を検出、前のセッションを自動終了
警告: theoj246 - 開始時刻なしの終了 2025/03/11 01:09
警告: theoj246 - 連続する開始時刻を検出、前のセッションを自動終了
警告: theoj246 - 連続する開始時刻を検出、前のセッションを自動終了
エラー: theoj246 - 24時間超過を検出 2025/07/12 15:51 → 2025/07/14 10:34 = 2563分
警告: theoj246 - 連続する開始時刻を検出、前のセッションを自動終了
警告: theoj246 - 開始時刻なしの終了 2025/08/06 13:33
エラー: ryo4ryo4n66 - 24時間超過を検出 2024/11/02 13:59 → 2024/11/03 15:36 = 1537分
警告: ryo4ryo4n66 - 連続する開始時刻を検出、前のセッションを自動終了
警告: ryo4ryo4n66 - 連続する開始時刻を検出、前のセッションを自動終了
警告: ryo4ryo4n66 - 開始時刻なしの終了 2025/03/11 14:15
警告: ryo4ryo4n66 - 連続する開始時刻を検出、前のセッションを自動終了
警告: ryo4ryo4n66 - 開始時刻なしの終了 2025/03/26 17:50
警告: ryo4ryo4n66 - 連続する開始時刻を検出、前のセッションを自動終了
警告: ryo4ryo4n66 - 連続する開始時刻を検出、前のセッションを自動終了
エラー: ryo4ryo4n66 - 24時間超過を検出 2025/05/10 15:56 → 2025/05/12 13:03 = 2707分
警告: ryo4ryo4n66 - 開始時刻なしの終了 2025/06/13 19:47
警告: ryo4ryo4n66 - 開始時刻なしの終了 2025/07/09 13:35
情報: A - 未完了のセッション 2024/09/25 13:22
警告: osaryo523778 - 連続する開始時刻を検出、前のセッションを自動終了
エラー: kimoppy126 - 24時間超過を検出 2025/05/25 15:05 → 2025/05/28 00:03 = 3418分
警告: kimoppy126 - 連続する開始時刻を検出、前のセッションを自動終了
警告: kimoppy126 - 連続する開始時刻を検出、前のセッションを自動終了
警告: kimoppy126 - 連続する開始時刻を検出、前のセッションを自動終了
警告: kimoppy126 - 連続する開始時刻を検出、前のセッションを自動終了
情報: kimoppy126 - 未完了のセッション 2025/08/01 00:16
警告: yuta.takasu - 連続する開始時刻を検出、前のセッションを自動終了
警告: yuta.takasu - 連続する開始時刻を検出、前のセッションを自動終了
警告: yuta.takasu - 連続する開始時刻を検出、前のセッションを自動終了
警告: hinako.tsutsumi2525 - 開始時刻なしの終了 2025/06/23 14:49
警告: ujwal.kumar252725 - 連続する開始時刻を検出、前のセッションを自動終了
警告: ujwal.kumar252725 - 開始時刻なしの終了 2025/07/10 23:18
警告: ujwal.kumar252725 - 開始時刻なしの終了 2025/07/15 18:31
警告: ujwal.kumar252725 - 開始時刻なしの終了 2025/07/16 11:59
警告: ujwal.kumar252725 - 開始時刻なしの終了 2025/07/18 21:49
警告: ujwal.kumar252725 - 連続する開始時刻を検出、前のセッションを自動終了
警告: ujwal.kumar252725 - 連続する開始時刻を検出、前のセッションを自動終了
情報: ujwal.kumar252725 - 未完了のセッション 2025/07/18 21:51
警告: kouki0802.ao - 開始時刻なしの終了 2025/06/20 17:11
警告: kouki0802.ao - 開始時刻なしの終了 2025/06/28 18:25
警告: kouki0802.ao - 開始時刻なしの終了 2025/07/03 17:13
エラー: kouki0802.ao - 24時間超過を検出 2025/07/04 17:50 → 2025/07/05 17:59 = 1449分
警告: kouki0802.ao - 連続する開始時刻を検出、前のセッションを自動終了
警告: kouki0802.ao - 連続する開始時刻を検出、前のセッションを自動終了
警告: kouki0802.ao - 開始時刻なしの終了 2025/08/05 18:18
警告: marikou180522 - 連続する開始時刻を検出、前のセッションを自動終了
情報: marikou180522 - 未完了のセッション 2025/08/11 00:25
INFO:     127.0.0.1:50971 - "GET /subpage/monthly-by-user?top_users=15&months=12 HTTP/1.1" 200 OK
調整検出: Yohei Watanabe 2024/06/16 3:10 終了 → 03:10
調整検出: Yohei Watanabe 2024/06/27 0:07 開始 → 00:07
調整検出: Yohei Watanabe 2024/06/27 2:03 終了 → 02:03
調整検出: deerveryone 2024/07/12 8:50 開始：EB関連Notion管理（修正） → 08:50
調整検出: deerveryone 2024/07/12 9:20 終了 → 09:20
調整検出: lyuki093 2024/07/16 8:57 開始 → 08:57
調整検出: deerveryone 2024/07/16 9:38 開始 → 09:38
調整検出: deerveryone 2024/08/21 7:54 開始 → 07:54
調整検出: deerveryone 2024/08/21 9:02 終了 → 09:02
調整検出: deerveryone 2024/08/28 8:52 開始 → 08:52
調整検出: theoj246 2024/09/06 8:22 開始 → 08:22
調整検出: deerveryone 2024/09/06 9:20 開始（08:20に修正） → 09:20
調整検出: theoj246 2024/09/06 9:31 終了 → 09:31
調整検出: deerveryone 2024/09/09 9:45 開始 → 09:45
調整検出: deerveryone 2024/09/11 8:56 開始 → 08:56
調整検出: theoj246 2024/09/11 9:59 開始 → 09:59
調整検出: deerveryone 2024/09/11 9:40 終了 9:40 → 09:40
調整検出: theoj246 2024/09/18 0:16 終了 → 00:16
調整検出: deerveryone 2024/09/18 8:51 開始 → 08:51
調整検出: ryo4ryo4n66 2024/09/18 9:32 開始 → 09:32
調整検出: theoj246 2024/09/19 0:19 開始 → 00:19
調整検出: theoj246 2024/09/19 0:47 終了 → 00:47
調整検出: theoj246 2024/09/19 8:53 開始 → 08:53
調整検出: deerveryone 2024/09/21 9:15 開始 → 09:15
調整検出: ryo4ryo4n66 2024/09/21 9:38 開始 → 09:38
調整検出: ryo4ryo4n66 2024/09/23 0:23 開始 → 00:23
調整検出: deerveryone 2024/09/23 9:00 終了 → 09:00
調整検出: theoj246 2024/09/24 9:04 開始 → 09:04
調整検出: theoj246 2024/09/24 9:32 終了 → 09:32
調整検出: theoj246 2024/09/25 8:51 開始 → 08:51
調整検出: deerveryone 2024/09/27 9:08 開始 → 09:08
調整検出: theoj246 2024/10/06 0:45 開始 → 00:45
調整検出: theoj246 2024/10/06 1:46 終了 → 01:46
調整検出: theoj246 2024/10/07 0:05 終了 → 00:05
調整検出: theoj246 2024/10/09 0:52 開始 → 00:52
調整検出: theoj246 2024/10/09 1:19 終了 → 01:19
調整検出: theoj246 2024/10/09 9:06 開始 → 09:06
調整検出: theoj246 2024/10/09 9:58 終了 → 09:58
調整検出: theoj246 2024/10/11 9:23 開始 → 09:23
調整検出: theoj246 2024/10/13 0:29 開始 → 00:29
調整検出: theoj246 2024/10/13 1:29 終了 → 01:29
調整検出: theoj246 2024/10/13 9:31 開始 → 09:31
調整検出: osaryo523778 2024/10/17 1:18 終了 → 01:18
調整検出: theoj246 2024/10/17 8:58 開始 → 08:58
調整検出: theoj246 2024/10/17 9:43 終了 → 09:43
調整検出: osaryo523778 2024/10/18 0:00 終了 → 00:00
調整検出: theoj246 2024/10/18 9:11 開始 → 09:11
調整検出: theoj246 2024/10/20 9:53 開始 → 09:53
調整検出: osaryo523778 2024/10/21 1:10 終了 → 01:10
調整検出: osaryo523778 2024/10/21 8:03 開始 → 08:03
調整検出: theoj246 2024/10/23 8:43 開始 → 08:43
調整検出: theoj246 2024/10/23 9:40 終了 → 09:40
調整検出: osaryo523778 2024/10/26 2:53 s → 02:53
調整検出: osaryo523778 2024/10/26 4:53 f → 04:53
調整検出: theoj246 2024/10/27 0:24 s → 00:24
調整検出: theoj246 2024/10/27 1:30 f → 01:30
調整検出: theoj246 2024/10/28 0:17 s → 00:17
調整検出: theoj246 2024/10/28 1:34 f → 01:34
調整検出: ryo4ryo4n66 2024/10/29 0:57 f → 00:57
調整検出: theoj246 2024/11/04 0:02 s → 00:02
調整検出: theoj246 2024/11/04 0:18 f → 00:18
調整検出: theoj246 2024/11/08 0:51 f → 00:51
調整検出: theoj246 2024/11/10 1:26 f → 01:26
調整検出: ryo4ryo4n66 2024/11/12 0:15 f → 00:15
調整検出: osaryo523778 2024/11/16 1:34 s → 01:34
調整検出: ryo4ryo4n66 2024/11/16 2:52 f → 02:52
調整検出: osaryo523778 2024/11/16 4:21 f → 04:21
調整検出: osaryo523778 2024/11/17 0:43 f → 00:43
調整検出: theoj246 2024/11/18 0:13 s → 00:13
調整検出: theoj246 2024/11/18 0:41 f → 00:41
調整検出: theoj246 2024/11/21 0:49 f → 00:49
調整検出: theoj246 2024/11/23 2:08 f → 02:08
調整検出: theoj246 2024/11/24 1:11 f → 01:11
調整検出: osaryo523778 2024/11/26 0:26 f → 00:26
調整検出: theoj246 2024/11/28 0:49 f → 00:49
調整検出: theoj246 2024/11/29 1:33 f → 01:33
調整検出: osaryo523778 2024/12/03 1:49 f → 01:49
調整検出: ryo4ryo4n66 2024/12/06 0:53 s → 00:53
調整検出: ryo4ryo4n66 2024/12/06 2:20 f → 02:20
調整検出: osaryo523778 2024/12/10 1:17 s → 01:17
調整検出: osaryo523778 2024/12/10 3:27 f → 03:27
調整検出: theoj246 2024/12/10 8:32 s → 08:32
調整検出: theoj246 2024/12/11 9:46 s → 09:46
調整検出: theoj246 2024/12/14 9:01 s → 09:01
調整検出: info 2024/12/14 9:17 s → 09:17
調整検出: ryo4ryo4n66 2024/12/15 0:09 f → 00:09
調整検出: theoj246 2024/12/16 0:52 f → 00:52
調整検出: theoj246 2024/12/16 8:42 s → 08:42
調整検出: theoj246 2024/12/17 0:04 f → 00:04
調整検出: theoj246 2024/12/18 8:53 f -30s → 08:53
調整検出: theoj246 2024/12/18 8:53 s → 08:53
調整検出: theoj246 2024/12/19 1:03 f 22:00 → 01:03
調整検出: theoj246 2024/12/19 9:34 s → 09:34
調整検出: theoj246 2024/12/20 9:01 s → 09:01
調整検出: theoj246 2024/12/20 9:51 f → 09:51
調整検出: theoj246 2024/12/22 0:34 f → 00:34
調整検出: theoj246 2024/12/22 9:36 s → 09:36
調整検出: theoj246 2024/12/24 9:46 s → 09:46
調整検出: theoj246 2025/01/04 0:40 f → 00:40
調整検出: theoj246 2025/01/04 9:58 s → 09:58
調整検出: theoj246 2025/01/10 0:35 f → 00:35
調整検出: theoj246 2025/01/13 0:47 f → 00:47
調整検出: osaryo523778 2025/01/14 0:58 f → 00:58
調整検出: theoj246 2025/01/16 9:09 f - 21:00 → 09:09
調整検出: theoj246 2025/01/20 9:16 s → 09:16
調整検出: theoj246 2025/01/20 9:49 f → 09:49
調整検出: theoj246 2025/01/27 9:03 s → 09:03
調整検出: ryo4ryo4n66 2025/01/30 0:02 s → 00:02
調整検出: ryo4ryo4n66 2025/01/30 3:07 f → 03:07
調整検出: theoj246 2025/02/11 1:17 s → 01:17
調整検出: theoj246 2025/02/11 1:40 f → 01:40
調整検出: theoj246 2025/02/12 0:27 f → 00:27
調整検出: theoj246 2025/02/13 9:21 s → 09:21
調整検出: theoj246 2025/02/19 9:07 s → 09:07
調整検出: theoj246 2025/02/24 0:27 f → 00:27
調整検出: ryo4ryo4n66 2025/02/27 0:03 f → 00:03
調整検出: kimoppy126 2025/03/06 7:29 s → 07:29
調整検出: kimoppy126 2025/03/06 9:25 f → 09:25
調整検出: kimoppy126 2025/03/09 8:38 s → 08:38
調整検出: theoj246 2025/03/10 0:07 f → 00:07
調整検出: ryo4ryo4n66 2025/03/10 0:26 f → 00:26
調整検出: theoj246 2025/03/10 9:58 s → 09:58
調整検出: ryo4ryo4n66 2025/03/11 1:03 f -3:35 → 01:03
調整検出: theoj246 2025/03/11 1:09 f → 01:09
調整検出: theoj246 2025/03/11 9:47 s → 09:47
調整検出: theoj246 2025/03/12 0:07 f → 00:07
調整検出: theoj246 2025/03/18 0:25 f 20:20 → 00:25
調整検出: ryo4ryo4n66 2025/03/18 0:32 f 20:20 → 00:32
調整検出: ryo4ryo4n66 2025/03/18 0:32 s → 00:32
調整検出: theoj246 2025/03/18 1:13 s → 01:13
調整検出: theoj246 2025/03/18 1:35 f → 01:35
調整検出: ryo4ryo4n66 2025/03/18 1:50 f → 01:50
調整検出: ryo4ryo4n66 2025/03/22 1:18 s → 01:18
調整検出: ryo4ryo4n66 2025/03/22 2:09 f → 02:09
調整検出: theoj246 2025/03/22 5:06 f → 05:06
調整検出: theoj246 2025/03/24 0:11 f → 00:11
調整検出: theoj246 2025/03/26 0:11 s → 00:11
調整検出: theoj246 2025/03/26 1:07 f → 01:07
調整検出: ryo4ryo4n66 2025/03/26 1:11 s → 01:11
調整検出: ryo4ryo4n66 2025/03/26 1:59 f ＋ 180 → 01:59
調整検出: theoj246 2025/03/28 0:42 f → 00:42
調整検出: ryo4ryo4n66 2025/03/28 0:45 s → 00:45
調整検出: ryo4ryo4n66 2025/03/28 2:41 f → 02:41
調整検出: theoj246 2025/03/31 9:12 s → 09:12
調整検出: ryo4ryo4n66 2025/04/01 0:46 f → 00:46
調整検出: ryo4ryo4n66 2025/04/03 1:16 f → 01:16
調整検出: theoj246 2025/04/04 0:37 f → 00:37
調整検出: theoj246 2025/04/05 0:44 f → 00:44
調整検出: theoj246 2025/04/07 0:30 s → 00:30
調整検出: theoj246 2025/04/07 2:20 f → 02:20
調整検出: ryo4ryo4n66 2025/04/08 0:05 s → 00:05
調整検出: ryo4ryo4n66 2025/04/08 0:35 f → 00:35
調整検出: theoj246 2025/04/09 1:01 f → 01:01
調整検出: theoj246 2025/04/10 0:14 s → 00:14
調整検出: theoj246 2025/04/10 0:39 f → 00:39
調整検出: kimoppy126 2025/04/14 1:31 f → 01:31
調整検出: theoj246 2025/04/16 0:02 f → 00:02
調整検出: kimoppy126 2025/04/20 4:05 f → 04:05
調整検出: theoj246 2025/04/21 1:29 f → 01:29
調整検出: ryo4ryo4n66 2025/04/22 0:31 s → 00:31
調整検出: theoj246 2025/04/22 0:45 f → 00:45
調整検出: ryo4ryo4n66 2025/04/22 1:04 f → 01:04
調整検出: ryo4ryo4n66 2025/04/23 0:49 f → 00:49
調整検出: theoj246 2025/04/23 1:33 f → 01:33
調整検出: theoj246 2025/04/23 9:52 s → 09:52
調整検出: theoj246 2025/04/25 0:19 f → 00:19
調整検出: theoj246 2025/04/30 0:14 s → 00:14
調整検出: theoj246 2025/04/30 2:13 f → 02:13
調整検出: theoj246 2025/05/03 1:37 f → 01:37
調整検出: theoj246 2025/05/08 0:54 f → 00:54
調整検出: theoj246 2025/05/09 0:38 f → 00:38
調整検出: ryo4ryo4n66 2025/05/14 1:57 s → 01:57
調整検出: ryo4ryo4n66 2025/05/14 1:58 f60 → 01:58
調整検出: theoj246 2025/05/16 1:11 f → 01:11
調整検出: theoj246 2025/05/17 2:51 f → 02:51
調整検出: theoj246 2025/05/18 0:18 f → 00:18
調整検出: theoj246 2025/05/19 4:43 s → 04:43
調整検出: theoj246 2025/05/19 8:22 f → 08:22
調整検出: theoj246 2025/05/21 9:22 s → 09:22
調整検出: theoj246 2025/05/22 9:16 s → 09:16
調整検出: ryo4ryo4n66 2025/05/23 0:40 s → 00:40
調整検出: ryo4ryo4n66 2025/05/23 2:15 f → 02:15
調整検出: theoj246 2025/05/23 9:34 s → 09:34
調整検出: ryo4ryo4n66 2025/05/24 0:09 s → 00:09
調整検出: ryo4ryo4n66 2025/05/24 1:17 f → 01:17
調整検出: theoj246 2025/05/24 8:51 s → 08:51
調整検出: theoj246 2025/05/26 8:47 s → 08:47
調整検出: ryo4ryo4n66 2025/05/27 1:36 s → 01:36
調整検出: ryo4ryo4n66 2025/05/27 3:04 f → 03:04
調整検出: kimoppy126 2025/05/28 0:03 f 5/25 19:00 → 00:03
調整検出: theoj246 2025/05/28 0:43 f → 00:43
調整検出: theoj246 2025/05/28 9:56 s → 09:56
調整検出: theoj246 2025/05/29 0:41 s → 00:41
調整検出: theoj246 2025/05/29 2:22 f → 02:22
調整検出: ryo4ryo4n66 2025/05/31 0:58 f → 00:58
調整検出: ryo4ryo4n66 2025/06/02 0:08 s → 00:08
調整検出: ryo4ryo4n66 2025/06/02 2:12 f → 02:12
調整検出: hinako.tsutsumi2525 2025/06/05 1:51 s → 01:51
調整検出: theoj246 2025/06/05 1:57 f → 01:57
調整検出: hinako.tsutsumi2525 2025/06/05 2:28 f → 02:28
調整検出: ujwal.kumar252725 2025/06/05 8:00 f 23:30 → 08:00
調整検出: hinako.tsutsumi2525 2025/06/06 2:15 s → 02:15
調整検出: hinako.tsutsumi2525 2025/06/06 3:24 f → 03:24
調整検出: hinako.tsutsumi2525 2025/06/07 0:22 s → 00:22
調整検出: hinako.tsutsumi2525 2025/06/07 0:57 f → 00:57
調整検出: hinako.tsutsumi2525 2025/06/07 1:45 s → 01:45
調整検出: hinako.tsutsumi2525 2025/06/07 2:08 f → 02:08
調整検出: ujwal.kumar252725 2025/06/09 9:32 f 17:30 → 09:32
調整検出: theoj246 2025/06/10 3:09 f 2:00 → 03:09
調整検出: hinako.tsutsumi2525 2025/06/11 1:05 s → 01:05
調整検出: theoj246 2025/06/11 1:43 f → 01:43
調整検出: hinako.tsutsumi2525 2025/06/11 1:53 f → 01:53
調整検出: ujwal.kumar252725 2025/06/14 8:15 f 11:30 → 08:15
調整検出: hinako.tsutsumi2525 2025/06/16 9:05 s → 09:05
調整検出: ryo4ryo4n66 2025/06/17 1:47 s → 01:47
調整検出: hinako.tsutsumi2525 2025/06/17 2:00 s → 02:00
調整検出: hinako.tsutsumi2525 2025/06/17 2:53 f → 02:53
調整検出: ryo4ryo4n66 2025/06/17 3:51 f → 03:51
調整検出: hinako.tsutsumi2525 2025/06/18 1:32 s → 01:32
調整検出: theoj246 2025/06/18 2:21 f → 02:21
調整検出: hinako.tsutsumi2525 2025/06/18 2:36 f → 02:36
調整検出: hinako.tsutsumi2525 2025/06/19 1:27 s → 01:27
調整検出: hinako.tsutsumi2525 2025/06/19 4:03 f → 04:03
調整検出: hinako.tsutsumi2525 2025/06/20 0:02 s → 00:02
調整検出: hinako.tsutsumi2525 2025/06/20 0:37 f → 00:37
調整検出: hinako.tsutsumi2525 2025/06/21 0:08 s → 00:08
調整検出: theoj246 2025/06/21 0:58 s → 00:58
調整検出: theoj246 2025/06/21 1:56 f → 01:56
調整検出: hinako.tsutsumi2525 2025/06/21 2:19 f → 02:19
調整検出: hinako.tsutsumi2525 2025/06/22 1:56 s → 01:56
調整検出: hinako.tsutsumi2525 2025/06/22 2:39 f → 02:39
調整検出: hinako.tsutsumi2525 2025/06/23 9:43 s → 09:43
調整検出: kouki0802.ao 2025/06/24 0:43 s 00:00 → 00:43
調整検出: kouki0802.ao 2025/06/24 0:44 f 00:30 → 00:44
調整検出: theoj246 2025/06/24 2:31 f → 02:31
調整検出: theoj246 2025/06/25 0:57 f → 00:57
調整検出: ryo4ryo4n66 2025/06/26 0:37 s → 00:37
調整検出: hinako.tsutsumi2525 2025/06/26 1:12 s → 01:12
調整検出: ryo4ryo4n66 2025/06/26 2:23 f → 02:23
調整検出: hinako.tsutsumi2525 2025/06/26 3:48 f → 03:48
調整検出: hinako.tsutsumi2525 2025/06/26 4:44 s → 04:44
調整検出: hinako.tsutsumi2525 2025/06/26 4:51 f → 04:51
調整検出: theoj246 2025/06/29 0:33 f → 00:33
調整検出: hinako.tsutsumi2525 2025/06/29 2:00 s → 02:00
調整検出: hinako.tsutsumi2525 2025/06/29 2:17 f → 02:17
調整検出: kimoppy126 2025/06/30 1:42 f → 01:42
調整検出: theoj246 2025/06/30 2:55 f → 02:55
調整検出: hinako.tsutsumi2525 2025/07/01 2:46 s → 02:46
調整検出: hinako.tsutsumi2525 2025/07/01 4:05 f → 04:05
調整検出: hinako.tsutsumi2525 2025/07/02 9:27 s → 09:27
調整検出: theoj246 2025/07/04 4:17 f → 04:17
調整検出: theoj246 2025/07/04 4:59 s → 04:59
調整検出: theoj246 2025/07/04 6:48 f → 06:48
調整検出: theoj246 2025/07/04 7:20 s → 07:20
調整検出: theoj246 2025/07/04 7:53 f → 07:53
調整検出: hinako.tsutsumi2525 2025/07/07 3:46 s → 03:46
調整検出: hinako.tsutsumi2525 2025/07/07 4:09 f → 04:09
調整検出: hinako.tsutsumi2525 2025/07/08 0:54 s → 00:54
調整検出: hinako.tsutsumi2525 2025/07/08 2:03 f → 02:03
調整検出: ryo4ryo4n66 2025/07/09 0:36 f → 00:36
調整検出: kimoppy126 2025/07/09 0:57 s → 00:57
調整検出: hinako.tsutsumi2525 2025/07/09 9:50 s → 09:50
調整検出: ryo4ryo4n66 2025/07/10 0:14 s → 00:14
調整検出: ryo4ryo4n66 2025/07/10 1:04 f → 01:04
調整検出: kouki0802.ao 2025/07/11 1:30 s 1:00 → 01:30
調整検出: kouki0802.ao 2025/07/11 2:50 f → 02:50
調整検出: theoj246 2025/07/15 0:12 f → 00:12
調整検出: ryo4ryo4n66 2025/07/17 1:12 s → 01:12
調整検出: ryo4ryo4n66 2025/07/17 1:46 f +72 → 01:46
調整検出: hinako.tsutsumi2525 2025/07/19 1:44 s → 01:44
調整検出: hinako.tsutsumi2525 2025/07/19 2:32 f → 02:32
調整検出: kouki0802.ao 2025/07/19 2:40 s +20 → 02:40
調整検出: kouki0802.ao 2025/07/19 3:17 f → 03:17
調整検出: kouki0802.ao 2025/07/21 0:16 s → 00:16
調整検出: kouki0802.ao 2025/07/21 0:52 f → 00:52
調整検出: hinako.tsutsumi2525 2025/07/23 3:56 s → 03:56
調整検出: hinako.tsutsumi2525 2025/07/23 4:28 f → 04:28
調整検出: theoj246 2025/07/25 1:20 f → 01:20
調整検出: hinako.tsutsumi2525 2025/07/25 2:42 s → 02:42
調整検出: ryo4ryo4n66 2025/07/25 2:46 f → 02:46
調整検出: hinako.tsutsumi2525 2025/07/25 4:14 f → 04:14
調整検出: erin.isozu 2025/07/26 0:34 f → 00:34
調整検出: theoj246 2025/07/27 0:17 s → 00:17
調整検出: theoj246 2025/07/27 2:32 f → 02:32
調整検出: hinako.tsutsumi2525 2025/07/28 1:19 s → 01:19
調整検出: hinako.tsutsumi2525 2025/07/28 2:37 f → 02:37
調整検出: yuta.takasu 2025/07/28 9:14 s aoki → 09:14
調整検出: yuta.takasu 2025/07/28 9:26 f aoki → 09:26
調整検出: kouki0802.ao 2025/07/30 0:14 f 18:21 → 00:14
調整検出: ryo4ryo4n66 2025/07/30 0:16 f → 00:16
調整検出: kouki0802.ao 2025/07/30 0:17 s → 00:17
調整検出: kouki0802.ao 2025/07/30 1:57 f → 01:57
調整検出: ryo4ryo4n66 2025/07/31 0:40 s → 00:40
調整検出: ryo4ryo4n66 2025/07/31 3:35 f → 03:35
調整検出: yuta.takasu 2025/07/31 9:19 s aoki → 09:19
調整検出: yuta.takasu 2025/07/31 9:34 f aoki → 09:34
調整検出: hinako.tsutsumi2525 2025/07/31 9:38 s → 09:38
調整検出: kouki0802.ao 2025/08/01 0:13 f → 00:13
調整検出: kimoppy126 2025/08/01 0:16 s → 00:16
調整検出: ryo4ryo4n66 2025/08/04 0:19 s → 00:19
調整検出: ryo4ryo4n66 2025/08/04 1:10 f +90 → 01:10
調整検出: erin.isozu 2025/08/05 1:52 f → 01:52
メッセージから調整検出: f-20 → -20分調整
調整検出: marikou180522 2025/08/06 19:39 f-20 → 19:19
調整検出: ryo4ryo4n66 2025/08/07 0:57 s → 00:57
調整検出: marikou180522 2025/08/07 1:01 f → 01:01
調整検出: erin.isozu 2025/08/07 2:07 s → 02:07
調整検出: ryo4ryo4n66 2025/08/07 3:14 f → 03:14
調整検出: erin.isozu 2025/08/07 4:12 f → 04:12
メッセージから調整検出: s+60 → 60分調整
調整検出: marikou180522 2025/08/07 19:32 s+60 → 18:32
メッセージから調整検出: s+20 → 20分調整
調整検出: marikou180522 2025/08/07 23:58 s+20 → 23:38
調整検出: ryo4ryo4n66 2025/08/08 0:36 s → 00:36
調整検出: marikou180522 2025/08/08 0:47 f → 00:47
調整検出: theoj246 2025/08/08 1:38 f → 01:38
調整検出: ryo4ryo4n66 2025/08/08 4:40 f → 04:40
調整検出: marikou180522 2025/08/08 6:04 s → 06:04
調整検出: marikou180522 2025/08/08 8:00 f → 08:00
メッセージから調整検出: f-45 → -45分調整
調整検出: marikou180522 2025/08/08 19:30 f-45 → 18:45
調整検出: erin.isozu 2025/08/09 0:17 s → 00:17
調整検出: ryo4ryo4n66 2025/08/09 0:48 s → 00:48
調整検出: erin.isozu 2025/08/09 1:50 f → 01:50
調整検出: ryo4ryo4n66 2025/08/09 2:52 f → 02:52
調整検出: erin.isozu 2025/08/09 4:44 s → 04:44
調整検出: erin.isozu 2025/08/09 6:08 f -40 → 06:08
調整検出: theoj246 2025/08/09 9:30 s → 09:30
調整検出: erin.isozu 2025/08/10 0:14 f → 00:14
調整検出: erin.isozu 2025/08/10 0:46 s → 00:46
調整検出: erin.isozu 2025/08/10 2:09 f → 02:09
調整検出: erin.isozu 2025/08/10 4:12 s → 04:12
調整検出: erin.isozu 2025/08/10 6:33 f → 06:33
調整検出: kouki0802.ao 2025/08/11 0:10 f → 00:10
調整検出: erin.isozu 2025/08/11 1:04 f → 01:04
メッセージから調整検出: s+90 → 90分調整
調整検出: marikou180522 2025/08/11 1:55 s+90 → 00:25
警告: Yohei Watanabe - 開始時刻なしの終了 2024/06/21 21:30
警告: Yohei Watanabe - 連続する開始時刻を検出、前のセッションを自動終了
警告: deerveryone - 開始時刻なしの終了 2024/09/05 18:54
警告: deerveryone - 開始時刻なしの終了 2024/09/05 21:10
警告: info - 開始時刻なしの終了 2024/10/31 18:03
警告: info - 連続する開始時刻を検出、前のセッションを自動終了
エラー: info - 24時間超過を検出 2024/12/14 09:17 → 2025/05/20 13:44 = 226347分
警告: info - 開始時刻なしの終了 2025/07/18 21:49
情報: info - 未完了のセッション 2025/07/18 21:51
警告: theoj246 - 連続する開始時刻を検出、前のセッションを自動終了
警告: theoj246 - 開始時刻なしの終了 2025/03/06 16:51
警告: theoj246 - 連続する開始時刻を検出、前のセッションを自動終了
警告: theoj246 - 開始時刻なしの終了 2025/03/10 17:58
警告: theoj246 - 開始時刻なしの終了 2025/03/10 19:05
警告: theoj246 - 連続する開始時刻を検出、前のセッションを自動終了
警告: theoj246 - 開始時刻なしの終了 2025/03/11 01:09
警告: theoj246 - 連続する開始時刻を検出、前のセッションを自動終了
警告: theoj246 - 連続する開始時刻を検出、前のセッションを自動終了
エラー: theoj246 - 24時間超過を検出 2025/07/12 15:51 → 2025/07/14 10:34 = 2563分
警告: theoj246 - 連続する開始時刻を検出、前のセッションを自動終了
警告: theoj246 - 開始時刻なしの終了 2025/08/06 13:33
エラー: ryo4ryo4n66 - 24時間超過を検出 2024/11/02 13:59 → 2024/11/03 15:36 = 1537分
警告: ryo4ryo4n66 - 連続する開始時刻を検出、前のセッションを自動終了
警告: ryo4ryo4n66 - 連続する開始時刻を検出、前のセッションを自動終了
警告: ryo4ryo4n66 - 開始時刻なしの終了 2025/03/11 14:15
警告: ryo4ryo4n66 - 連続する開始時刻を検出、前のセッションを自動終了
警告: ryo4ryo4n66 - 開始時刻なしの終了 2025/03/26 17:50
警告: ryo4ryo4n66 - 連続する開始時刻を検出、前のセッションを自動終了
警告: ryo4ryo4n66 - 連続する開始時刻を検出、前のセッションを自動終了
エラー: ryo4ryo4n66 - 24時間超過を検出 2025/05/10 15:56 → 2025/05/12 13:03 = 2707分
警告: ryo4ryo4n66 - 開始時刻なしの終了 2025/06/13 19:47
警告: ryo4ryo4n66 - 開始時刻なしの終了 2025/07/09 13:35
情報: A - 未完了のセッション 2024/09/25 13:22
警告: osaryo523778 - 連続する開始時刻を検出、前のセッションを自動終了
エラー: kimoppy126 - 24時間超過を検出 2025/05/25 15:05 → 2025/05/28 00:03 = 3418分
警告: kimoppy126 - 連続する開始時刻を検出、前のセッションを自動終了
警告: kimoppy126 - 連続する開始時刻を検出、前のセッションを自動終了
警告: kimoppy126 - 連続する開始時刻を検出、前のセッションを自動終了
警告: kimoppy126 - 連続する開始時刻を検出、前のセッションを自動終了
情報: kimoppy126 - 未完了のセッション 2025/08/01 00:16
警告: yuta.takasu - 連続する開始時刻を検出、前のセッションを自動終了
警告: yuta.takasu - 連続する開始時刻を検出、前のセッションを自動終了
警告: yuta.takasu - 連続する開始時刻を検出、前のセッションを自動終了
警告: hinako.tsutsumi2525 - 開始時刻なしの終了 2025/06/23 14:49
警告: ujwal.kumar252725 - 連続する開始時刻を検出、前のセッションを自動終了
警告: ujwal.kumar252725 - 開始時刻なしの終了 2025/07/10 23:18
警告: ujwal.kumar252725 - 開始時刻なしの終了 2025/07/15 18:31
警告: ujwal.kumar252725 - 開始時刻なしの終了 2025/07/16 11:59
警告: ujwal.kumar252725 - 開始時刻なしの終了 2025/07/18 21:49
警告: ujwal.kumar252725 - 連続する開始時刻を検出、前のセッションを自動終了
警告: ujwal.kumar252725 - 連続する開始時刻を検出、前のセッションを自動終了
情報: ujwal.kumar252725 - 未完了のセッション 2025/07/18 21:51
警告: kouki0802.ao - 開始時刻なしの終了 2025/06/20 17:11
警告: kouki0802.ao - 開始時刻なしの終了 2025/06/28 18:25
警告: kouki0802.ao - 開始時刻なしの終了 2025/07/03 17:13
エラー: kouki0802.ao - 24時間超過を検出 2025/07/04 17:50 → 2025/07/05 17:59 = 1449分
警告: kouki0802.ao - 連続する開始時刻を検出、前のセッションを自動終了
警告: kouki0802.ao - 連続する開始時刻を検出、前のセッションを自動終了
警告: kouki0802.ao - 開始時刻なしの終了 2025/08/05 18:18
警告: marikou180522 - 連続する開始時刻を検出、前のセッションを自動終了
情報: marikou180522 - 未完了のセッション 2025/08/11 00:25
INFO:     127.0.0.1:50967 - "GET /subpage/update?limit=15&months=12 HTTP/1.1" 200 OK
調整検出: Yohei Watanabe 2024/06/16 3:10 終了 → 03:10
調整検出: Yohei Watanabe 2024/06/27 0:07 開始 → 00:07
調整検出: Yohei Watanabe 2024/06/27 2:03 終了 → 02:03
調整検出: deerveryone 2024/07/12 8:50 開始：EB関連Notion管理（修正） → 08:50
調整検出: deerveryone 2024/07/12 9:20 終了 → 09:20
調整検出: lyuki093 2024/07/16 8:57 開始 → 08:57
調整検出: deerveryone 2024/07/16 9:38 開始 → 09:38
調整検出: deerveryone 2024/08/21 7:54 開始 → 07:54
調整検出: deerveryone 2024/08/21 9:02 終了 → 09:02
調整検出: deerveryone 2024/08/28 8:52 開始 → 08:52
調整検出: theoj246 2024/09/06 8:22 開始 → 08:22
調整検出: deerveryone 2024/09/06 9:20 開始（08:20に修正） → 09:20
調整検出: theoj246 2024/09/06 9:31 終了 → 09:31
調整検出: deerveryone 2024/09/09 9:45 開始 → 09:45
調整検出: deerveryone 2024/09/11 8:56 開始 → 08:56
調整検出: theoj246 2024/09/11 9:59 開始 → 09:59
調整検出: deerveryone 2024/09/11 9:40 終了 9:40 → 09:40
調整検出: theoj246 2024/09/18 0:16 終了 → 00:16
調整検出: deerveryone 2024/09/18 8:51 開始 → 08:51
調整検出: ryo4ryo4n66 2024/09/18 9:32 開始 → 09:32
調整検出: theoj246 2024/09/19 0:19 開始 → 00:19
調整検出: theoj246 2024/09/19 0:47 終了 → 00:47
調整検出: theoj246 2024/09/19 8:53 開始 → 08:53
調整検出: deerveryone 2024/09/21 9:15 開始 → 09:15
調整検出: ryo4ryo4n66 2024/09/21 9:38 開始 → 09:38
調整検出: ryo4ryo4n66 2024/09/23 0:23 開始 → 00:23
調整検出: deerveryone 2024/09/23 9:00 終了 → 09:00
調整検出: theoj246 2024/09/24 9:04 開始 → 09:04
調整検出: theoj246 2024/09/24 9:32 終了 → 09:32
調整検出: theoj246 2024/09/25 8:51 開始 → 08:51
調整検出: deerveryone 2024/09/27 9:08 開始 → 09:08
調整検出: theoj246 2024/10/06 0:45 開始 → 00:45
調整検出: theoj246 2024/10/06 1:46 終了 → 01:46
調整検出: theoj246 2024/10/07 0:05 終了 → 00:05
調整検出: theoj246 2024/10/09 0:52 開始 → 00:52
調整検出: theoj246 2024/10/09 1:19 終了 → 01:19
調整検出: theoj246 2024/10/09 9:06 開始 → 09:06
調整検出: theoj246 2024/10/09 9:58 終了 → 09:58
調整検出: theoj246 2024/10/11 9:23 開始 → 09:23
調整検出: theoj246 2024/10/13 0:29 開始 → 00:29
調整検出: theoj246 2024/10/13 1:29 終了 → 01:29
調整検出: theoj246 2024/10/13 9:31 開始 → 09:31
調整検出: osaryo523778 2024/10/17 1:18 終了 → 01:18
調整検出: theoj246 2024/10/17 8:58 開始 → 08:58
調整検出: theoj246 2024/10/17 9:43 終了 → 09:43
調整検出: osaryo523778 2024/10/18 0:00 終了 → 00:00
調整検出: theoj246 2024/10/18 9:11 開始 → 09:11
調整検出: theoj246 2024/10/20 9:53 開始 → 09:53
調整検出: osaryo523778 2024/10/21 1:10 終了 → 01:10
調整検出: osaryo523778 2024/10/21 8:03 開始 → 08:03
調整検出: theoj246 2024/10/23 8:43 開始 → 08:43
調整検出: theoj246 2024/10/23 9:40 終了 → 09:40
調整検出: osaryo523778 2024/10/26 2:53 s → 02:53
調整検出: osaryo523778 2024/10/26 4:53 f → 04:53
調整検出: theoj246 2024/10/27 0:24 s → 00:24
調整検出: theoj246 2024/10/27 1:30 f → 01:30
調整検出: theoj246 2024/10/28 0:17 s → 00:17
調整検出: theoj246 2024/10/28 1:34 f → 01:34
調整検出: ryo4ryo4n66 2024/10/29 0:57 f → 00:57
調整検出: theoj246 2024/11/04 0:02 s → 00:02
調整検出: theoj246 2024/11/04 0:18 f → 00:18
調整検出: theoj246 2024/11/08 0:51 f → 00:51
調整検出: theoj246 2024/11/10 1:26 f → 01:26
調整検出: ryo4ryo4n66 2024/11/12 0:15 f → 00:15
調整検出: osaryo523778 2024/11/16 1:34 s → 01:34
調整検出: ryo4ryo4n66 2024/11/16 2:52 f → 02:52
調整検出: osaryo523778 2024/11/16 4:21 f → 04:21
調整検出: osaryo523778 2024/11/17 0:43 f → 00:43
調整検出: theoj246 2024/11/18 0:13 s → 00:13
調整検出: theoj246 2024/11/18 0:41 f → 00:41
調整検出: theoj246 2024/11/21 0:49 f → 00:49
調整検出: theoj246 2024/11/23 2:08 f → 02:08
調整検出: theoj246 2024/11/24 1:11 f → 01:11
調整検出: osaryo523778 2024/11/26 0:26 f → 00:26
調整検出: theoj246 2024/11/28 0:49 f → 00:49
調整検出: theoj246 2024/11/29 1:33 f → 01:33
調整検出: osaryo523778 2024/12/03 1:49 f → 01:49
調整検出: ryo4ryo4n66 2024/12/06 0:53 s → 00:53
調整検出: ryo4ryo4n66 2024/12/06 2:20 f → 02:20
調整検出: osaryo523778 2024/12/10 1:17 s → 01:17
調整検出: osaryo523778 2024/12/10 3:27 f → 03:27
調整検出: theoj246 2024/12/10 8:32 s → 08:32
調整検出: theoj246 2024/12/11 9:46 s → 09:46
調整検出: theoj246 2024/12/14 9:01 s → 09:01
調整検出: info 2024/12/14 9:17 s → 09:17
調整検出: ryo4ryo4n66 2024/12/15 0:09 f → 00:09
調整検出: theoj246 2024/12/16 0:52 f → 00:52
調整検出: theoj246 2024/12/16 8:42 s → 08:42
調整検出: theoj246 2024/12/17 0:04 f → 00:04
調整検出: theoj246 2024/12/18 8:53 f -30s → 08:53
調整検出: theoj246 2024/12/18 8:53 s → 08:53
調整検出: theoj246 2024/12/19 1:03 f 22:00 → 01:03
調整検出: theoj246 2024/12/19 9:34 s → 09:34
調整検出: theoj246 2024/12/20 9:01 s → 09:01
調整検出: theoj246 2024/12/20 9:51 f → 09:51
調整検出: theoj246 2024/12/22 0:34 f → 00:34
調整検出: theoj246 2024/12/22 9:36 s → 09:36
調整検出: theoj246 2024/12/24 9:46 s → 09:46
調整検出: theoj246 2025/01/04 0:40 f → 00:40
調整検出: theoj246 2025/01/04 9:58 s → 09:58
調整検出: theoj246 2025/01/10 0:35 f → 00:35
調整検出: theoj246 2025/01/13 0:47 f → 00:47
調整検出: osaryo523778 2025/01/14 0:58 f → 00:58
調整検出: theoj246 2025/01/16 9:09 f - 21:00 → 09:09
調整検出: theoj246 2025/01/20 9:16 s → 09:16
調整検出: theoj246 2025/01/20 9:49 f → 09:49
調整検出: theoj246 2025/01/27 9:03 s → 09:03
調整検出: ryo4ryo4n66 2025/01/30 0:02 s → 00:02
調整検出: ryo4ryo4n66 2025/01/30 3:07 f → 03:07
調整検出: theoj246 2025/02/11 1:17 s → 01:17
調整検出: theoj246 2025/02/11 1:40 f → 01:40
調整検出: theoj246 2025/02/12 0:27 f → 00:27
調整検出: theoj246 2025/02/13 9:21 s → 09:21
調整検出: theoj246 2025/02/19 9:07 s → 09:07
調整検出: theoj246 2025/02/24 0:27 f → 00:27
調整検出: ryo4ryo4n66 2025/02/27 0:03 f → 00:03
調整検出: kimoppy126 2025/03/06 7:29 s → 07:29
調整検出: kimoppy126 2025/03/06 9:25 f → 09:25
調整検出: kimoppy126 2025/03/09 8:38 s → 08:38
調整検出: theoj246 2025/03/10 0:07 f → 00:07
調整検出: ryo4ryo4n66 2025/03/10 0:26 f → 00:26
調整検出: theoj246 2025/03/10 9:58 s → 09:58
調整検出: ryo4ryo4n66 2025/03/11 1:03 f -3:35 → 01:03
調整検出: theoj246 2025/03/11 1:09 f → 01:09
調整検出: theoj246 2025/03/11 9:47 s → 09:47
調整検出: theoj246 2025/03/12 0:07 f → 00:07
調整検出: theoj246 2025/03/18 0:25 f 20:20 → 00:25
調整検出: ryo4ryo4n66 2025/03/18 0:32 f 20:20 → 00:32
調整検出: ryo4ryo4n66 2025/03/18 0:32 s → 00:32
調整検出: theoj246 2025/03/18 1:13 s → 01:13
調整検出: theoj246 2025/03/18 1:35 f → 01:35
調整検出: ryo4ryo4n66 2025/03/18 1:50 f → 01:50
調整検出: ryo4ryo4n66 2025/03/22 1:18 s → 01:18
調整検出: ryo4ryo4n66 2025/03/22 2:09 f → 02:09
調整検出: theoj246 2025/03/22 5:06 f → 05:06
調整検出: theoj246 2025/03/24 0:11 f → 00:11
調整検出: theoj246 2025/03/26 0:11 s → 00:11
調整検出: theoj246 2025/03/26 1:07 f → 01:07
調整検出: ryo4ryo4n66 2025/03/26 1:11 s → 01:11
調整検出: ryo4ryo4n66 2025/03/26 1:59 f ＋ 180 → 01:59
調整検出: theoj246 2025/03/28 0:42 f → 00:42
調整検出: ryo4ryo4n66 2025/03/28 0:45 s → 00:45
調整検出: ryo4ryo4n66 2025/03/28 2:41 f → 02:41
調整検出: theoj246 2025/03/31 9:12 s → 09:12
調整検出: ryo4ryo4n66 2025/04/01 0:46 f → 00:46
調整検出: ryo4ryo4n66 2025/04/03 1:16 f → 01:16
調整検出: theoj246 2025/04/04 0:37 f → 00:37
調整検出: theoj246 2025/04/05 0:44 f → 00:44
調整検出: theoj246 2025/04/07 0:30 s → 00:30
調整検出: theoj246 2025/04/07 2:20 f → 02:20
調整検出: ryo4ryo4n66 2025/04/08 0:05 s → 00:05
調整検出: ryo4ryo4n66 2025/04/08 0:35 f → 00:35
調整検出: theoj246 2025/04/09 1:01 f → 01:01
調整検出: theoj246 2025/04/10 0:14 s → 00:14
調整検出: theoj246 2025/04/10 0:39 f → 00:39
調整検出: kimoppy126 2025/04/14 1:31 f → 01:31
調整検出: theoj246 2025/04/16 0:02 f → 00:02
調整検出: kimoppy126 2025/04/20 4:05 f → 04:05
調整検出: theoj246 2025/04/21 1:29 f → 01:29
調整検出: ryo4ryo4n66 2025/04/22 0:31 s → 00:31
調整検出: theoj246 2025/04/22 0:45 f → 00:45
調整検出: ryo4ryo4n66 2025/04/22 1:04 f → 01:04
調整検出: ryo4ryo4n66 2025/04/23 0:49 f → 00:49
調整検出: theoj246 2025/04/23 1:33 f → 01:33
調整検出: theoj246 2025/04/23 9:52 s → 09:52
調整検出: theoj246 2025/04/25 0:19 f → 00:19
調整検出: theoj246 2025/04/30 0:14 s → 00:14
調整検出: theoj246 2025/04/30 2:13 f → 02:13
調整検出: theoj246 2025/05/03 1:37 f → 01:37
調整検出: theoj246 2025/05/08 0:54 f → 00:54
調整検出: theoj246 2025/05/09 0:38 f → 00:38
調整検出: ryo4ryo4n66 2025/05/14 1:57 s → 01:57
調整検出: ryo4ryo4n66 2025/05/14 1:58 f60 → 01:58
調整検出: theoj246 2025/05/16 1:11 f → 01:11
調整検出: theoj246 2025/05/17 2:51 f → 02:51
調整検出: theoj246 2025/05/18 0:18 f → 00:18
調整検出: theoj246 2025/05/19 4:43 s → 04:43
調整検出: theoj246 2025/05/19 8:22 f → 08:22
調整検出: theoj246 2025/05/21 9:22 s → 09:22
調整検出: theoj246 2025/05/22 9:16 s → 09:16
調整検出: ryo4ryo4n66 2025/05/23 0:40 s → 00:40
調整検出: ryo4ryo4n66 2025/05/23 2:15 f → 02:15
調整検出: theoj246 2025/05/23 9:34 s → 09:34
調整検出: ryo4ryo4n66 2025/05/24 0:09 s → 00:09
調整検出: ryo4ryo4n66 2025/05/24 1:17 f → 01:17
調整検出: theoj246 2025/05/24 8:51 s → 08:51
調整検出: theoj246 2025/05/26 8:47 s → 08:47
調整検出: ryo4ryo4n66 2025/05/27 1:36 s → 01:36
調整検出: ryo4ryo4n66 2025/05/27 3:04 f → 03:04
調整検出: kimoppy126 2025/05/28 0:03 f 5/25 19:00 → 00:03
調整検出: theoj246 2025/05/28 0:43 f → 00:43
調整検出: theoj246 2025/05/28 9:56 s → 09:56
調整検出: theoj246 2025/05/29 0:41 s → 00:41
調整検出: theoj246 2025/05/29 2:22 f → 02:22
調整検出: ryo4ryo4n66 2025/05/31 0:58 f → 00:58
調整検出: ryo4ryo4n66 2025/06/02 0:08 s → 00:08
調整検出: ryo4ryo4n66 2025/06/02 2:12 f → 02:12
調整検出: hinako.tsutsumi2525 2025/06/05 1:51 s → 01:51
調整検出: theoj246 2025/06/05 1:57 f → 01:57
調整検出: hinako.tsutsumi2525 2025/06/05 2:28 f → 02:28
調整検出: ujwal.kumar252725 2025/06/05 8:00 f 23:30 → 08:00
調整検出: hinako.tsutsumi2525 2025/06/06 2:15 s → 02:15
調整検出: hinako.tsutsumi2525 2025/06/06 3:24 f → 03:24
調整検出: hinako.tsutsumi2525 2025/06/07 0:22 s → 00:22
調整検出: hinako.tsutsumi2525 2025/06/07 0:57 f → 00:57
調整検出: hinako.tsutsumi2525 2025/06/07 1:45 s → 01:45
調整検出: hinako.tsutsumi2525 2025/06/07 2:08 f → 02:08
調整検出: ujwal.kumar252725 2025/06/09 9:32 f 17:30 → 09:32
調整検出: theoj246 2025/06/10 3:09 f 2:00 → 03:09
調整検出: hinako.tsutsumi2525 2025/06/11 1:05 s → 01:05
調整検出: theoj246 2025/06/11 1:43 f → 01:43
調整検出: hinako.tsutsumi2525 2025/06/11 1:53 f → 01:53
調整検出: ujwal.kumar252725 2025/06/14 8:15 f 11:30 → 08:15
調整検出: hinako.tsutsumi2525 2025/06/16 9:05 s → 09:05
調整検出: ryo4ryo4n66 2025/06/17 1:47 s → 01:47
調整検出: hinako.tsutsumi2525 2025/06/17 2:00 s → 02:00
調整検出: hinako.tsutsumi2525 2025/06/17 2:53 f → 02:53
調整検出: ryo4ryo4n66 2025/06/17 3:51 f → 03:51
調整検出: hinako.tsutsumi2525 2025/06/18 1:32 s → 01:32
調整検出: theoj246 2025/06/18 2:21 f → 02:21
調整検出: hinako.tsutsumi2525 2025/06/18 2:36 f → 02:36
調整検出: hinako.tsutsumi2525 2025/06/19 1:27 s → 01:27
調整検出: hinako.tsutsumi2525 2025/06/19 4:03 f → 04:03
調整検出: hinako.tsutsumi2525 2025/06/20 0:02 s → 00:02
調整検出: hinako.tsutsumi2525 2025/06/20 0:37 f → 00:37
調整検出: hinako.tsutsumi2525 2025/06/21 0:08 s → 00:08
調整検出: theoj246 2025/06/21 0:58 s → 00:58
調整検出: theoj246 2025/06/21 1:56 f → 01:56
調整検出: hinako.tsutsumi2525 2025/06/21 2:19 f → 02:19
調整検出: hinako.tsutsumi2525 2025/06/22 1:56 s → 01:56
調整検出: hinako.tsutsumi2525 2025/06/22 2:39 f → 02:39
調整検出: hinako.tsutsumi2525 2025/06/23 9:43 s → 09:43
調整検出: kouki0802.ao 2025/06/24 0:43 s 00:00 → 00:43
調整検出: kouki0802.ao 2025/06/24 0:44 f 00:30 → 00:44
調整検出: theoj246 2025/06/24 2:31 f → 02:31
調整検出: theoj246 2025/06/25 0:57 f → 00:57
調整検出: ryo4ryo4n66 2025/06/26 0:37 s → 00:37
調整検出: hinako.tsutsumi2525 2025/06/26 1:12 s → 01:12
調整検出: ryo4ryo4n66 2025/06/26 2:23 f → 02:23
調整検出: hinako.tsutsumi2525 2025/06/26 3:48 f → 03:48
調整検出: hinako.tsutsumi2525 2025/06/26 4:44 s → 04:44
調整検出: hinako.tsutsumi2525 2025/06/26 4:51 f → 04:51
調整検出: theoj246 2025/06/29 0:33 f → 00:33
調整検出: hinako.tsutsumi2525 2025/06/29 2:00 s → 02:00
調整検出: hinako.tsutsumi2525 2025/06/29 2:17 f → 02:17
調整検出: kimoppy126 2025/06/30 1:42 f → 01:42
調整検出: theoj246 2025/06/30 2:55 f → 02:55
調整検出: hinako.tsutsumi2525 2025/07/01 2:46 s → 02:46
調整検出: hinako.tsutsumi2525 2025/07/01 4:05 f → 04:05
調整検出: hinako.tsutsumi2525 2025/07/02 9:27 s → 09:27
調整検出: theoj246 2025/07/04 4:17 f → 04:17
調整検出: theoj246 2025/07/04 4:59 s → 04:59
調整検出: theoj246 2025/07/04 6:48 f → 06:48
調整検出: theoj246 2025/07/04 7:20 s → 07:20
調整検出: theoj246 2025/07/04 7:53 f → 07:53
調整検出: hinako.tsutsumi2525 2025/07/07 3:46 s → 03:46
調整検出: hinako.tsutsumi2525 2025/07/07 4:09 f → 04:09
調整検出: hinako.tsutsumi2525 2025/07/08 0:54 s → 00:54
調整検出: hinako.tsutsumi2525 2025/07/08 2:03 f → 02:03
調整検出: ryo4ryo4n66 2025/07/09 0:36 f → 00:36
調整検出: kimoppy126 2025/07/09 0:57 s → 00:57
調整検出: hinako.tsutsumi2525 2025/07/09 9:50 s → 09:50
調整検出: ryo4ryo4n66 2025/07/10 0:14 s → 00:14
調整検出: ryo4ryo4n66 2025/07/10 1:04 f → 01:04
調整検出: kouki0802.ao 2025/07/11 1:30 s 1:00 → 01:30
調整検出: kouki0802.ao 2025/07/11 2:50 f → 02:50
調整検出: theoj246 2025/07/15 0:12 f → 00:12
調整検出: ryo4ryo4n66 2025/07/17 1:12 s → 01:12
調整検出: ryo4ryo4n66 2025/07/17 1:46 f +72 → 01:46
調整検出: hinako.tsutsumi2525 2025/07/19 1:44 s → 01:44
調整検出: hinako.tsutsumi2525 2025/07/19 2:32 f → 02:32
調整検出: kouki0802.ao 2025/07/19 2:40 s +20 → 02:40
調整検出: kouki0802.ao 2025/07/19 3:17 f → 03:17
調整検出: kouki0802.ao 2025/07/21 0:16 s → 00:16
調整検出: kouki0802.ao 2025/07/21 0:52 f → 00:52
調整検出: hinako.tsutsumi2525 2025/07/23 3:56 s → 03:56
調整検出: hinako.tsutsumi2525 2025/07/23 4:28 f → 04:28
調整検出: theoj246 2025/07/25 1:20 f → 01:20
調整検出: hinako.tsutsumi2525 2025/07/25 2:42 s → 02:42
調整検出: ryo4ryo4n66 2025/07/25 2:46 f → 02:46
調整検出: hinako.tsutsumi2525 2025/07/25 4:14 f → 04:14
調整検出: erin.isozu 2025/07/26 0:34 f → 00:34
調整検出: theoj246 2025/07/27 0:17 s → 00:17
調整検出: theoj246 2025/07/27 2:32 f → 02:32
調整検出: hinako.tsutsumi2525 2025/07/28 1:19 s → 01:19
調整検出: hinako.tsutsumi2525 2025/07/28 2:37 f → 02:37
調整検出: yuta.takasu 2025/07/28 9:14 s aoki → 09:14
調整検出: yuta.takasu 2025/07/28 9:26 f aoki → 09:26
調整検出: kouki0802.ao 2025/07/30 0:14 f 18:21 → 00:14
調整検出: ryo4ryo4n66 2025/07/30 0:16 f → 00:16
調整検出: kouki0802.ao 2025/07/30 0:17 s → 00:17
調整検出: kouki0802.ao 2025/07/30 1:57 f → 01:57
調整検出: ryo4ryo4n66 2025/07/31 0:40 s → 00:40
調整検出: ryo4ryo4n66 2025/07/31 3:35 f → 03:35
調整検出: yuta.takasu 2025/07/31 9:19 s aoki → 09:19
調整検出: yuta.takasu 2025/07/31 9:34 f aoki → 09:34
調整検出: hinako.tsutsumi2525 2025/07/31 9:38 s → 09:38
調整検出: kouki0802.ao 2025/08/01 0:13 f → 00:13
調整検出: kimoppy126 2025/08/01 0:16 s → 00:16
調整検出: ryo4ryo4n66 2025/08/04 0:19 s → 00:19
調整検出: ryo4ryo4n66 2025/08/04 1:10 f +90 → 01:10
調整検出: erin.isozu 2025/08/05 1:52 f → 01:52
メッセージから調整検出: f-20 → -20分調整
調整検出: marikou180522 2025/08/06 19:39 f-20 → 19:19
調整検出: ryo4ryo4n66 2025/08/07 0:57 s → 00:57
調整検出: marikou180522 2025/08/07 1:01 f → 01:01
調整検出: erin.isozu 2025/08/07 2:07 s → 02:07
調整検出: ryo4ryo4n66 2025/08/07 3:14 f → 03:14
調整検出: erin.isozu 2025/08/07 4:12 f → 04:12
メッセージから調整検出: s+60 → 60分調整
調整検出: marikou180522 2025/08/07 19:32 s+60 → 18:32
メッセージから調整検出: s+20 → 20分調整
調整検出: marikou180522 2025/08/07 23:58 s+20 → 23:38
調整検出: ryo4ryo4n66 2025/08/08 0:36 s → 00:36
調整検出: marikou180522 2025/08/08 0:47 f → 00:47
調整検出: theoj246 2025/08/08 1:38 f → 01:38
調整検出: ryo4ryo4n66 2025/08/08 4:40 f → 04:40
調整検出: marikou180522 2025/08/08 6:04 s → 06:04
調整検出: marikou180522 2025/08/08 8:00 f → 08:00
メッセージから調整検出: f-45 → -45分調整
調整検出: marikou180522 2025/08/08 19:30 f-45 → 18:45
調整検出: erin.isozu 2025/08/09 0:17 s → 00:17
調整検出: ryo4ryo4n66 2025/08/09 0:48 s → 00:48
調整検出: erin.isozu 2025/08/09 1:50 f → 01:50
調整検出: ryo4ryo4n66 2025/08/09 2:52 f → 02:52
調整検出: erin.isozu 2025/08/09 4:44 s → 04:44
調整検出: erin.isozu 2025/08/09 6:08 f -40 → 06:08
調整検出: theoj246 2025/08/09 9:30 s → 09:30
調整検出: erin.isozu 2025/08/10 0:14 f → 00:14
調整検出: erin.isozu 2025/08/10 0:46 s → 00:46
調整検出: erin.isozu 2025/08/10 2:09 f → 02:09
調整検出: erin.isozu 2025/08/10 4:12 s → 04:12
調整検出: erin.isozu 2025/08/10 6:33 f → 06:33
調整検出: kouki0802.ao 2025/08/11 0:10 f → 00:10
調整検出: erin.isozu 2025/08/11 1:04 f → 01:04
メッセージから調整検出: s+90 → 90分調整
調整検出: marikou180522 2025/08/11 1:55 s+90 → 00:25
警告: Yohei Watanabe - 開始時刻なしの終了 2024/06/21 21:30
警告: Yohei Watanabe - 連続する開始時刻を検出、前のセッションを自動終了
警告: deerveryone - 開始時刻なしの終了 2024/09/05 18:54
警告: deerveryone - 開始時刻なしの終了 2024/09/05 21:10
警告: info - 開始時刻なしの終了 2024/10/31 18:03
警告: info - 連続する開始時刻を検出、前のセッションを自動終了
エラー: info - 24時間超過を検出 2024/12/14 09:17 → 2025/05/20 13:44 = 226347分
警告: info - 開始時刻なしの終了 2025/07/18 21:49
情報: info - 未完了のセッション 2025/07/18 21:51
警告: theoj246 - 連続する開始時刻を検出、前のセッションを自動終了
警告: theoj246 - 開始時刻なしの終了 2025/03/06 16:51
警告: theoj246 - 連続する開始時刻を検出、前のセッションを自動終了
警告: theoj246 - 開始時刻なしの終了 2025/03/10 17:58
警告: theoj246 - 開始時刻なしの終了 2025/03/10 19:05
警告: theoj246 - 連続する開始時刻を検出、前のセッションを自動終了
警告: theoj246 - 開始時刻なしの終了 2025/03/11 01:09
警告: theoj246 - 連続する開始時刻を検出、前のセッションを自動終了
警告: theoj246 - 連続する開始時刻を検出、前のセッションを自動終了
エラー: theoj246 - 24時間超過を検出 2025/07/12 15:51 → 2025/07/14 10:34 = 2563分
警告: theoj246 - 連続する開始時刻を検出、前のセッションを自動終了
警告: theoj246 - 開始時刻なしの終了 2025/08/06 13:33
エラー: ryo4ryo4n66 - 24時間超過を検出 2024/11/02 13:59 → 2024/11/03 15:36 = 1537分
警告: ryo4ryo4n66 - 連続する開始時刻を検出、前のセッションを自動終了
警告: ryo4ryo4n66 - 連続する開始時刻を検出、前のセッションを自動終了
警告: ryo4ryo4n66 - 開始時刻なしの終了 2025/03/11 14:15
警告: ryo4ryo4n66 - 連続する開始時刻を検出、前のセッションを自動終了
警告: ryo4ryo4n66 - 開始時刻なしの終了 2025/03/26 17:50
警告: ryo4ryo4n66 - 連続する開始時刻を検出、前のセッションを自動終了
警告: ryo4ryo4n66 - 連続する開始時刻を検出、前のセッションを自動終了
エラー: ryo4ryo4n66 - 24時間超過を検出 2025/05/10 15:56 → 2025/05/12 13:03 = 2707分
警告: ryo4ryo4n66 - 開始時刻なしの終了 2025/06/13 19:47
警告: ryo4ryo4n66 - 開始時刻なしの終了 2025/07/09 13:35
情報: A - 未完了のセッション 2024/09/25 13:22
警告: osaryo523778 - 連続する開始時刻を検出、前のセッションを自動終了
エラー: kimoppy126 - 24時間超過を検出 2025/05/25 15:05 → 2025/05/28 00:03 = 3418分
警告: kimoppy126 - 連続する開始時刻を検出、前のセッションを自動終了
警告: kimoppy126 - 連続する開始時刻を検出、前のセッションを自動終了
警告: kimoppy126 - 連続する開始時刻を検出、前のセッションを自動終了
警告: kimoppy126 - 連続する開始時刻を検出、前のセッションを自動終了
情報: kimoppy126 - 未完了のセッション 2025/08/01 00:16
警告: yuta.takasu - 連続する開始時刻を検出、前のセッションを自動終了
警告: yuta.takasu - 連続する開始時刻を検出、前のセッションを自動終了
警告: yuta.takasu - 連続する開始時刻を検出、前のセッションを自動終了
警告: hinako.tsutsumi2525 - 開始時刻なしの終了 2025/06/23 14:49
警告: ujwal.kumar252725 - 連続する開始時刻を検出、前のセッションを自動終了
警告: ujwal.kumar252725 - 開始時刻なしの終了 2025/07/10 23:18
警告: ujwal.kumar252725 - 開始時刻なしの終了 2025/07/15 18:31
警告: ujwal.kumar252725 - 開始時刻なしの終了 2025/07/16 11:59
警告: ujwal.kumar252725 - 開始時刻なしの終了 2025/07/18 21:49
警告: ujwal.kumar252725 - 連続する開始時刻を検出、前のセッションを自動終了
警告: ujwal.kumar252725 - 連続する開始時刻を検出、前のセッションを自動終了
情報: ujwal.kumar252725 - 未完了のセッション 2025/07/18 21:51
警告: kouki0802.ao - 開始時刻なしの終了 2025/06/20 17:11
警告: kouki0802.ao - 開始時刻なしの終了 2025/06/28 18:25
警告: kouki0802.ao - 開始時刻なしの終了 2025/07/03 17:13
エラー: kouki0802.ao - 24時間超過を検出 2025/07/04 17:50 → 2025/07/05 17:59 = 1449分
警告: kouki0802.ao - 連続する開始時刻を検出、前のセッションを自動終了
警告: kouki0802.ao - 連続する開始時刻を検出、前のセッションを自動終了
警告: kouki0802.ao - 開始時刻なしの終了 2025/08/05 18:18
警告: marikou180522 - 連続する開始時刻を検出、前のセッションを自動終了
情報: marikou180522 - 未完了のセッション 2025/08/11 00:25
INFO:     127.0.0.1:51017 - "GET /subpage/update?limit=1&months=1 HTTP/1.1" 200 OK
INFO:     127.0.0.1:51063 - "OPTIONS /subpage/update HTTP/1.1" 200 OK
調整検出: Yohei Watanabe 2024/06/16 3:10 終了 → 03:10
調整検出: Yohei Watanabe 2024/06/27 0:07 開始 → 00:07
調整検出: Yohei Watanabe 2024/06/27 2:03 終了 → 02:03
調整検出: deerveryone 2024/07/12 8:50 開始：EB関連Notion管理（修正） → 08:50
調整検出: deerveryone 2024/07/12 9:20 終了 → 09:20
調整検出: lyuki093 2024/07/16 8:57 開始 → 08:57
調整検出: deerveryone 2024/07/16 9:38 開始 → 09:38
調整検出: deerveryone 2024/08/21 7:54 開始 → 07:54
調整検出: deerveryone 2024/08/21 9:02 終了 → 09:02
調整検出: deerveryone 2024/08/28 8:52 開始 → 08:52
調整検出: theoj246 2024/09/06 8:22 開始 → 08:22
調整検出: deerveryone 2024/09/06 9:20 開始（08:20に修正） → 09:20
調整検出: theoj246 2024/09/06 9:31 終了 → 09:31
調整検出: deerveryone 2024/09/09 9:45 開始 → 09:45
調整検出: deerveryone 2024/09/11 8:56 開始 → 08:56
調整検出: theoj246 2024/09/11 9:59 開始 → 09:59
調整検出: deerveryone 2024/09/11 9:40 終了 9:40 → 09:40
調整検出: theoj246 2024/09/18 0:16 終了 → 00:16
調整検出: deerveryone 2024/09/18 8:51 開始 → 08:51
調整検出: ryo4ryo4n66 2024/09/18 9:32 開始 → 09:32
調整検出: theoj246 2024/09/19 0:19 開始 → 00:19
調整検出: theoj246 2024/09/19 0:47 終了 → 00:47
調整検出: theoj246 2024/09/19 8:53 開始 → 08:53
調整検出: deerveryone 2024/09/21 9:15 開始 → 09:15
調整検出: ryo4ryo4n66 2024/09/21 9:38 開始 → 09:38
調整検出: ryo4ryo4n66 2024/09/23 0:23 開始 → 00:23
調整検出: deerveryone 2024/09/23 9:00 終了 → 09:00
調整検出: theoj246 2024/09/24 9:04 開始 → 09:04
調整検出: theoj246 2024/09/24 9:32 終了 → 09:32
調整検出: theoj246 2024/09/25 8:51 開始 → 08:51
調整検出: deerveryone 2024/09/27 9:08 開始 → 09:08
調整検出: theoj246 2024/10/06 0:45 開始 → 00:45
調整検出: theoj246 2024/10/06 1:46 終了 → 01:46
調整検出: theoj246 2024/10/07 0:05 終了 → 00:05
調整検出: theoj246 2024/10/09 0:52 開始 → 00:52
調整検出: theoj246 2024/10/09 1:19 終了 → 01:19
調整検出: theoj246 2024/10/09 9:06 開始 → 09:06
調整検出: theoj246 2024/10/09 9:58 終了 → 09:58
調整検出: theoj246 2024/10/11 9:23 開始 → 09:23
調整検出: theoj246 2024/10/13 0:29 開始 → 00:29
調整検出: theoj246 2024/10/13 1:29 終了 → 01:29
調整検出: theoj246 2024/10/13 9:31 開始 → 09:31
調整検出: osaryo523778 2024/10/17 1:18 終了 → 01:18
調整検出: theoj246 2024/10/17 8:58 開始 → 08:58
調整検出: theoj246 2024/10/17 9:43 終了 → 09:43
調整検出: osaryo523778 2024/10/18 0:00 終了 → 00:00
調整検出: theoj246 2024/10/18 9:11 開始 → 09:11
調整検出: theoj246 2024/10/20 9:53 開始 → 09:53
調整検出: osaryo523778 2024/10/21 1:10 終了 → 01:10
調整検出: osaryo523778 2024/10/21 8:03 開始 → 08:03
調整検出: theoj246 2024/10/23 8:43 開始 → 08:43
調整検出: theoj246 2024/10/23 9:40 終了 → 09:40
調整検出: osaryo523778 2024/10/26 2:53 s → 02:53
調整検出: osaryo523778 2024/10/26 4:53 f → 04:53
調整検出: theoj246 2024/10/27 0:24 s → 00:24
調整検出: theoj246 2024/10/27 1:30 f → 01:30
調整検出: theoj246 2024/10/28 0:17 s → 00:17
調整検出: theoj246 2024/10/28 1:34 f → 01:34
調整検出: ryo4ryo4n66 2024/10/29 0:57 f → 00:57
調整検出: theoj246 2024/11/04 0:02 s → 00:02
調整検出: theoj246 2024/11/04 0:18 f → 00:18
調整検出: theoj246 2024/11/08 0:51 f → 00:51
調整検出: theoj246 2024/11/10 1:26 f → 01:26
調整検出: ryo4ryo4n66 2024/11/12 0:15 f → 00:15
調整検出: osaryo523778 2024/11/16 1:34 s → 01:34
調整検出: ryo4ryo4n66 2024/11/16 2:52 f → 02:52
調整検出: osaryo523778 2024/11/16 4:21 f → 04:21
調整検出: osaryo523778 2024/11/17 0:43 f → 00:43
調整検出: theoj246 2024/11/18 0:13 s → 00:13
調整検出: theoj246 2024/11/18 0:41 f → 00:41
調整検出: theoj246 2024/11/21 0:49 f → 00:49
調整検出: theoj246 2024/11/23 2:08 f → 02:08
調整検出: theoj246 2024/11/24 1:11 f → 01:11
調整検出: osaryo523778 2024/11/26 0:26 f → 00:26
調整検出: theoj246 2024/11/28 0:49 f → 00:49
調整検出: theoj246 2024/11/29 1:33 f → 01:33
調整検出: osaryo523778 2024/12/03 1:49 f → 01:49
調整検出: ryo4ryo4n66 2024/12/06 0:53 s → 00:53
調整検出: ryo4ryo4n66 2024/12/06 2:20 f → 02:20
調整検出: osaryo523778 2024/12/10 1:17 s → 01:17
調整検出: osaryo523778 2024/12/10 3:27 f → 03:27
調整検出: theoj246 2024/12/10 8:32 s → 08:32
調整検出: theoj246 2024/12/11 9:46 s → 09:46
調整検出: theoj246 2024/12/14 9:01 s → 09:01
調整検出: info 2024/12/14 9:17 s → 09:17
調整検出: ryo4ryo4n66 2024/12/15 0:09 f → 00:09
調整検出: theoj246 2024/12/16 0:52 f → 00:52
調整検出: theoj246 2024/12/16 8:42 s → 08:42
調整検出: theoj246 2024/12/17 0:04 f → 00:04
調整検出: theoj246 2024/12/18 8:53 f -30s → 08:53
調整検出: theoj246 2024/12/18 8:53 s → 08:53
調整検出: theoj246 2024/12/19 1:03 f 22:00 → 01:03
調整検出: theoj246 2024/12/19 9:34 s → 09:34
調整検出: theoj246 2024/12/20 9:01 s → 09:01
調整検出: theoj246 2024/12/20 9:51 f → 09:51
調整検出: theoj246 2024/12/22 0:34 f → 00:34
調整検出: theoj246 2024/12/22 9:36 s → 09:36
調整検出: theoj246 2024/12/24 9:46 s → 09:46
調整検出: theoj246 2025/01/04 0:40 f → 00:40
調整検出: theoj246 2025/01/04 9:58 s → 09:58
調整検出: theoj246 2025/01/10 0:35 f → 00:35
調整検出: theoj246 2025/01/13 0:47 f → 00:47
調整検出: osaryo523778 2025/01/14 0:58 f → 00:58
調整検出: theoj246 2025/01/16 9:09 f - 21:00 → 09:09
調整検出: theoj246 2025/01/20 9:16 s → 09:16
調整検出: theoj246 2025/01/20 9:49 f → 09:49
調整検出: theoj246 2025/01/27 9:03 s → 09:03
調整検出: ryo4ryo4n66 2025/01/30 0:02 s → 00:02
調整検出: ryo4ryo4n66 2025/01/30 3:07 f → 03:07
調整検出: theoj246 2025/02/11 1:17 s → 01:17
調整検出: theoj246 2025/02/11 1:40 f → 01:40
調整検出: theoj246 2025/02/12 0:27 f → 00:27
調整検出: theoj246 2025/02/13 9:21 s → 09:21
調整検出: theoj246 2025/02/19 9:07 s → 09:07
調整検出: theoj246 2025/02/24 0:27 f → 00:27
調整検出: ryo4ryo4n66 2025/02/27 0:03 f → 00:03
調整検出: kimoppy126 2025/03/06 7:29 s → 07:29
調整検出: kimoppy126 2025/03/06 9:25 f → 09:25
調整検出: kimoppy126 2025/03/09 8:38 s → 08:38
調整検出: theoj246 2025/03/10 0:07 f → 00:07
調整検出: ryo4ryo4n66 2025/03/10 0:26 f → 00:26
調整検出: theoj246 2025/03/10 9:58 s → 09:58
調整検出: ryo4ryo4n66 2025/03/11 1:03 f -3:35 → 01:03
調整検出: theoj246 2025/03/11 1:09 f → 01:09
調整検出: theoj246 2025/03/11 9:47 s → 09:47
調整検出: theoj246 2025/03/12 0:07 f → 00:07
調整検出: theoj246 2025/03/18 0:25 f 20:20 → 00:25
調整検出: ryo4ryo4n66 2025/03/18 0:32 f 20:20 → 00:32
調整検出: ryo4ryo4n66 2025/03/18 0:32 s → 00:32
調整検出: theoj246 2025/03/18 1:13 s → 01:13
調整検出: theoj246 2025/03/18 1:35 f → 01:35
調整検出: ryo4ryo4n66 2025/03/18 1:50 f → 01:50
調整検出: ryo4ryo4n66 2025/03/22 1:18 s → 01:18
調整検出: ryo4ryo4n66 2025/03/22 2:09 f → 02:09
調整検出: theoj246 2025/03/22 5:06 f → 05:06
調整検出: theoj246 2025/03/24 0:11 f → 00:11
調整検出: theoj246 2025/03/26 0:11 s → 00:11
調整検出: theoj246 2025/03/26 1:07 f → 01:07
調整検出: ryo4ryo4n66 2025/03/26 1:11 s → 01:11
調整検出: ryo4ryo4n66 2025/03/26 1:59 f ＋ 180 → 01:59
調整検出: theoj246 2025/03/28 0:42 f → 00:42
調整検出: ryo4ryo4n66 2025/03/28 0:45 s → 00:45
調整検出: ryo4ryo4n66 2025/03/28 2:41 f → 02:41
調整検出: theoj246 2025/03/31 9:12 s → 09:12
調整検出: ryo4ryo4n66 2025/04/01 0:46 f → 00:46
調整検出: ryo4ryo4n66 2025/04/03 1:16 f → 01:16
調整検出: theoj246 2025/04/04 0:37 f → 00:37
調整検出: theoj246 2025/04/05 0:44 f → 00:44
調整検出: theoj246 2025/04/07 0:30 s → 00:30
調整検出: theoj246 2025/04/07 2:20 f → 02:20
調整検出: ryo4ryo4n66 2025/04/08 0:05 s → 00:05
調整検出: ryo4ryo4n66 2025/04/08 0:35 f → 00:35
調整検出: theoj246 2025/04/09 1:01 f → 01:01
調整検出: theoj246 2025/04/10 0:14 s → 00:14
調整検出: theoj246 2025/04/10 0:39 f → 00:39
調整検出: kimoppy126 2025/04/14 1:31 f → 01:31
調整検出: theoj246 2025/04/16 0:02 f → 00:02
調整検出: kimoppy126 2025/04/20 4:05 f → 04:05
調整検出: theoj246 2025/04/21 1:29 f → 01:29
調整検出: ryo4ryo4n66 2025/04/22 0:31 s → 00:31
調整検出: theoj246 2025/04/22 0:45 f → 00:45
調整検出: ryo4ryo4n66 2025/04/22 1:04 f → 01:04
調整検出: ryo4ryo4n66 2025/04/23 0:49 f → 00:49
調整検出: theoj246 2025/04/23 1:33 f → 01:33
調整検出: theoj246 2025/04/23 9:52 s → 09:52
調整検出: theoj246 2025/04/25 0:19 f → 00:19
調整検出: theoj246 2025/04/30 0:14 s → 00:14
調整検出: theoj246 2025/04/30 2:13 f → 02:13
調整検出: theoj246 2025/05/03 1:37 f → 01:37
調整検出: theoj246 2025/05/08 0:54 f → 00:54
調整検出: theoj246 2025/05/09 0:38 f → 00:38
調整検出: ryo4ryo4n66 2025/05/14 1:57 s → 01:57
調整検出: ryo4ryo4n66 2025/05/14 1:58 f60 → 01:58
調整検出: theoj246 2025/05/16 1:11 f → 01:11
調整検出: theoj246 2025/05/17 2:51 f → 02:51
調整検出: theoj246 2025/05/18 0:18 f → 00:18
調整検出: theoj246 2025/05/19 4:43 s → 04:43
調整検出: theoj246 2025/05/19 8:22 f → 08:22
調整検出: theoj246 2025/05/21 9:22 s → 09:22
調整検出: theoj246 2025/05/22 9:16 s → 09:16
調整検出: ryo4ryo4n66 2025/05/23 0:40 s → 00:40
調整検出: ryo4ryo4n66 2025/05/23 2:15 f → 02:15
調整検出: theoj246 2025/05/23 9:34 s → 09:34
調整検出: ryo4ryo4n66 2025/05/24 0:09 s → 00:09
調整検出: ryo4ryo4n66 2025/05/24 1:17 f → 01:17
調整検出: theoj246 2025/05/24 8:51 s → 08:51
調整検出: theoj246 2025/05/26 8:47 s → 08:47
調整検出: ryo4ryo4n66 2025/05/27 1:36 s → 01:36
調整検出: ryo4ryo4n66 2025/05/27 3:04 f → 03:04
調整検出: kimoppy126 2025/05/28 0:03 f 5/25 19:00 → 00:03
調整検出: theoj246 2025/05/28 0:43 f → 00:43
調整検出: theoj246 2025/05/28 9:56 s → 09:56
調整検出: theoj246 2025/05/29 0:41 s → 00:41
調整検出: theoj246 2025/05/29 2:22 f → 02:22
調整検出: ryo4ryo4n66 2025/05/31 0:58 f → 00:58
調整検出: ryo4ryo4n66 2025/06/02 0:08 s → 00:08
調整検出: ryo4ryo4n66 2025/06/02 2:12 f → 02:12
調整検出: hinako.tsutsumi2525 2025/06/05 1:51 s → 01:51
調整検出: theoj246 2025/06/05 1:57 f → 01:57
調整検出: hinako.tsutsumi2525 2025/06/05 2:28 f → 02:28
調整検出: ujwal.kumar252725 2025/06/05 8:00 f 23:30 → 08:00
調整検出: hinako.tsutsumi2525 2025/06/06 2:15 s → 02:15
調整検出: hinako.tsutsumi2525 2025/06/06 3:24 f → 03:24
調整検出: hinako.tsutsumi2525 2025/06/07 0:22 s → 00:22
調整検出: hinako.tsutsumi2525 2025/06/07 0:57 f → 00:57
調整検出: hinako.tsutsumi2525 2025/06/07 1:45 s → 01:45
調整検出: hinako.tsutsumi2525 2025/06/07 2:08 f → 02:08
調整検出: ujwal.kumar252725 2025/06/09 9:32 f 17:30 → 09:32
調整検出: theoj246 2025/06/10 3:09 f 2:00 → 03:09
調整検出: hinako.tsutsumi2525 2025/06/11 1:05 s → 01:05
調整検出: theoj246 2025/06/11 1:43 f → 01:43
調整検出: hinako.tsutsumi2525 2025/06/11 1:53 f → 01:53
調整検出: ujwal.kumar252725 2025/06/14 8:15 f 11:30 → 08:15
調整検出: hinako.tsutsumi2525 2025/06/16 9:05 s → 09:05
調整検出: ryo4ryo4n66 2025/06/17 1:47 s → 01:47
調整検出: hinako.tsutsumi2525 2025/06/17 2:00 s → 02:00
調整検出: hinako.tsutsumi2525 2025/06/17 2:53 f → 02:53
調整検出: ryo4ryo4n66 2025/06/17 3:51 f → 03:51
調整検出: hinako.tsutsumi2525 2025/06/18 1:32 s → 01:32
調整検出: theoj246 2025/06/18 2:21 f → 02:21
調整検出: hinako.tsutsumi2525 2025/06/18 2:36 f → 02:36
調整検出: hinako.tsutsumi2525 2025/06/19 1:27 s → 01:27
調整検出: hinako.tsutsumi2525 2025/06/19 4:03 f → 04:03
調整検出: hinako.tsutsumi2525 2025/06/20 0:02 s → 00:02
調整検出: hinako.tsutsumi2525 2025/06/20 0:37 f → 00:37
調整検出: hinako.tsutsumi2525 2025/06/21 0:08 s → 00:08
調整検出: theoj246 2025/06/21 0:58 s → 00:58
調整検出: theoj246 2025/06/21 1:56 f → 01:56
調整検出: hinako.tsutsumi2525 2025/06/21 2:19 f → 02:19
調整検出: hinako.tsutsumi2525 2025/06/22 1:56 s → 01:56
調整検出: hinako.tsutsumi2525 2025/06/22 2:39 f → 02:39
調整検出: hinako.tsutsumi2525 2025/06/23 9:43 s → 09:43
調整検出: kouki0802.ao 2025/06/24 0:43 s 00:00 → 00:43
調整検出: kouki0802.ao 2025/06/24 0:44 f 00:30 → 00:44
調整検出: theoj246 2025/06/24 2:31 f → 02:31
調整検出: theoj246 2025/06/25 0:57 f → 00:57
調整検出: ryo4ryo4n66 2025/06/26 0:37 s → 00:37
調整検出: hinako.tsutsumi2525 2025/06/26 1:12 s → 01:12
調整検出: ryo4ryo4n66 2025/06/26 2:23 f → 02:23
調整検出: hinako.tsutsumi2525 2025/06/26 3:48 f → 03:48
調整検出: hinako.tsutsumi2525 2025/06/26 4:44 s → 04:44
調整検出: hinako.tsutsumi2525 2025/06/26 4:51 f → 04:51
調整検出: theoj246 2025/06/29 0:33 f → 00:33
調整検出: hinako.tsutsumi2525 2025/06/29 2:00 s → 02:00
調整検出: hinako.tsutsumi2525 2025/06/29 2:17 f → 02:17
調整検出: kimoppy126 2025/06/30 1:42 f → 01:42
調整検出: theoj246 2025/06/30 2:55 f → 02:55
調整検出: hinako.tsutsumi2525 2025/07/01 2:46 s → 02:46
調整検出: hinako.tsutsumi2525 2025/07/01 4:05 f → 04:05
調整検出: hinako.tsutsumi2525 2025/07/02 9:27 s → 09:27
調整検出: theoj246 2025/07/04 4:17 f → 04:17
調整検出: theoj246 2025/07/04 4:59 s → 04:59
調整検出: theoj246 2025/07/04 6:48 f → 06:48
調整検出: theoj246 2025/07/04 7:20 s → 07:20
調整検出: theoj246 2025/07/04 7:53 f → 07:53
調整検出: hinako.tsutsumi2525 2025/07/07 3:46 s → 03:46
調整検出: hinako.tsutsumi2525 2025/07/07 4:09 f → 04:09
調整検出: hinako.tsutsumi2525 2025/07/08 0:54 s → 00:54
調整検出: hinako.tsutsumi2525 2025/07/08 2:03 f → 02:03
調整検出: ryo4ryo4n66 2025/07/09 0:36 f → 00:36
調整検出: kimoppy126 2025/07/09 0:57 s → 00:57
調整検出: hinako.tsutsumi2525 2025/07/09 9:50 s → 09:50
調整検出: ryo4ryo4n66 2025/07/10 0:14 s → 00:14
調整検出: ryo4ryo4n66 2025/07/10 1:04 f → 01:04
調整検出: kouki0802.ao 2025/07/11 1:30 s 1:00 → 01:30
調整検出: kouki0802.ao 2025/07/11 2:50 f → 02:50
調整検出: theoj246 2025/07/15 0:12 f → 00:12
調整検出: ryo4ryo4n66 2025/07/17 1:12 s → 01:12
調整検出: ryo4ryo4n66 2025/07/17 1:46 f +72 → 01:46
調整検出: hinako.tsutsumi2525 2025/07/19 1:44 s → 01:44
調整検出: hinako.tsutsumi2525 2025/07/19 2:32 f → 02:32
調整検出: kouki0802.ao 2025/07/19 2:40 s +20 → 02:40
調整検出: kouki0802.ao 2025/07/19 3:17 f → 03:17
調整検出: kouki0802.ao 2025/07/21 0:16 s → 00:16
調整検出: kouki0802.ao 2025/07/21 0:52 f → 00:52
調整検出: hinako.tsutsumi2525 2025/07/23 3:56 s → 03:56
調整検出: hinako.tsutsumi2525 2025/07/23 4:28 f → 04:28
調整検出: theoj246 2025/07/25 1:20 f → 01:20
調整検出: hinako.tsutsumi2525 2025/07/25 2:42 s → 02:42
調整検出: ryo4ryo4n66 2025/07/25 2:46 f → 02:46
調整検出: hinako.tsutsumi2525 2025/07/25 4:14 f → 04:14
調整検出: erin.isozu 2025/07/26 0:34 f → 00:34
調整検出: theoj246 2025/07/27 0:17 s → 00:17
調整検出: theoj246 2025/07/27 2:32 f → 02:32
調整検出: hinako.tsutsumi2525 2025/07/28 1:19 s → 01:19
調整検出: hinako.tsutsumi2525 2025/07/28 2:37 f → 02:37
調整検出: yuta.takasu 2025/07/28 9:14 s aoki → 09:14
調整検出: yuta.takasu 2025/07/28 9:26 f aoki → 09:26
調整検出: kouki0802.ao 2025/07/30 0:14 f 18:21 → 00:14
調整検出: ryo4ryo4n66 2025/07/30 0:16 f → 00:16
調整検出: kouki0802.ao 2025/07/30 0:17 s → 00:17
調整検出: kouki0802.ao 2025/07/30 1:57 f → 01:57
調整検出: ryo4ryo4n66 2025/07/31 0:40 s → 00:40
調整検出: ryo4ryo4n66 2025/07/31 3:35 f → 03:35
調整検出: yuta.takasu 2025/07/31 9:19 s aoki → 09:19
調整検出: yuta.takasu 2025/07/31 9:34 f aoki → 09:34
調整検出: hinako.tsutsumi2525 2025/07/31 9:38 s → 09:38
調整検出: kouki0802.ao 2025/08/01 0:13 f → 00:13
調整検出: kimoppy126 2025/08/01 0:16 s → 00:16
調整検出: ryo4ryo4n66 2025/08/04 0:19 s → 00:19
調整検出: ryo4ryo4n66 2025/08/04 1:10 f +90 → 01:10
調整検出: erin.isozu 2025/08/05 1:52 f → 01:52
メッセージから調整検出: f-20 → -20分調整
調整検出: marikou180522 2025/08/06 19:39 f-20 → 19:19
調整検出: ryo4ryo4n66 2025/08/07 0:57 s → 00:57
調整検出: marikou180522 2025/08/07 1:01 f → 01:01
調整検出: erin.isozu 2025/08/07 2:07 s → 02:07
調整検出: ryo4ryo4n66 2025/08/07 3:14 f → 03:14
調整検出: erin.isozu 2025/08/07 4:12 f → 04:12
メッセージから調整検出: s+60 → 60分調整
調整検出: marikou180522 2025/08/07 19:32 s+60 → 18:32
メッセージから調整検出: s+20 → 20分調整
調整検出: marikou180522 2025/08/07 23:58 s+20 → 23:38
調整検出: ryo4ryo4n66 2025/08/08 0:36 s → 00:36
調整検出: marikou180522 2025/08/08 0:47 f → 00:47
調整検出: theoj246 2025/08/08 1:38 f → 01:38
調整検出: ryo4ryo4n66 2025/08/08 4:40 f → 04:40
調整検出: marikou180522 2025/08/08 6:04 s → 06:04
調整検出: marikou180522 2025/08/08 8:00 f → 08:00
メッセージから調整検出: f-45 → -45分調整
調整検出: marikou180522 2025/08/08 19:30 f-45 → 18:45
調整検出: erin.isozu 2025/08/09 0:17 s → 00:17
調整検出: ryo4ryo4n66 2025/08/09 0:48 s → 00:48
調整検出: erin.isozu 2025/08/09 1:50 f → 01:50
調整検出: ryo4ryo4n66 2025/08/09 2:52 f → 02:52
調整検出: erin.isozu 2025/08/09 4:44 s → 04:44
調整検出: erin.isozu 2025/08/09 6:08 f -40 → 06:08
調整検出: theoj246 2025/08/09 9:30 s → 09:30
調整検出: erin.isozu 2025/08/10 0:14 f → 00:14
調整検出: erin.isozu 2025/08/10 0:46 s → 00:46
調整検出: erin.isozu 2025/08/10 2:09 f → 02:09
調整検出: erin.isozu 2025/08/10 4:12 s → 04:12
調整検出: erin.isozu 2025/08/10 6:33 f → 06:33
調整検出: kouki0802.ao 2025/08/11 0:10 f → 00:10
調整検出: erin.isozu 2025/08/11 1:04 f → 01:04
メッセージから調整検出: s+90 → 90分調整
調整検出: marikou180522 2025/08/11 1:55 s+90 → 00:25
警告: Yohei Watanabe - 開始時刻なしの終了 2024/06/21 21:30
警告: Yohei Watanabe - 連続する開始時刻を検出、前のセッションを自動終了
警告: deerveryone - 開始時刻なしの終了 2024/09/05 18:54
警告: deerveryone - 開始時刻なしの終了 2024/09/05 21:10
警告: info - 開始時刻なしの終了 2024/10/31 18:03
警告: info - 連続する開始時刻を検出、前のセッションを自動終了
エラー: info - 24時間超過を検出 2024/12/14 09:17 → 2025/05/20 13:44 = 226347分
警告: info - 開始時刻なしの終了 2025/07/18 21:49
情報: info - 未完了のセッション 2025/07/18 21:51
警告: theoj246 - 連続する開始時刻を検出、前のセッションを自動終了
警告: theoj246 - 開始時刻なしの終了 2025/03/06 16:51
警告: theoj246 - 連続する開始時刻を検出、前のセッションを自動終了
警告: theoj246 - 開始時刻なしの終了 2025/03/10 17:58
警告: theoj246 - 開始時刻なしの終了 2025/03/10 19:05
警告: theoj246 - 連続する開始時刻を検出、前のセッションを自動終了
警告: theoj246 - 開始時刻なしの終了 2025/03/11 01:09
警告: theoj246 - 連続する開始時刻を検出、前のセッションを自動終了
警告: theoj246 - 連続する開始時刻を検出、前のセッションを自動終了
エラー: theoj246 - 24時間超過を検出 2025/07/12 15:51 → 2025/07/14 10:34 = 2563分
警告: theoj246 - 連続する開始時刻を検出、前のセッションを自動終了
警告: theoj246 - 開始時刻なしの終了 2025/08/06 13:33
エラー: ryo4ryo4n66 - 24時間超過を検出 2024/11/02 13:59 → 2024/11/03 15:36 = 1537分
警告: ryo4ryo4n66 - 連続する開始時刻を検出、前のセッションを自動終了
警告: ryo4ryo4n66 - 連続する開始時刻を検出、前のセッションを自動終了
警告: ryo4ryo4n66 - 開始時刻なしの終了 2025/03/11 14:15
警告: ryo4ryo4n66 - 連続する開始時刻を検出、前のセッションを自動終了
警告: ryo4ryo4n66 - 開始時刻なしの終了 2025/03/26 17:50
警告: ryo4ryo4n66 - 連続する開始時刻を検出、前のセッションを自動終了
警告: ryo4ryo4n66 - 連続する開始時刻を検出、前のセッションを自動終了
エラー: ryo4ryo4n66 - 24時間超過を検出 2025/05/10 15:56 → 2025/05/12 13:03 = 2707分
警告: ryo4ryo4n66 - 開始時刻なしの終了 2025/06/13 19:47
警告: ryo4ryo4n66 - 開始時刻なしの終了 2025/07/09 13:35
情報: A - 未完了のセッション 2024/09/25 13:22
警告: osaryo523778 - 連続する開始時刻を検出、前のセッションを自動終了
エラー: kimoppy126 - 24時間超過を検出 2025/05/25 15:05 → 2025/05/28 00:03 = 3418分
警告: kimoppy126 - 連続する開始時刻を検出、前のセッションを自動終了
警告: kimoppy126 - 連続する開始時刻を検出、前のセッションを自動終了
警告: kimoppy126 - 連続する開始時刻を検出、前のセッションを自動終了
警告: kimoppy126 - 連続する開始時刻を検出、前のセッションを自動終了
情報: kimoppy126 - 未完了のセッション 2025/08/01 00:16
警告: yuta.takasu - 連続する開始時刻を検出、前のセッションを自動終了
警告: yuta.takasu - 連続する開始時刻を検出、前のセッションを自動終了
警告: yuta.takasu - 連続する開始時刻を検出、前のセッションを自動終了
警告: hinako.tsutsumi2525 - 開始時刻なしの終了 2025/06/23 14:49
警告: ujwal.kumar252725 - 連続する開始時刻を検出、前のセッションを自動終了
警告: ujwal.kumar252725 - 開始時刻なしの終了 2025/07/10 23:18
警告: ujwal.kumar252725 - 開始時刻なしの終了 2025/07/15 18:31
警告: ujwal.kumar252725 - 開始時刻なしの終了 2025/07/16 11:59
警告: ujwal.kumar252725 - 開始時刻なしの終了 2025/07/18 21:49
警告: ujwal.kumar252725 - 連続する開始時刻を検出、前のセッションを自動終了
警告: ujwal.kumar252725 - 連続する開始時刻を検出、前のセッションを自動終了
情報: ujwal.kumar252725 - 未完了のセッション 2025/07/18 21:51
警告: kouki0802.ao - 開始時刻なしの終了 2025/06/20 17:11
警告: kouki0802.ao - 開始時刻なしの終了 2025/06/28 18:25
警告: kouki0802.ao - 開始時刻なしの終了 2025/07/03 17:13
エラー: kouki0802.ao - 24時間超過を検出 2025/07/04 17:50 → 2025/07/05 17:59 = 1449分
警告: kouki0802.ao - 連続する開始時刻を検出、前のセッションを自動終了
警告: kouki0802.ao - 連続する開始時刻を検出、前のセッションを自動終了
警告: kouki0802.ao - 開始時刻なしの終了 2025/08/05 18:18
警告: marikou180522 - 連続する開始時刻を検出、前のセッションを自動終了
情報: marikou180522 - 未完了のセッション 2025/08/11 00:25
INFO:     127.0.0.1:51167 - "GET /subpage/update?limit=15&months=12 HTTP/1.1" 200 OK
調整検出: Yohei Watanabe 2024/06/16 3:10 終了 → 03:10
調整検出: Yohei Watanabe 2024/06/27 0:07 開始 → 00:07
調整検出: Yohei Watanabe 2024/06/27 2:03 終了 → 02:03
調整検出: deerveryone 2024/07/12 8:50 開始：EB関連Notion管理（修正） → 08:50
調整検出: deerveryone 2024/07/12 9:20 終了 → 09:20
調整検出: lyuki093 2024/07/16 8:57 開始 → 08:57
調整検出: deerveryone 2024/07/16 9:38 開始 → 09:38
調整検出: deerveryone 2024/08/21 7:54 開始 → 07:54
調整検出: deerveryone 2024/08/21 9:02 終了 → 09:02
調整検出: deerveryone 2024/08/28 8:52 開始 → 08:52
調整検出: theoj246 2024/09/06 8:22 開始 → 08:22
調整検出: deerveryone 2024/09/06 9:20 開始（08:20に修正） → 09:20
調整検出: theoj246 2024/09/06 9:31 終了 → 09:31
調整検出: deerveryone 2024/09/09 9:45 開始 → 09:45
調整検出: deerveryone 2024/09/11 8:56 開始 → 08:56
調整検出: theoj246 2024/09/11 9:59 開始 → 09:59
調整検出: deerveryone 2024/09/11 9:40 終了 9:40 → 09:40
調整検出: theoj246 2024/09/18 0:16 終了 → 00:16
調整検出: deerveryone 2024/09/18 8:51 開始 → 08:51
調整検出: ryo4ryo4n66 2024/09/18 9:32 開始 → 09:32
調整検出: theoj246 2024/09/19 0:19 開始 → 00:19
調整検出: theoj246 2024/09/19 0:47 終了 → 00:47
調整検出: theoj246 2024/09/19 8:53 開始 → 08:53
調整検出: deerveryone 2024/09/21 9:15 開始 → 09:15
調整検出: ryo4ryo4n66 2024/09/21 9:38 開始 → 09:38
調整検出: ryo4ryo4n66 2024/09/23 0:23 開始 → 00:23
調整検出: deerveryone 2024/09/23 9:00 終了 → 09:00
調整検出: theoj246 2024/09/24 9:04 開始 → 09:04
調整検出: theoj246 2024/09/24 9:32 終了 → 09:32
調整検出: theoj246 2024/09/25 8:51 開始 → 08:51
調整検出: deerveryone 2024/09/27 9:08 開始 → 09:08
調整検出: theoj246 2024/10/06 0:45 開始 → 00:45
調整検出: theoj246 2024/10/06 1:46 終了 → 01:46
調整検出: theoj246 2024/10/07 0:05 終了 → 00:05
調整検出: theoj246 2024/10/09 0:52 開始 → 00:52
調整検出: theoj246 2024/10/09 1:19 終了 → 01:19
調整検出: theoj246 2024/10/09 9:06 開始 → 09:06
調整検出: theoj246 2024/10/09 9:58 終了 → 09:58
調整検出: theoj246 2024/10/11 9:23 開始 → 09:23
調整検出: theoj246 2024/10/13 0:29 開始 → 00:29
調整検出: theoj246 2024/10/13 1:29 終了 → 01:29
調整検出: theoj246 2024/10/13 9:31 開始 → 09:31
調整検出: osaryo523778 2024/10/17 1:18 終了 → 01:18
調整検出: theoj246 2024/10/17 8:58 開始 → 08:58
調整検出: theoj246 2024/10/17 9:43 終了 → 09:43
調整検出: osaryo523778 2024/10/18 0:00 終了 → 00:00
調整検出: theoj246 2024/10/18 9:11 開始 → 09:11
調整検出: theoj246 2024/10/20 9:53 開始 → 09:53
調整検出: osaryo523778 2024/10/21 1:10 終了 → 01:10
調整検出: osaryo523778 2024/10/21 8:03 開始 → 08:03
調整検出: theoj246 2024/10/23 8:43 開始 → 08:43
調整検出: theoj246 2024/10/23 9:40 終了 → 09:40
調整検出: osaryo523778 2024/10/26 2:53 s → 02:53
調整検出: osaryo523778 2024/10/26 4:53 f → 04:53
調整検出: theoj246 2024/10/27 0:24 s → 00:24
調整検出: theoj246 2024/10/27 1:30 f → 01:30
調整検出: theoj246 2024/10/28 0:17 s → 00:17
調整検出: theoj246 2024/10/28 1:34 f → 01:34
調整検出: ryo4ryo4n66 2024/10/29 0:57 f → 00:57
調整検出: theoj246 2024/11/04 0:02 s → 00:02
調整検出: theoj246 2024/11/04 0:18 f → 00:18
調整検出: theoj246 2024/11/08 0:51 f → 00:51
調整検出: theoj246 2024/11/10 1:26 f → 01:26
調整検出: ryo4ryo4n66 2024/11/12 0:15 f → 00:15
調整検出: osaryo523778 2024/11/16 1:34 s → 01:34
調整検出: ryo4ryo4n66 2024/11/16 2:52 f → 02:52
調整検出: osaryo523778 2024/11/16 4:21 f → 04:21
調整検出: osaryo523778 2024/11/17 0:43 f → 00:43
調整検出: theoj246 2024/11/18 0:13 s → 00:13
調整検出: theoj246 2024/11/18 0:41 f → 00:41
調整検出: theoj246 2024/11/21 0:49 f → 00:49
調整検出: theoj246 2024/11/23 2:08 f → 02:08
調整検出: theoj246 2024/11/24 1:11 f → 01:11
調整検出: osaryo523778 2024/11/26 0:26 f → 00:26
調整検出: theoj246 2024/11/28 0:49 f → 00:49
調整検出: theoj246 2024/11/29 1:33 f → 01:33
調整検出: osaryo523778 2024/12/03 1:49 f → 01:49
調整検出: ryo4ryo4n66 2024/12/06 0:53 s → 00:53
調整検出: ryo4ryo4n66 2024/12/06 2:20 f → 02:20
調整検出: osaryo523778 2024/12/10 1:17 s → 01:17
調整検出: osaryo523778 2024/12/10 3:27 f → 03:27
調整検出: theoj246 2024/12/10 8:32 s → 08:32
調整検出: theoj246 2024/12/11 9:46 s → 09:46
調整検出: theoj246 2024/12/14 9:01 s → 09:01
調整検出: info 2024/12/14 9:17 s → 09:17
調整検出: ryo4ryo4n66 2024/12/15 0:09 f → 00:09
調整検出: theoj246 2024/12/16 0:52 f → 00:52
調整検出: theoj246 2024/12/16 8:42 s → 08:42
調整検出: theoj246 2024/12/17 0:04 f → 00:04
調整検出: theoj246 2024/12/18 8:53 f -30s → 08:53
調整検出: theoj246 2024/12/18 8:53 s → 08:53
調整検出: theoj246 2024/12/19 1:03 f 22:00 → 01:03
調整検出: theoj246 2024/12/19 9:34 s → 09:34
調整検出: theoj246 2024/12/20 9:01 s → 09:01
調整検出: theoj246 2024/12/20 9:51 f → 09:51
調整検出: theoj246 2024/12/22 0:34 f → 00:34
調整検出: theoj246 2024/12/22 9:36 s → 09:36
調整検出: theoj246 2024/12/24 9:46 s → 09:46
調整検出: theoj246 2025/01/04 0:40 f → 00:40
調整検出: theoj246 2025/01/04 9:58 s → 09:58
調整検出: theoj246 2025/01/10 0:35 f → 00:35
調整検出: theoj246 2025/01/13 0:47 f → 00:47
調整検出: osaryo523778 2025/01/14 0:58 f → 00:58
調整検出: theoj246 2025/01/16 9:09 f - 21:00 → 09:09
調整検出: theoj246 2025/01/20 9:16 s → 09:16
調整検出: theoj246 2025/01/20 9:49 f → 09:49
調整検出: theoj246 2025/01/27 9:03 s → 09:03
調整検出: ryo4ryo4n66 2025/01/30 0:02 s → 00:02
調整検出: ryo4ryo4n66 2025/01/30 3:07 f → 03:07
調整検出: theoj246 2025/02/11 1:17 s → 01:17
調整検出: theoj246 2025/02/11 1:40 f → 01:40
調整検出: theoj246 2025/02/12 0:27 f → 00:27
調整検出: theoj246 2025/02/13 9:21 s → 09:21
調整検出: theoj246 2025/02/19 9:07 s → 09:07
調整検出: theoj246 2025/02/24 0:27 f → 00:27
調整検出: ryo4ryo4n66 2025/02/27 0:03 f → 00:03
調整検出: kimoppy126 2025/03/06 7:29 s → 07:29
調整検出: kimoppy126 2025/03/06 9:25 f → 09:25
調整検出: kimoppy126 2025/03/09 8:38 s → 08:38
調整検出: theoj246 2025/03/10 0:07 f → 00:07
調整検出: ryo4ryo4n66 2025/03/10 0:26 f → 00:26
調整検出: theoj246 2025/03/10 9:58 s → 09:58
調整検出: ryo4ryo4n66 2025/03/11 1:03 f -3:35 → 01:03
調整検出: theoj246 2025/03/11 1:09 f → 01:09
調整検出: theoj246 2025/03/11 9:47 s → 09:47
調整検出: theoj246 2025/03/12 0:07 f → 00:07
調整検出: theoj246 2025/03/18 0:25 f 20:20 → 00:25
調整検出: ryo4ryo4n66 2025/03/18 0:32 f 20:20 → 00:32
調整検出: ryo4ryo4n66 2025/03/18 0:32 s → 00:32
調整検出: theoj246 2025/03/18 1:13 s → 01:13
調整検出: theoj246 2025/03/18 1:35 f → 01:35
調整検出: ryo4ryo4n66 2025/03/18 1:50 f → 01:50
調整検出: ryo4ryo4n66 2025/03/22 1:18 s → 01:18
調整検出: ryo4ryo4n66 2025/03/22 2:09 f → 02:09
調整検出: theoj246 2025/03/22 5:06 f → 05:06
調整検出: theoj246 2025/03/24 0:11 f → 00:11
調整検出: theoj246 2025/03/26 0:11 s → 00:11
調整検出: theoj246 2025/03/26 1:07 f → 01:07
調整検出: ryo4ryo4n66 2025/03/26 1:11 s → 01:11
調整検出: ryo4ryo4n66 2025/03/26 1:59 f ＋ 180 → 01:59
調整検出: theoj246 2025/03/28 0:42 f → 00:42
調整検出: ryo4ryo4n66 2025/03/28 0:45 s → 00:45
調整検出: ryo4ryo4n66 2025/03/28 2:41 f → 02:41
調整検出: theoj246 2025/03/31 9:12 s → 09:12
調整検出: ryo4ryo4n66 2025/04/01 0:46 f → 00:46
調整検出: ryo4ryo4n66 2025/04/03 1:16 f → 01:16
調整検出: theoj246 2025/04/04 0:37 f → 00:37
調整検出: theoj246 2025/04/05 0:44 f → 00:44
調整検出: theoj246 2025/04/07 0:30 s → 00:30
調整検出: theoj246 2025/04/07 2:20 f → 02:20
調整検出: ryo4ryo4n66 2025/04/08 0:05 s → 00:05
調整検出: ryo4ryo4n66 2025/04/08 0:35 f → 00:35
調整検出: theoj246 2025/04/09 1:01 f → 01:01
調整検出: theoj246 2025/04/10 0:14 s → 00:14
調整検出: theoj246 2025/04/10 0:39 f → 00:39
調整検出: kimoppy126 2025/04/14 1:31 f → 01:31
調整検出: theoj246 2025/04/16 0:02 f → 00:02
調整検出: kimoppy126 2025/04/20 4:05 f → 04:05
調整検出: theoj246 2025/04/21 1:29 f → 01:29
調整検出: ryo4ryo4n66 2025/04/22 0:31 s → 00:31
調整検出: theoj246 2025/04/22 0:45 f → 00:45
調整検出: ryo4ryo4n66 2025/04/22 1:04 f → 01:04
調整検出: ryo4ryo4n66 2025/04/23 0:49 f → 00:49
調整検出: theoj246 2025/04/23 1:33 f → 01:33
調整検出: theoj246 2025/04/23 9:52 s → 09:52
調整検出: theoj246 2025/04/25 0:19 f → 00:19
調整検出: theoj246 2025/04/30 0:14 s → 00:14
調整検出: theoj246 2025/04/30 2:13 f → 02:13
調整検出: theoj246 2025/05/03 1:37 f → 01:37
調整検出: theoj246 2025/05/08 0:54 f → 00:54
調整検出: theoj246 2025/05/09 0:38 f → 00:38
調整検出: ryo4ryo4n66 2025/05/14 1:57 s → 01:57
調整検出: ryo4ryo4n66 2025/05/14 1:58 f60 → 01:58
調整検出: theoj246 2025/05/16 1:11 f → 01:11
調整検出: theoj246 2025/05/17 2:51 f → 02:51
調整検出: theoj246 2025/05/18 0:18 f → 00:18
調整検出: theoj246 2025/05/19 4:43 s → 04:43
調整検出: theoj246 2025/05/19 8:22 f → 08:22
調整検出: theoj246 2025/05/21 9:22 s → 09:22
調整検出: theoj246 2025/05/22 9:16 s → 09:16
調整検出: ryo4ryo4n66 2025/05/23 0:40 s → 00:40
調整検出: ryo4ryo4n66 2025/05/23 2:15 f → 02:15
調整検出: theoj246 2025/05/23 9:34 s → 09:34
調整検出: ryo4ryo4n66 2025/05/24 0:09 s → 00:09
調整検出: ryo4ryo4n66 2025/05/24 1:17 f → 01:17
調整検出: theoj246 2025/05/24 8:51 s → 08:51
調整検出: theoj246 2025/05/26 8:47 s → 08:47
調整検出: ryo4ryo4n66 2025/05/27 1:36 s → 01:36
調整検出: ryo4ryo4n66 2025/05/27 3:04 f → 03:04
調整検出: kimoppy126 2025/05/28 0:03 f 5/25 19:00 → 00:03
調整検出: theoj246 2025/05/28 0:43 f → 00:43
調整検出: theoj246 2025/05/28 9:56 s → 09:56
調整検出: theoj246 2025/05/29 0:41 s → 00:41
調整検出: theoj246 2025/05/29 2:22 f → 02:22
調整検出: ryo4ryo4n66 2025/05/31 0:58 f → 00:58
調整検出: ryo4ryo4n66 2025/06/02 0:08 s → 00:08
調整検出: ryo4ryo4n66 2025/06/02 2:12 f → 02:12
調整検出: hinako.tsutsumi2525 2025/06/05 1:51 s → 01:51
調整検出: theoj246 2025/06/05 1:57 f → 01:57
調整検出: hinako.tsutsumi2525 2025/06/05 2:28 f → 02:28
調整検出: ujwal.kumar252725 2025/06/05 8:00 f 23:30 → 08:00
調整検出: hinako.tsutsumi2525 2025/06/06 2:15 s → 02:15
調整検出: hinako.tsutsumi2525 2025/06/06 3:24 f → 03:24
調整検出: hinako.tsutsumi2525 2025/06/07 0:22 s → 00:22
調整検出: hinako.tsutsumi2525 2025/06/07 0:57 f → 00:57
調整検出: hinako.tsutsumi2525 2025/06/07 1:45 s → 01:45
調整検出: hinako.tsutsumi2525 2025/06/07 2:08 f → 02:08
調整検出: ujwal.kumar252725 2025/06/09 9:32 f 17:30 → 09:32
調整検出: theoj246 2025/06/10 3:09 f 2:00 → 03:09
調整検出: hinako.tsutsumi2525 2025/06/11 1:05 s → 01:05
調整検出: theoj246 2025/06/11 1:43 f → 01:43
調整検出: hinako.tsutsumi2525 2025/06/11 1:53 f → 01:53
調整検出: ujwal.kumar252725 2025/06/14 8:15 f 11:30 → 08:15
調整検出: hinako.tsutsumi2525 2025/06/16 9:05 s → 09:05
調整検出: ryo4ryo4n66 2025/06/17 1:47 s → 01:47
調整検出: hinako.tsutsumi2525 2025/06/17 2:00 s → 02:00
調整検出: hinako.tsutsumi2525 2025/06/17 2:53 f → 02:53
調整検出: ryo4ryo4n66 2025/06/17 3:51 f → 03:51
調整検出: hinako.tsutsumi2525 2025/06/18 1:32 s → 01:32
調整検出: theoj246 2025/06/18 2:21 f → 02:21
調整検出: hinako.tsutsumi2525 2025/06/18 2:36 f → 02:36
調整検出: hinako.tsutsumi2525 2025/06/19 1:27 s → 01:27
調整検出: hinako.tsutsumi2525 2025/06/19 4:03 f → 04:03
調整検出: hinako.tsutsumi2525 2025/06/20 0:02 s → 00:02
調整検出: hinako.tsutsumi2525 2025/06/20 0:37 f → 00:37
調整検出: hinako.tsutsumi2525 2025/06/21 0:08 s → 00:08
調整検出: theoj246 2025/06/21 0:58 s → 00:58
調整検出: theoj246 2025/06/21 1:56 f → 01:56
調整検出: hinako.tsutsumi2525 2025/06/21 2:19 f → 02:19
調整検出: hinako.tsutsumi2525 2025/06/22 1:56 s → 01:56
調整検出: hinako.tsutsumi2525 2025/06/22 2:39 f → 02:39
調整検出: hinako.tsutsumi2525 2025/06/23 9:43 s → 09:43
調整検出: kouki0802.ao 2025/06/24 0:43 s 00:00 → 00:43
調整検出: kouki0802.ao 2025/06/24 0:44 f 00:30 → 00:44
調整検出: theoj246 2025/06/24 2:31 f → 02:31
調整検出: theoj246 2025/06/25 0:57 f → 00:57
調整検出: ryo4ryo4n66 2025/06/26 0:37 s → 00:37
調整検出: hinako.tsutsumi2525 2025/06/26 1:12 s → 01:12
調整検出: ryo4ryo4n66 2025/06/26 2:23 f → 02:23
調整検出: hinako.tsutsumi2525 2025/06/26 3:48 f → 03:48
調整検出: hinako.tsutsumi2525 2025/06/26 4:44 s → 04:44
調整検出: hinako.tsutsumi2525 2025/06/26 4:51 f → 04:51
調整検出: theoj246 2025/06/29 0:33 f → 00:33
調整検出: hinako.tsutsumi2525 2025/06/29 2:00 s → 02:00
調整検出: hinako.tsutsumi2525 2025/06/29 2:17 f → 02:17
調整検出: kimoppy126 2025/06/30 1:42 f → 01:42
調整検出: theoj246 2025/06/30 2:55 f → 02:55
調整検出: hinako.tsutsumi2525 2025/07/01 2:46 s → 02:46
調整検出: hinako.tsutsumi2525 2025/07/01 4:05 f → 04:05
調整検出: hinako.tsutsumi2525 2025/07/02 9:27 s → 09:27
調整検出: theoj246 2025/07/04 4:17 f → 04:17
調整検出: theoj246 2025/07/04 4:59 s → 04:59
調整検出: theoj246 2025/07/04 6:48 f → 06:48
調整検出: theoj246 2025/07/04 7:20 s → 07:20
調整検出: theoj246 2025/07/04 7:53 f → 07:53
調整検出: hinako.tsutsumi2525 2025/07/07 3:46 s → 03:46
調整検出: hinako.tsutsumi2525 2025/07/07 4:09 f → 04:09
調整検出: hinako.tsutsumi2525 2025/07/08 0:54 s → 00:54
調整検出: hinako.tsutsumi2525 2025/07/08 2:03 f → 02:03
調整検出: ryo4ryo4n66 2025/07/09 0:36 f → 00:36
調整検出: kimoppy126 2025/07/09 0:57 s → 00:57
調整検出: hinako.tsutsumi2525 2025/07/09 9:50 s → 09:50
調整検出: ryo4ryo4n66 2025/07/10 0:14 s → 00:14
調整検出: ryo4ryo4n66 2025/07/10 1:04 f → 01:04
調整検出: kouki0802.ao 2025/07/11 1:30 s 1:00 → 01:30
調整検出: kouki0802.ao 2025/07/11 2:50 f → 02:50
調整検出: theoj246 2025/07/15 0:12 f → 00:12
調整検出: ryo4ryo4n66 2025/07/17 1:12 s → 01:12
調整検出: ryo4ryo4n66 2025/07/17 1:46 f +72 → 01:46
調整検出: hinako.tsutsumi2525 2025/07/19 1:44 s → 01:44
調整検出: hinako.tsutsumi2525 2025/07/19 2:32 f → 02:32
調整検出: kouki0802.ao 2025/07/19 2:40 s +20 → 02:40
調整検出: kouki0802.ao 2025/07/19 3:17 f → 03:17
調整検出: kouki0802.ao 2025/07/21 0:16 s → 00:16
調整検出: kouki0802.ao 2025/07/21 0:52 f → 00:52
調整検出: hinako.tsutsumi2525 2025/07/23 3:56 s → 03:56
調整検出: hinako.tsutsumi2525 2025/07/23 4:28 f → 04:28
調整検出: theoj246 2025/07/25 1:20 f → 01:20
調整検出: hinako.tsutsumi2525 2025/07/25 2:42 s → 02:42
調整検出: ryo4ryo4n66 2025/07/25 2:46 f → 02:46
調整検出: hinako.tsutsumi2525 2025/07/25 4:14 f → 04:14
調整検出: erin.isozu 2025/07/26 0:34 f → 00:34
調整検出: theoj246 2025/07/27 0:17 s → 00:17
調整検出: theoj246 2025/07/27 2:32 f → 02:32
調整検出: hinako.tsutsumi2525 2025/07/28 1:19 s → 01:19
調整検出: hinako.tsutsumi2525 2025/07/28 2:37 f → 02:37
調整検出: yuta.takasu 2025/07/28 9:14 s aoki → 09:14
調整検出: yuta.takasu 2025/07/28 9:26 f aoki → 09:26
調整検出: kouki0802.ao 2025/07/30 0:14 f 18:21 → 00:14
調整検出: ryo4ryo4n66 2025/07/30 0:16 f → 00:16
調整検出: kouki0802.ao 2025/07/30 0:17 s → 00:17
調整検出: kouki0802.ao 2025/07/30 1:57 f → 01:57
調整検出: ryo4ryo4n66 2025/07/31 0:40 s → 00:40
調整検出: ryo4ryo4n66 2025/07/31 3:35 f → 03:35
調整検出: yuta.takasu 2025/07/31 9:19 s aoki → 09:19
調整検出: yuta.takasu 2025/07/31 9:34 f aoki → 09:34
調整検出: hinako.tsutsumi2525 2025/07/31 9:38 s → 09:38
調整検出: kouki0802.ao 2025/08/01 0:13 f → 00:13
調整検出: kimoppy126 2025/08/01 0:16 s → 00:16
調整検出: ryo4ryo4n66 2025/08/04 0:19 s → 00:19
調整検出: ryo4ryo4n66 2025/08/04 1:10 f +90 → 01:10
調整検出: erin.isozu 2025/08/05 1:52 f → 01:52
メッセージから調整検出: f-20 → -20分調整
調整検出: marikou180522 2025/08/06 19:39 f-20 → 19:19
調整検出: ryo4ryo4n66 2025/08/07 0:57 s → 00:57
調整検出: marikou180522 2025/08/07 1:01 f → 01:01
調整検出: erin.isozu 2025/08/07 2:07 s → 02:07
調整検出: ryo4ryo4n66 2025/08/07 3:14 f → 03:14
調整検出: erin.isozu 2025/08/07 4:12 f → 04:12
メッセージから調整検出: s+60 → 60分調整
調整検出: marikou180522 2025/08/07 19:32 s+60 → 18:32
メッセージから調整検出: s+20 → 20分調整
調整検出: marikou180522 2025/08/07 23:58 s+20 → 23:38
調整検出: ryo4ryo4n66 2025/08/08 0:36 s → 00:36
調整検出: marikou180522 2025/08/08 0:47 f → 00:47
調整検出: theoj246 2025/08/08 1:38 f → 01:38
調整検出: ryo4ryo4n66 2025/08/08 4:40 f → 04:40
調整検出: marikou180522 2025/08/08 6:04 s → 06:04
調整検出: marikou180522 2025/08/08 8:00 f → 08:00
メッセージから調整検出: f-45 → -45分調整
調整検出: marikou180522 2025/08/08 19:30 f-45 → 18:45
調整検出: erin.isozu 2025/08/09 0:17 s → 00:17
調整検出: ryo4ryo4n66 2025/08/09 0:48 s → 00:48
調整検出: erin.isozu 2025/08/09 1:50 f → 01:50
調整検出: ryo4ryo4n66 2025/08/09 2:52 f → 02:52
調整検出: erin.isozu 2025/08/09 4:44 s → 04:44
調整検出: erin.isozu 2025/08/09 6:08 f -40 → 06:08
調整検出: theoj246 2025/08/09 9:30 s → 09:30
調整検出: erin.isozu 2025/08/10 0:14 f → 00:14
調整検出: erin.isozu 2025/08/10 0:46 s → 00:46
調整検出: erin.isozu 2025/08/10 2:09 f → 02:09
調整検出: erin.isozu 2025/08/10 4:12 s → 04:12
調整検出: erin.isozu 2025/08/10 6:33 f → 06:33
調整検出: kouki0802.ao 2025/08/11 0:10 f → 00:10
調整検出: erin.isozu 2025/08/11 1:04 f → 01:04
メッセージから調整検出: s+90 → 90分調整
調整検出: marikou180522 2025/08/11 1:55 s+90 → 00:25
警告: Yohei Watanabe - 開始時刻なしの終了 2024/06/21 21:30
警告: Yohei Watanabe - 連続する開始時刻を検出、前のセッションを自動終了
警告: deerveryone - 開始時刻なしの終了 2024/09/05 18:54
警告: deerveryone - 開始時刻なしの終了 2024/09/05 21:10
警告: info - 開始時刻なしの終了 2024/10/31 18:03
警告: info - 連続する開始時刻を検出、前のセッションを自動終了
エラー: info - 24時間超過を検出 2024/12/14 09:17 → 2025/05/20 13:44 = 226347分
警告: info - 開始時刻なしの終了 2025/07/18 21:49
情報: info - 未完了のセッション 2025/07/18 21:51
警告: theoj246 - 連続する開始時刻を検出、前のセッションを自動終了
警告: theoj246 - 開始時刻なしの終了 2025/03/06 16:51
警告: theoj246 - 連続する開始時刻を検出、前のセッションを自動終了
警告: theoj246 - 開始時刻なしの終了 2025/03/10 17:58
警告: theoj246 - 開始時刻なしの終了 2025/03/10 19:05
警告: theoj246 - 連続する開始時刻を検出、前のセッションを自動終了
警告: theoj246 - 開始時刻なしの終了 2025/03/11 01:09
警告: theoj246 - 連続する開始時刻を検出、前のセッションを自動終了
警告: theoj246 - 連続する開始時刻を検出、前のセッションを自動終了
エラー: theoj246 - 24時間超過を検出 2025/07/12 15:51 → 2025/07/14 10:34 = 2563分
警告: theoj246 - 連続する開始時刻を検出、前のセッションを自動終了
警告: theoj246 - 開始時刻なしの終了 2025/08/06 13:33
エラー: ryo4ryo4n66 - 24時間超過を検出 2024/11/02 13:59 → 2024/11/03 15:36 = 1537分
警告: ryo4ryo4n66 - 連続する開始時刻を検出、前のセッションを自動終了
警告: ryo4ryo4n66 - 連続する開始時刻を検出、前のセッションを自動終了
警告: ryo4ryo4n66 - 開始時刻なしの終了 2025/03/11 14:15
警告: ryo4ryo4n66 - 連続する開始時刻を検出、前のセッションを自動終了
警告: ryo4ryo4n66 - 開始時刻なしの終了 2025/03/26 17:50
警告: ryo4ryo4n66 - 連続する開始時刻を検出、前のセッションを自動終了
警告: ryo4ryo4n66 - 連続する開始時刻を検出、前のセッションを自動終了
エラー: ryo4ryo4n66 - 24時間超過を検出 2025/05/10 15:56 → 2025/05/12 13:03 = 2707分
警告: ryo4ryo4n66 - 開始時刻なしの終了 2025/06/13 19:47
警告: ryo4ryo4n66 - 開始時刻なしの終了 2025/07/09 13:35
情報: A - 未完了のセッション 2024/09/25 13:22
警告: osaryo523778 - 連続する開始時刻を検出、前のセッションを自動終了
エラー: kimoppy126 - 24時間超過を検出 2025/05/25 15:05 → 2025/05/28 00:03 = 3418分
警告: kimoppy126 - 連続する開始時刻を検出、前のセッションを自動終了
警告: kimoppy126 - 連続する開始時刻を検出、前のセッションを自動終了
警告: kimoppy126 - 連続する開始時刻を検出、前のセッションを自動終了
警告: kimoppy126 - 連続する開始時刻を検出、前のセッションを自動終了
情報: kimoppy126 - 未完了のセッション 2025/08/01 00:16
警告: yuta.takasu - 連続する開始時刻を検出、前のセッションを自動終了
警告: yuta.takasu - 連続する開始時刻を検出、前のセッションを自動終了
警告: yuta.takasu - 連続する開始時刻を検出、前のセッションを自動終了
警告: hinako.tsutsumi2525 - 開始時刻なしの終了 2025/06/23 14:49
警告: ujwal.kumar252725 - 連続する開始時刻を検出、前のセッションを自動終了
警告: ujwal.kumar252725 - 開始時刻なしの終了 2025/07/10 23:18
警告: ujwal.kumar252725 - 開始時刻なしの終了 2025/07/15 18:31
警告: ujwal.kumar252725 - 開始時刻なしの終了 2025/07/16 11:59
警告: ujwal.kumar252725 - 開始時刻なしの終了 2025/07/18 21:49
警告: ujwal.kumar252725 - 連続する開始時刻を検出、前のセッションを自動終了
警告: ujwal.kumar252725 - 連続する開始時刻を検出、前のセッションを自動終了
情報: ujwal.kumar252725 - 未完了のセッション 2025/07/18 21:51
警告: kouki0802.ao - 開始時刻なしの終了 2025/06/20 17:11
警告: kouki0802.ao - 開始時刻なしの終了 2025/06/28 18:25
警告: kouki0802.ao - 開始時刻なしの終了 2025/07/03 17:13
エラー: kouki0802.ao - 24時間超過を検出 2025/07/04 17:50 → 2025/07/05 17:59 = 1449分
警告: kouki0802.ao - 連続する開始時刻を検出、前のセッションを自動終了
警告: kouki0802.ao - 連続する開始時刻を検出、前のセッションを自動終了
警告: kouki0802.ao - 開始時刻なしの終了 2025/08/05 18:18
警告: marikou180522 - 連続する開始時刻を検出、前のセッションを自動終了
情報: marikou180522 - 未完了のセッション 2025/08/11 00:25
INFO:     127.0.0.1:51168 - "GET /subpage/monthly-by-user?top_users=15&months=12 HTTP/1.1" 200 OK
調整検出: Yohei Watanabe 2024/06/16 3:10 終了 → 03:10
調整検出: Yohei Watanabe 2024/06/27 0:07 開始 → 00:07
調整検出: Yohei Watanabe 2024/06/27 2:03 終了 → 02:03
調整検出: deerveryone 2024/07/12 8:50 開始：EB関連Notion管理（修正） → 08:50
調整検出: deerveryone 2024/07/12 9:20 終了 → 09:20
調整検出: lyuki093 2024/07/16 8:57 開始 → 08:57
調整検出: deerveryone 2024/07/16 9:38 開始 → 09:38
調整検出: deerveryone 2024/08/21 7:54 開始 → 07:54
調整検出: deerveryone 2024/08/21 9:02 終了 → 09:02
調整検出: deerveryone 2024/08/28 8:52 開始 → 08:52
調整検出: theoj246 2024/09/06 8:22 開始 → 08:22
調整検出: deerveryone 2024/09/06 9:20 開始（08:20に修正） → 09:20
調整検出: theoj246 2024/09/06 9:31 終了 → 09:31
調整検出: deerveryone 2024/09/09 9:45 開始 → 09:45
調整検出: deerveryone 2024/09/11 8:56 開始 → 08:56
調整検出: theoj246 2024/09/11 9:59 開始 → 09:59
調整検出: deerveryone 2024/09/11 9:40 終了 9:40 → 09:40
調整検出: theoj246 2024/09/18 0:16 終了 → 00:16
調整検出: deerveryone 2024/09/18 8:51 開始 → 08:51
調整検出: ryo4ryo4n66 2024/09/18 9:32 開始 → 09:32
調整検出: theoj246 2024/09/19 0:19 開始 → 00:19
調整検出: theoj246 2024/09/19 0:47 終了 → 00:47
調整検出: theoj246 2024/09/19 8:53 開始 → 08:53
調整検出: deerveryone 2024/09/21 9:15 開始 → 09:15
調整検出: ryo4ryo4n66 2024/09/21 9:38 開始 → 09:38
調整検出: ryo4ryo4n66 2024/09/23 0:23 開始 → 00:23
調整検出: deerveryone 2024/09/23 9:00 終了 → 09:00
調整検出: theoj246 2024/09/24 9:04 開始 → 09:04
調整検出: theoj246 2024/09/24 9:32 終了 → 09:32
調整検出: theoj246 2024/09/25 8:51 開始 → 08:51
調整検出: deerveryone 2024/09/27 9:08 開始 → 09:08
調整検出: theoj246 2024/10/06 0:45 開始 → 00:45
調整検出: theoj246 2024/10/06 1:46 終了 → 01:46
調整検出: theoj246 2024/10/07 0:05 終了 → 00:05
調整検出: theoj246 2024/10/09 0:52 開始 → 00:52
調整検出: theoj246 2024/10/09 1:19 終了 → 01:19
調整検出: theoj246 2024/10/09 9:06 開始 → 09:06
調整検出: theoj246 2024/10/09 9:58 終了 → 09:58
調整検出: theoj246 2024/10/11 9:23 開始 → 09:23
調整検出: theoj246 2024/10/13 0:29 開始 → 00:29
調整検出: theoj246 2024/10/13 1:29 終了 → 01:29
調整検出: theoj246 2024/10/13 9:31 開始 → 09:31
調整検出: osaryo523778 2024/10/17 1:18 終了 → 01:18
調整検出: theoj246 2024/10/17 8:58 開始 → 08:58
調整検出: theoj246 2024/10/17 9:43 終了 → 09:43
調整検出: osaryo523778 2024/10/18 0:00 終了 → 00:00
調整検出: theoj246 2024/10/18 9:11 開始 → 09:11
調整検出: theoj246 2024/10/20 9:53 開始 → 09:53
調整検出: osaryo523778 2024/10/21 1:10 終了 → 01:10
調整検出: osaryo523778 2024/10/21 8:03 開始 → 08:03
調整検出: theoj246 2024/10/23 8:43 開始 → 08:43
調整検出: theoj246 2024/10/23 9:40 終了 → 09:40
調整検出: osaryo523778 2024/10/26 2:53 s → 02:53
調整検出: osaryo523778 2024/10/26 4:53 f → 04:53
調整検出: theoj246 2024/10/27 0:24 s → 00:24
調整検出: theoj246 2024/10/27 1:30 f → 01:30
調整検出: theoj246 2024/10/28 0:17 s → 00:17
調整検出: theoj246 2024/10/28 1:34 f → 01:34
調整検出: ryo4ryo4n66 2024/10/29 0:57 f → 00:57
調整検出: theoj246 2024/11/04 0:02 s → 00:02
調整検出: theoj246 2024/11/04 0:18 f → 00:18
調整検出: theoj246 2024/11/08 0:51 f → 00:51
調整検出: theoj246 2024/11/10 1:26 f → 01:26
調整検出: ryo4ryo4n66 2024/11/12 0:15 f → 00:15
調整検出: osaryo523778 2024/11/16 1:34 s → 01:34
調整検出: ryo4ryo4n66 2024/11/16 2:52 f → 02:52
調整検出: osaryo523778 2024/11/16 4:21 f → 04:21
調整検出: osaryo523778 2024/11/17 0:43 f → 00:43
調整検出: theoj246 2024/11/18 0:13 s → 00:13
調整検出: theoj246 2024/11/18 0:41 f → 00:41
調整検出: theoj246 2024/11/21 0:49 f → 00:49
調整検出: theoj246 2024/11/23 2:08 f → 02:08
調整検出: theoj246 2024/11/24 1:11 f → 01:11
調整検出: osaryo523778 2024/11/26 0:26 f → 00:26
調整検出: theoj246 2024/11/28 0:49 f → 00:49
調整検出: theoj246 2024/11/29 1:33 f → 01:33
調整検出: osaryo523778 2024/12/03 1:49 f → 01:49
調整検出: ryo4ryo4n66 2024/12/06 0:53 s → 00:53
調整検出: ryo4ryo4n66 2024/12/06 2:20 f → 02:20
調整検出: osaryo523778 2024/12/10 1:17 s → 01:17
調整検出: osaryo523778 2024/12/10 3:27 f → 03:27
調整検出: theoj246 2024/12/10 8:32 s → 08:32
調整検出: theoj246 2024/12/11 9:46 s → 09:46
調整検出: theoj246 2024/12/14 9:01 s → 09:01
調整検出: info 2024/12/14 9:17 s → 09:17
調整検出: ryo4ryo4n66 2024/12/15 0:09 f → 00:09
調整検出: theoj246 2024/12/16 0:52 f → 00:52
調整検出: theoj246 2024/12/16 8:42 s → 08:42
調整検出: theoj246 2024/12/17 0:04 f → 00:04
調整検出: theoj246 2024/12/18 8:53 f -30s → 08:53
調整検出: theoj246 2024/12/18 8:53 s → 08:53
調整検出: theoj246 2024/12/19 1:03 f 22:00 → 01:03
調整検出: theoj246 2024/12/19 9:34 s → 09:34
調整検出: theoj246 2024/12/20 9:01 s → 09:01
調整検出: theoj246 2024/12/20 9:51 f → 09:51
調整検出: theoj246 2024/12/22 0:34 f → 00:34
調整検出: theoj246 2024/12/22 9:36 s → 09:36
調整検出: theoj246 2024/12/24 9:46 s → 09:46
調整検出: theoj246 2025/01/04 0:40 f → 00:40
調整検出: theoj246 2025/01/04 9:58 s → 09:58
調整検出: theoj246 2025/01/10 0:35 f → 00:35
調整検出: theoj246 2025/01/13 0:47 f → 00:47
調整検出: osaryo523778 2025/01/14 0:58 f → 00:58
調整検出: theoj246 2025/01/16 9:09 f - 21:00 → 09:09
調整検出: theoj246 2025/01/20 9:16 s → 09:16
調整検出: theoj246 2025/01/20 9:49 f → 09:49
調整検出: theoj246 2025/01/27 9:03 s → 09:03
調整検出: ryo4ryo4n66 2025/01/30 0:02 s → 00:02
調整検出: ryo4ryo4n66 2025/01/30 3:07 f → 03:07
調整検出: theoj246 2025/02/11 1:17 s → 01:17
調整検出: theoj246 2025/02/11 1:40 f → 01:40
調整検出: theoj246 2025/02/12 0:27 f → 00:27
調整検出: theoj246 2025/02/13 9:21 s → 09:21
調整検出: theoj246 2025/02/19 9:07 s → 09:07
調整検出: theoj246 2025/02/24 0:27 f → 00:27
調整検出: ryo4ryo4n66 2025/02/27 0:03 f → 00:03
調整検出: kimoppy126 2025/03/06 7:29 s → 07:29
調整検出: kimoppy126 2025/03/06 9:25 f → 09:25
調整検出: kimoppy126 2025/03/09 8:38 s → 08:38
調整検出: theoj246 2025/03/10 0:07 f → 00:07
調整検出: ryo4ryo4n66 2025/03/10 0:26 f → 00:26
調整検出: theoj246 2025/03/10 9:58 s → 09:58
調整検出: ryo4ryo4n66 2025/03/11 1:03 f -3:35 → 01:03
調整検出: theoj246 2025/03/11 1:09 f → 01:09
調整検出: theoj246 2025/03/11 9:47 s → 09:47
調整検出: theoj246 2025/03/12 0:07 f → 00:07
調整検出: theoj246 2025/03/18 0:25 f 20:20 → 00:25
調整検出: ryo4ryo4n66 2025/03/18 0:32 f 20:20 → 00:32
調整検出: ryo4ryo4n66 2025/03/18 0:32 s → 00:32
調整検出: theoj246 2025/03/18 1:13 s → 01:13
調整検出: theoj246 2025/03/18 1:35 f → 01:35
調整検出: ryo4ryo4n66 2025/03/18 1:50 f → 01:50
調整検出: ryo4ryo4n66 2025/03/22 1:18 s → 01:18
調整検出: ryo4ryo4n66 2025/03/22 2:09 f → 02:09
調整検出: theoj246 2025/03/22 5:06 f → 05:06
調整検出: theoj246 2025/03/24 0:11 f → 00:11
調整検出: theoj246 2025/03/26 0:11 s → 00:11
調整検出: theoj246 2025/03/26 1:07 f → 01:07
調整検出: ryo4ryo4n66 2025/03/26 1:11 s → 01:11
調整検出: ryo4ryo4n66 2025/03/26 1:59 f ＋ 180 → 01:59
調整検出: theoj246 2025/03/28 0:42 f → 00:42
調整検出: ryo4ryo4n66 2025/03/28 0:45 s → 00:45
調整検出: ryo4ryo4n66 2025/03/28 2:41 f → 02:41
調整検出: theoj246 2025/03/31 9:12 s → 09:12
調整検出: ryo4ryo4n66 2025/04/01 0:46 f → 00:46
調整検出: ryo4ryo4n66 2025/04/03 1:16 f → 01:16
調整検出: theoj246 2025/04/04 0:37 f → 00:37
調整検出: theoj246 2025/04/05 0:44 f → 00:44
調整検出: theoj246 2025/04/07 0:30 s → 00:30
調整検出: theoj246 2025/04/07 2:20 f → 02:20
調整検出: ryo4ryo4n66 2025/04/08 0:05 s → 00:05
調整検出: ryo4ryo4n66 2025/04/08 0:35 f → 00:35
調整検出: theoj246 2025/04/09 1:01 f → 01:01
調整検出: theoj246 2025/04/10 0:14 s → 00:14
調整検出: theoj246 2025/04/10 0:39 f → 00:39
調整検出: kimoppy126 2025/04/14 1:31 f → 01:31
調整検出: theoj246 2025/04/16 0:02 f → 00:02
調整検出: kimoppy126 2025/04/20 4:05 f → 04:05
調整検出: theoj246 2025/04/21 1:29 f → 01:29
調整検出: ryo4ryo4n66 2025/04/22 0:31 s → 00:31
調整検出: theoj246 2025/04/22 0:45 f → 00:45
調整検出: ryo4ryo4n66 2025/04/22 1:04 f → 01:04
調整検出: ryo4ryo4n66 2025/04/23 0:49 f → 00:49
調整検出: theoj246 2025/04/23 1:33 f → 01:33
調整検出: theoj246 2025/04/23 9:52 s → 09:52
調整検出: theoj246 2025/04/25 0:19 f → 00:19
調整検出: theoj246 2025/04/30 0:14 s → 00:14
調整検出: theoj246 2025/04/30 2:13 f → 02:13
調整検出: theoj246 2025/05/03 1:37 f → 01:37
調整検出: theoj246 2025/05/08 0:54 f → 00:54
調整検出: theoj246 2025/05/09 0:38 f → 00:38
調整検出: ryo4ryo4n66 2025/05/14 1:57 s → 01:57
調整検出: ryo4ryo4n66 2025/05/14 1:58 f60 → 01:58
調整検出: theoj246 2025/05/16 1:11 f → 01:11
調整検出: theoj246 2025/05/17 2:51 f → 02:51
調整検出: theoj246 2025/05/18 0:18 f → 00:18
調整検出: theoj246 2025/05/19 4:43 s → 04:43
調整検出: theoj246 2025/05/19 8:22 f → 08:22
調整検出: theoj246 2025/05/21 9:22 s → 09:22
調整検出: theoj246 2025/05/22 9:16 s → 09:16
調整検出: ryo4ryo4n66 2025/05/23 0:40 s → 00:40
調整検出: ryo4ryo4n66 2025/05/23 2:15 f → 02:15
調整検出: theoj246 2025/05/23 9:34 s → 09:34
調整検出: ryo4ryo4n66 2025/05/24 0:09 s → 00:09
調整検出: ryo4ryo4n66 2025/05/24 1:17 f → 01:17
調整検出: theoj246 2025/05/24 8:51 s → 08:51
調整検出: theoj246 2025/05/26 8:47 s → 08:47
調整検出: ryo4ryo4n66 2025/05/27 1:36 s → 01:36
調整検出: ryo4ryo4n66 2025/05/27 3:04 f → 03:04
調整検出: kimoppy126 2025/05/28 0:03 f 5/25 19:00 → 00:03
調整検出: theoj246 2025/05/28 0:43 f → 00:43
調整検出: theoj246 2025/05/28 9:56 s → 09:56
調整検出: theoj246 2025/05/29 0:41 s → 00:41
調整検出: theoj246 2025/05/29 2:22 f → 02:22
調整検出: ryo4ryo4n66 2025/05/31 0:58 f → 00:58
調整検出: ryo4ryo4n66 2025/06/02 0:08 s → 00:08
調整検出: ryo4ryo4n66 2025/06/02 2:12 f → 02:12
調整検出: hinako.tsutsumi2525 2025/06/05 1:51 s → 01:51
調整検出: theoj246 2025/06/05 1:57 f → 01:57
調整検出: hinako.tsutsumi2525 2025/06/05 2:28 f → 02:28
調整検出: ujwal.kumar252725 2025/06/05 8:00 f 23:30 → 08:00
調整検出: hinako.tsutsumi2525 2025/06/06 2:15 s → 02:15
調整検出: hinako.tsutsumi2525 2025/06/06 3:24 f → 03:24
調整検出: hinako.tsutsumi2525 2025/06/07 0:22 s → 00:22
調整検出: hinako.tsutsumi2525 2025/06/07 0:57 f → 00:57
調整検出: hinako.tsutsumi2525 2025/06/07 1:45 s → 01:45
調整検出: hinako.tsutsumi2525 2025/06/07 2:08 f → 02:08
調整検出: ujwal.kumar252725 2025/06/09 9:32 f 17:30 → 09:32
調整検出: theoj246 2025/06/10 3:09 f 2:00 → 03:09
調整検出: hinako.tsutsumi2525 2025/06/11 1:05 s → 01:05
調整検出: theoj246 2025/06/11 1:43 f → 01:43
調整検出: hinako.tsutsumi2525 2025/06/11 1:53 f → 01:53
調整検出: ujwal.kumar252725 2025/06/14 8:15 f 11:30 → 08:15
調整検出: hinako.tsutsumi2525 2025/06/16 9:05 s → 09:05
調整検出: ryo4ryo4n66 2025/06/17 1:47 s → 01:47
調整検出: hinako.tsutsumi2525 2025/06/17 2:00 s → 02:00
調整検出: hinako.tsutsumi2525 2025/06/17 2:53 f → 02:53
調整検出: ryo4ryo4n66 2025/06/17 3:51 f → 03:51
調整検出: hinako.tsutsumi2525 2025/06/18 1:32 s → 01:32
調整検出: theoj246 2025/06/18 2:21 f → 02:21
調整検出: hinako.tsutsumi2525 2025/06/18 2:36 f → 02:36
調整検出: hinako.tsutsumi2525 2025/06/19 1:27 s → 01:27
調整検出: hinako.tsutsumi2525 2025/06/19 4:03 f → 04:03
調整検出: hinako.tsutsumi2525 2025/06/20 0:02 s → 00:02
調整検出: hinako.tsutsumi2525 2025/06/20 0:37 f → 00:37
調整検出: hinako.tsutsumi2525 2025/06/21 0:08 s → 00:08
調整検出: theoj246 2025/06/21 0:58 s → 00:58
調整検出: theoj246 2025/06/21 1:56 f → 01:56
調整検出: hinako.tsutsumi2525 2025/06/21 2:19 f → 02:19
調整検出: hinako.tsutsumi2525 2025/06/22 1:56 s → 01:56
調整検出: hinako.tsutsumi2525 2025/06/22 2:39 f → 02:39
調整検出: hinako.tsutsumi2525 2025/06/23 9:43 s → 09:43
調整検出: kouki0802.ao 2025/06/24 0:43 s 00:00 → 00:43
調整検出: kouki0802.ao 2025/06/24 0:44 f 00:30 → 00:44
調整検出: theoj246 2025/06/24 2:31 f → 02:31
調整検出: theoj246 2025/06/25 0:57 f → 00:57
調整検出: ryo4ryo4n66 2025/06/26 0:37 s → 00:37
調整検出: hinako.tsutsumi2525 2025/06/26 1:12 s → 01:12
調整検出: ryo4ryo4n66 2025/06/26 2:23 f → 02:23
調整検出: hinako.tsutsumi2525 2025/06/26 3:48 f → 03:48
調整検出: hinako.tsutsumi2525 2025/06/26 4:44 s → 04:44
調整検出: hinako.tsutsumi2525 2025/06/26 4:51 f → 04:51
調整検出: theoj246 2025/06/29 0:33 f → 00:33
調整検出: hinako.tsutsumi2525 2025/06/29 2:00 s → 02:00
調整検出: hinako.tsutsumi2525 2025/06/29 2:17 f → 02:17
調整検出: kimoppy126 2025/06/30 1:42 f → 01:42
調整検出: theoj246 2025/06/30 2:55 f → 02:55
調整検出: hinako.tsutsumi2525 2025/07/01 2:46 s → 02:46
調整検出: hinako.tsutsumi2525 2025/07/01 4:05 f → 04:05
調整検出: hinako.tsutsumi2525 2025/07/02 9:27 s → 09:27
調整検出: theoj246 2025/07/04 4:17 f → 04:17
調整検出: theoj246 2025/07/04 4:59 s → 04:59
調整検出: theoj246 2025/07/04 6:48 f → 06:48
調整検出: theoj246 2025/07/04 7:20 s → 07:20
調整検出: theoj246 2025/07/04 7:53 f → 07:53
調整検出: hinako.tsutsumi2525 2025/07/07 3:46 s → 03:46
調整検出: hinako.tsutsumi2525 2025/07/07 4:09 f → 04:09
調整検出: hinako.tsutsumi2525 2025/07/08 0:54 s → 00:54
調整検出: hinako.tsutsumi2525 2025/07/08 2:03 f → 02:03
調整検出: ryo4ryo4n66 2025/07/09 0:36 f → 00:36
調整検出: kimoppy126 2025/07/09 0:57 s → 00:57
調整検出: hinako.tsutsumi2525 2025/07/09 9:50 s → 09:50
調整検出: ryo4ryo4n66 2025/07/10 0:14 s → 00:14
調整検出: ryo4ryo4n66 2025/07/10 1:04 f → 01:04
調整検出: kouki0802.ao 2025/07/11 1:30 s 1:00 → 01:30
調整検出: kouki0802.ao 2025/07/11 2:50 f → 02:50
調整検出: theoj246 2025/07/15 0:12 f → 00:12
調整検出: ryo4ryo4n66 2025/07/17 1:12 s → 01:12
調整検出: ryo4ryo4n66 2025/07/17 1:46 f +72 → 01:46
調整検出: hinako.tsutsumi2525 2025/07/19 1:44 s → 01:44
調整検出: hinako.tsutsumi2525 2025/07/19 2:32 f → 02:32
調整検出: kouki0802.ao 2025/07/19 2:40 s +20 → 02:40
調整検出: kouki0802.ao 2025/07/19 3:17 f → 03:17
調整検出: kouki0802.ao 2025/07/21 0:16 s → 00:16
調整検出: kouki0802.ao 2025/07/21 0:52 f → 00:52
調整検出: hinako.tsutsumi2525 2025/07/23 3:56 s → 03:56
調整検出: hinako.tsutsumi2525 2025/07/23 4:28 f → 04:28
調整検出: theoj246 2025/07/25 1:20 f → 01:20
調整検出: hinako.tsutsumi2525 2025/07/25 2:42 s → 02:42
調整検出: ryo4ryo4n66 2025/07/25 2:46 f → 02:46
調整検出: hinako.tsutsumi2525 2025/07/25 4:14 f → 04:14
調整検出: erin.isozu 2025/07/26 0:34 f → 00:34
調整検出: theoj246 2025/07/27 0:17 s → 00:17
調整検出: theoj246 2025/07/27 2:32 f → 02:32
調整検出: hinako.tsutsumi2525 2025/07/28 1:19 s → 01:19
調整検出: hinako.tsutsumi2525 2025/07/28 2:37 f → 02:37
調整検出: yuta.takasu 2025/07/28 9:14 s aoki → 09:14
調整検出: yuta.takasu 2025/07/28 9:26 f aoki → 09:26
調整検出: kouki0802.ao 2025/07/30 0:14 f 18:21 → 00:14
調整検出: ryo4ryo4n66 2025/07/30 0:16 f → 00:16
調整検出: kouki0802.ao 2025/07/30 0:17 s → 00:17
調整検出: kouki0802.ao 2025/07/30 1:57 f → 01:57
調整検出: ryo4ryo4n66 2025/07/31 0:40 s → 00:40
調整検出: ryo4ryo4n66 2025/07/31 3:35 f → 03:35
調整検出: yuta.takasu 2025/07/31 9:19 s aoki → 09:19
調整検出: yuta.takasu 2025/07/31 9:34 f aoki → 09:34
調整検出: hinako.tsutsumi2525 2025/07/31 9:38 s → 09:38
調整検出: kouki0802.ao 2025/08/01 0:13 f → 00:13
調整検出: kimoppy126 2025/08/01 0:16 s → 00:16
調整検出: ryo4ryo4n66 2025/08/04 0:19 s → 00:19
調整検出: ryo4ryo4n66 2025/08/04 1:10 f +90 → 01:10
調整検出: erin.isozu 2025/08/05 1:52 f → 01:52
メッセージから調整検出: f-20 → -20分調整
調整検出: marikou180522 2025/08/06 19:39 f-20 → 19:19
調整検出: ryo4ryo4n66 2025/08/07 0:57 s → 00:57
調整検出: marikou180522 2025/08/07 1:01 f → 01:01
調整検出: erin.isozu 2025/08/07 2:07 s → 02:07
調整検出: ryo4ryo4n66 2025/08/07 3:14 f → 03:14
調整検出: erin.isozu 2025/08/07 4:12 f → 04:12
メッセージから調整検出: s+60 → 60分調整
調整検出: marikou180522 2025/08/07 19:32 s+60 → 18:32
メッセージから調整検出: s+20 → 20分調整
調整検出: marikou180522 2025/08/07 23:58 s+20 → 23:38
調整検出: ryo4ryo4n66 2025/08/08 0:36 s → 00:36
調整検出: marikou180522 2025/08/08 0:47 f → 00:47
調整検出: theoj246 2025/08/08 1:38 f → 01:38
調整検出: ryo4ryo4n66 2025/08/08 4:40 f → 04:40
調整検出: marikou180522 2025/08/08 6:04 s → 06:04
調整検出: marikou180522 2025/08/08 8:00 f → 08:00
メッセージから調整検出: f-45 → -45分調整
調整検出: marikou180522 2025/08/08 19:30 f-45 → 18:45
調整検出: erin.isozu 2025/08/09 0:17 s → 00:17
調整検出: ryo4ryo4n66 2025/08/09 0:48 s → 00:48
調整検出: erin.isozu 2025/08/09 1:50 f → 01:50
調整検出: ryo4ryo4n66 2025/08/09 2:52 f → 02:52
調整検出: erin.isozu 2025/08/09 4:44 s → 04:44
調整検出: erin.isozu 2025/08/09 6:08 f -40 → 06:08
調整検出: theoj246 2025/08/09 9:30 s → 09:30
調整検出: erin.isozu 2025/08/10 0:14 f → 00:14
調整検出: erin.isozu 2025/08/10 0:46 s → 00:46
調整検出: erin.isozu 2025/08/10 2:09 f → 02:09
調整検出: erin.isozu 2025/08/10 4:12 s → 04:12
調整検出: erin.isozu 2025/08/10 6:33 f → 06:33
調整検出: kouki0802.ao 2025/08/11 0:10 f → 00:10
調整検出: erin.isozu 2025/08/11 1:04 f → 01:04
メッセージから調整検出: s+90 → 90分調整
調整検出: marikou180522 2025/08/11 1:55 s+90 → 00:25
警告: Yohei Watanabe - 開始時刻なしの終了 2024/06/21 21:30
警告: Yohei Watanabe - 連続する開始時刻を検出、前のセッションを自動終了
警告: deerveryone - 開始時刻なしの終了 2024/09/05 18:54
警告: deerveryone - 開始時刻なしの終了 2024/09/05 21:10
警告: info - 開始時刻なしの終了 2024/10/31 18:03
警告: info - 連続する開始時刻を検出、前のセッションを自動終了
エラー: info - 24時間超過を検出 2024/12/14 09:17 → 2025/05/20 13:44 = 226347分
警告: info - 開始時刻なしの終了 2025/07/18 21:49
情報: info - 未完了のセッション 2025/07/18 21:51
警告: theoj246 - 連続する開始時刻を検出、前のセッションを自動終了
警告: theoj246 - 開始時刻なしの終了 2025/03/06 16:51
警告: theoj246 - 連続する開始時刻を検出、前のセッションを自動終了
警告: theoj246 - 開始時刻なしの終了 2025/03/10 17:58
警告: theoj246 - 開始時刻なしの終了 2025/03/10 19:05
警告: theoj246 - 連続する開始時刻を検出、前のセッションを自動終了
警告: theoj246 - 開始時刻なしの終了 2025/03/11 01:09
警告: theoj246 - 連続する開始時刻を検出、前のセッションを自動終了
警告: theoj246 - 連続する開始時刻を検出、前のセッションを自動終了
エラー: theoj246 - 24時間超過を検出 2025/07/12 15:51 → 2025/07/14 10:34 = 2563分
警告: theoj246 - 連続する開始時刻を検出、前のセッションを自動終了
警告: theoj246 - 開始時刻なしの終了 2025/08/06 13:33
エラー: ryo4ryo4n66 - 24時間超過を検出 2024/11/02 13:59 → 2024/11/03 15:36 = 1537分
警告: ryo4ryo4n66 - 連続する開始時刻を検出、前のセッションを自動終了
警告: ryo4ryo4n66 - 連続する開始時刻を検出、前のセッションを自動終了
警告: ryo4ryo4n66 - 開始時刻なしの終了 2025/03/11 14:15
警告: ryo4ryo4n66 - 連続する開始時刻を検出、前のセッションを自動終了
警告: ryo4ryo4n66 - 開始時刻なしの終了 2025/03/26 17:50
警告: ryo4ryo4n66 - 連続する開始時刻を検出、前のセッションを自動終了
警告: ryo4ryo4n66 - 連続する開始時刻を検出、前のセッションを自動終了
エラー: ryo4ryo4n66 - 24時間超過を検出 2025/05/10 15:56 → 2025/05/12 13:03 = 2707分
警告: ryo4ryo4n66 - 開始時刻なしの終了 2025/06/13 19:47
警告: ryo4ryo4n66 - 開始時刻なしの終了 2025/07/09 13:35
情報: A - 未完了のセッション 2024/09/25 13:22
警告: osaryo523778 - 連続する開始時刻を検出、前のセッションを自動終了
エラー: kimoppy126 - 24時間超過を検出 2025/05/25 15:05 → 2025/05/28 00:03 = 3418分
警告: kimoppy126 - 連続する開始時刻を検出、前のセッションを自動終了
警告: kimoppy126 - 連続する開始時刻を検出、前のセッションを自動終了
警告: kimoppy126 - 連続する開始時刻を検出、前のセッションを自動終了
警告: kimoppy126 - 連続する開始時刻を検出、前のセッションを自動終了
情報: kimoppy126 - 未完了のセッション 2025/08/01 00:16
警告: yuta.takasu - 連続する開始時刻を検出、前のセッションを自動終了
警告: yuta.takasu - 連続する開始時刻を検出、前のセッションを自動終了
警告: yuta.takasu - 連続する開始時刻を検出、前のセッションを自動終了
警告: hinako.tsutsumi2525 - 開始時刻なしの終了 2025/06/23 14:49
警告: ujwal.kumar252725 - 連続する開始時刻を検出、前のセッションを自動終了
警告: ujwal.kumar252725 - 開始時刻なしの終了 2025/07/10 23:18
警告: ujwal.kumar252725 - 開始時刻なしの終了 2025/07/15 18:31
警告: ujwal.kumar252725 - 開始時刻なしの終了 2025/07/16 11:59
警告: ujwal.kumar252725 - 開始時刻なしの終了 2025/07/18 21:49
警告: ujwal.kumar252725 - 連続する開始時刻を検出、前のセッションを自動終了
警告: ujwal.kumar252725 - 連続する開始時刻を検出、前のセッションを自動終了
情報: ujwal.kumar252725 - 未完了のセッション 2025/07/18 21:51
警告: kouki0802.ao - 開始時刻なしの終了 2025/06/20 17:11
警告: kouki0802.ao - 開始時刻なしの終了 2025/06/28 18:25
警告: kouki0802.ao - 開始時刻なしの終了 2025/07/03 17:13
エラー: kouki0802.ao - 24時間超過を検出 2025/07/04 17:50 → 2025/07/05 17:59 = 1449分
警告: kouki0802.ao - 連続する開始時刻を検出、前のセッションを自動終了
警告: kouki0802.ao - 連続する開始時刻を検出、前のセッションを自動終了
警告: kouki0802.ao - 開始時刻なしの終了 2025/08/05 18:18
警告: marikou180522 - 連続する開始時刻を検出、前のセッションを自動終了
情報: marikou180522 - 未完了のセッション 2025/08/11 00:25
INFO:     127.0.0.1:51187 - "GET /subpage/daily-chart?days=31&top_users=15 HTTP/1.1" 200 OK
INFO:     127.0.0.1:51188 - "GET /monitor/status HTTP/1.1" 200 OK
調整検出: Yohei Watanabe 2024/06/16 3:10 終了 → 03:10
調整検出: Yohei Watanabe 2024/06/27 0:07 開始 → 00:07
調整検出: Yohei Watanabe 2024/06/27 2:03 終了 → 02:03
調整検出: deerveryone 2024/07/12 8:50 開始：EB関連Notion管理（修正） → 08:50
調整検出: deerveryone 2024/07/12 9:20 終了 → 09:20
調整検出: lyuki093 2024/07/16 8:57 開始 → 08:57
調整検出: deerveryone 2024/07/16 9:38 開始 → 09:38
調整検出: deerveryone 2024/08/21 7:54 開始 → 07:54
調整検出: deerveryone 2024/08/21 9:02 終了 → 09:02
調整検出: deerveryone 2024/08/28 8:52 開始 → 08:52
調整検出: theoj246 2024/09/06 8:22 開始 → 08:22
調整検出: deerveryone 2024/09/06 9:20 開始（08:20に修正） → 09:20
調整検出: theoj246 2024/09/06 9:31 終了 → 09:31
調整検出: deerveryone 2024/09/09 9:45 開始 → 09:45
調整検出: deerveryone 2024/09/11 8:56 開始 → 08:56
調整検出: theoj246 2024/09/11 9:59 開始 → 09:59
調整検出: deerveryone 2024/09/11 9:40 終了 9:40 → 09:40
調整検出: theoj246 2024/09/18 0:16 終了 → 00:16
調整検出: deerveryone 2024/09/18 8:51 開始 → 08:51
調整検出: ryo4ryo4n66 2024/09/18 9:32 開始 → 09:32
調整検出: theoj246 2024/09/19 0:19 開始 → 00:19
調整検出: theoj246 2024/09/19 0:47 終了 → 00:47
調整検出: theoj246 2024/09/19 8:53 開始 → 08:53
調整検出: deerveryone 2024/09/21 9:15 開始 → 09:15
調整検出: ryo4ryo4n66 2024/09/21 9:38 開始 → 09:38
調整検出: ryo4ryo4n66 2024/09/23 0:23 開始 → 00:23
調整検出: deerveryone 2024/09/23 9:00 終了 → 09:00
調整検出: theoj246 2024/09/24 9:04 開始 → 09:04
調整検出: theoj246 2024/09/24 9:32 終了 → 09:32
調整検出: theoj246 2024/09/25 8:51 開始 → 08:51
調整検出: deerveryone 2024/09/27 9:08 開始 → 09:08
調整検出: theoj246 2024/10/06 0:45 開始 → 00:45
調整検出: theoj246 2024/10/06 1:46 終了 → 01:46
調整検出: theoj246 2024/10/07 0:05 終了 → 00:05
調整検出: theoj246 2024/10/09 0:52 開始 → 00:52
調整検出: theoj246 2024/10/09 1:19 終了 → 01:19
調整検出: theoj246 2024/10/09 9:06 開始 → 09:06
調整検出: theoj246 2024/10/09 9:58 終了 → 09:58
調整検出: theoj246 2024/10/11 9:23 開始 → 09:23
調整検出: theoj246 2024/10/13 0:29 開始 → 00:29
調整検出: theoj246 2024/10/13 1:29 終了 → 01:29
調整検出: theoj246 2024/10/13 9:31 開始 → 09:31
調整検出: osaryo523778 2024/10/17 1:18 終了 → 01:18
調整検出: theoj246 2024/10/17 8:58 開始 → 08:58
調整検出: theoj246 2024/10/17 9:43 終了 → 09:43
調整検出: osaryo523778 2024/10/18 0:00 終了 → 00:00
調整検出: theoj246 2024/10/18 9:11 開始 → 09:11
調整検出: theoj246 2024/10/20 9:53 開始 → 09:53
調整検出: osaryo523778 2024/10/21 1:10 終了 → 01:10
調整検出: osaryo523778 2024/10/21 8:03 開始 → 08:03
調整検出: theoj246 2024/10/23 8:43 開始 → 08:43
調整検出: theoj246 2024/10/23 9:40 終了 → 09:40
調整検出: osaryo523778 2024/10/26 2:53 s → 02:53
調整検出: osaryo523778 2024/10/26 4:53 f → 04:53
調整検出: theoj246 2024/10/27 0:24 s → 00:24
調整検出: theoj246 2024/10/27 1:30 f → 01:30
調整検出: theoj246 2024/10/28 0:17 s → 00:17
調整検出: theoj246 2024/10/28 1:34 f → 01:34
調整検出: ryo4ryo4n66 2024/10/29 0:57 f → 00:57
調整検出: theoj246 2024/11/04 0:02 s → 00:02
調整検出: theoj246 2024/11/04 0:18 f → 00:18
調整検出: theoj246 2024/11/08 0:51 f → 00:51
調整検出: theoj246 2024/11/10 1:26 f → 01:26
調整検出: ryo4ryo4n66 2024/11/12 0:15 f → 00:15
調整検出: osaryo523778 2024/11/16 1:34 s → 01:34
調整検出: ryo4ryo4n66 2024/11/16 2:52 f → 02:52
調整検出: osaryo523778 2024/11/16 4:21 f → 04:21
調整検出: osaryo523778 2024/11/17 0:43 f → 00:43
調整検出: theoj246 2024/11/18 0:13 s → 00:13
調整検出: theoj246 2024/11/18 0:41 f → 00:41
調整検出: theoj246 2024/11/21 0:49 f → 00:49
調整検出: theoj246 2024/11/23 2:08 f → 02:08
調整検出: theoj246 2024/11/24 1:11 f → 01:11
調整検出: osaryo523778 2024/11/26 0:26 f → 00:26
調整検出: theoj246 2024/11/28 0:49 f → 00:49
調整検出: theoj246 2024/11/29 1:33 f → 01:33
調整検出: osaryo523778 2024/12/03 1:49 f → 01:49
調整検出: ryo4ryo4n66 2024/12/06 0:53 s → 00:53
調整検出: ryo4ryo4n66 2024/12/06 2:20 f → 02:20
調整検出: osaryo523778 2024/12/10 1:17 s → 01:17
調整検出: osaryo523778 2024/12/10 3:27 f → 03:27
調整検出: theoj246 2024/12/10 8:32 s → 08:32
調整検出: theoj246 2024/12/11 9:46 s → 09:46
調整検出: theoj246 2024/12/14 9:01 s → 09:01
調整検出: info 2024/12/14 9:17 s → 09:17
調整検出: ryo4ryo4n66 2024/12/15 0:09 f → 00:09
調整検出: theoj246 2024/12/16 0:52 f → 00:52
調整検出: theoj246 2024/12/16 8:42 s → 08:42
調整検出: theoj246 2024/12/17 0:04 f → 00:04
調整検出: theoj246 2024/12/18 8:53 f -30s → 08:53
調整検出: theoj246 2024/12/18 8:53 s → 08:53
調整検出: theoj246 2024/12/19 1:03 f 22:00 → 01:03
調整検出: theoj246 2024/12/19 9:34 s → 09:34
調整検出: theoj246 2024/12/20 9:01 s → 09:01
調整検出: theoj246 2024/12/20 9:51 f → 09:51
調整検出: theoj246 2024/12/22 0:34 f → 00:34
調整検出: theoj246 2024/12/22 9:36 s → 09:36
調整検出: theoj246 2024/12/24 9:46 s → 09:46
調整検出: theoj246 2025/01/04 0:40 f → 00:40
調整検出: theoj246 2025/01/04 9:58 s → 09:58
調整検出: theoj246 2025/01/10 0:35 f → 00:35
調整検出: theoj246 2025/01/13 0:47 f → 00:47
調整検出: osaryo523778 2025/01/14 0:58 f → 00:58
調整検出: theoj246 2025/01/16 9:09 f - 21:00 → 09:09
調整検出: theoj246 2025/01/20 9:16 s → 09:16
調整検出: theoj246 2025/01/20 9:49 f → 09:49
調整検出: theoj246 2025/01/27 9:03 s → 09:03
調整検出: ryo4ryo4n66 2025/01/30 0:02 s → 00:02
調整検出: ryo4ryo4n66 2025/01/30 3:07 f → 03:07
調整検出: theoj246 2025/02/11 1:17 s → 01:17
調整検出: theoj246 2025/02/11 1:40 f → 01:40
調整検出: theoj246 2025/02/12 0:27 f → 00:27
調整検出: theoj246 2025/02/13 9:21 s → 09:21
調整検出: theoj246 2025/02/19 9:07 s → 09:07
調整検出: theoj246 2025/02/24 0:27 f → 00:27
調整検出: ryo4ryo4n66 2025/02/27 0:03 f → 00:03
調整検出: kimoppy126 2025/03/06 7:29 s → 07:29
調整検出: kimoppy126 2025/03/06 9:25 f → 09:25
調整検出: kimoppy126 2025/03/09 8:38 s → 08:38
調整検出: theoj246 2025/03/10 0:07 f → 00:07
調整検出: ryo4ryo4n66 2025/03/10 0:26 f → 00:26
調整検出: theoj246 2025/03/10 9:58 s → 09:58
調整検出: ryo4ryo4n66 2025/03/11 1:03 f -3:35 → 01:03
調整検出: theoj246 2025/03/11 1:09 f → 01:09
調整検出: theoj246 2025/03/11 9:47 s → 09:47
調整検出: theoj246 2025/03/12 0:07 f → 00:07
調整検出: theoj246 2025/03/18 0:25 f 20:20 → 00:25
調整検出: ryo4ryo4n66 2025/03/18 0:32 f 20:20 → 00:32
調整検出: ryo4ryo4n66 2025/03/18 0:32 s → 00:32
調整検出: theoj246 2025/03/18 1:13 s → 01:13
調整検出: theoj246 2025/03/18 1:35 f → 01:35
調整検出: ryo4ryo4n66 2025/03/18 1:50 f → 01:50
調整検出: ryo4ryo4n66 2025/03/22 1:18 s → 01:18
調整検出: ryo4ryo4n66 2025/03/22 2:09 f → 02:09
調整検出: theoj246 2025/03/22 5:06 f → 05:06
調整検出: theoj246 2025/03/24 0:11 f → 00:11
調整検出: theoj246 2025/03/26 0:11 s → 00:11
調整検出: theoj246 2025/03/26 1:07 f → 01:07
調整検出: ryo4ryo4n66 2025/03/26 1:11 s → 01:11
調整検出: ryo4ryo4n66 2025/03/26 1:59 f ＋ 180 → 01:59
調整検出: theoj246 2025/03/28 0:42 f → 00:42
調整検出: ryo4ryo4n66 2025/03/28 0:45 s → 00:45
調整検出: ryo4ryo4n66 2025/03/28 2:41 f → 02:41
調整検出: theoj246 2025/03/31 9:12 s → 09:12
調整検出: ryo4ryo4n66 2025/04/01 0:46 f → 00:46
調整検出: ryo4ryo4n66 2025/04/03 1:16 f → 01:16
調整検出: theoj246 2025/04/04 0:37 f → 00:37
調整検出: theoj246 2025/04/05 0:44 f → 00:44
調整検出: theoj246 2025/04/07 0:30 s → 00:30
調整検出: theoj246 2025/04/07 2:20 f → 02:20
調整検出: ryo4ryo4n66 2025/04/08 0:05 s → 00:05
調整検出: ryo4ryo4n66 2025/04/08 0:35 f → 00:35
調整検出: theoj246 2025/04/09 1:01 f → 01:01
調整検出: theoj246 2025/04/10 0:14 s → 00:14
調整検出: theoj246 2025/04/10 0:39 f → 00:39
調整検出: kimoppy126 2025/04/14 1:31 f → 01:31
調整検出: theoj246 2025/04/16 0:02 f → 00:02
調整検出: kimoppy126 2025/04/20 4:05 f → 04:05
調整検出: theoj246 2025/04/21 1:29 f → 01:29
調整検出: ryo4ryo4n66 2025/04/22 0:31 s → 00:31
調整検出: theoj246 2025/04/22 0:45 f → 00:45
調整検出: ryo4ryo4n66 2025/04/22 1:04 f → 01:04
調整検出: ryo4ryo4n66 2025/04/23 0:49 f → 00:49
調整検出: theoj246 2025/04/23 1:33 f → 01:33
調整検出: theoj246 2025/04/23 9:52 s → 09:52
調整検出: theoj246 2025/04/25 0:19 f → 00:19
調整検出: theoj246 2025/04/30 0:14 s → 00:14
調整検出: theoj246 2025/04/30 2:13 f → 02:13
調整検出: theoj246 2025/05/03 1:37 f → 01:37
調整検出: theoj246 2025/05/08 0:54 f → 00:54
調整検出: theoj246 2025/05/09 0:38 f → 00:38
調整検出: ryo4ryo4n66 2025/05/14 1:57 s → 01:57
調整検出: ryo4ryo4n66 2025/05/14 1:58 f60 → 01:58
調整検出: theoj246 2025/05/16 1:11 f → 01:11
調整検出: theoj246 2025/05/17 2:51 f → 02:51
調整検出: theoj246 2025/05/18 0:18 f → 00:18
調整検出: theoj246 2025/05/19 4:43 s → 04:43
調整検出: theoj246 2025/05/19 8:22 f → 08:22
調整検出: theoj246 2025/05/21 9:22 s → 09:22
調整検出: theoj246 2025/05/22 9:16 s → 09:16
調整検出: ryo4ryo4n66 2025/05/23 0:40 s → 00:40
調整検出: ryo4ryo4n66 2025/05/23 2:15 f → 02:15
調整検出: theoj246 2025/05/23 9:34 s → 09:34
調整検出: ryo4ryo4n66 2025/05/24 0:09 s → 00:09
調整検出: ryo4ryo4n66 2025/05/24 1:17 f → 01:17
調整検出: theoj246 2025/05/24 8:51 s → 08:51
調整検出: theoj246 2025/05/26 8:47 s → 08:47
調整検出: ryo4ryo4n66 2025/05/27 1:36 s → 01:36
調整検出: ryo4ryo4n66 2025/05/27 3:04 f → 03:04
調整検出: kimoppy126 2025/05/28 0:03 f 5/25 19:00 → 00:03
調整検出: theoj246 2025/05/28 0:43 f → 00:43
調整検出: theoj246 2025/05/28 9:56 s → 09:56
調整検出: theoj246 2025/05/29 0:41 s → 00:41
調整検出: theoj246 2025/05/29 2:22 f → 02:22
調整検出: ryo4ryo4n66 2025/05/31 0:58 f → 00:58
調整検出: ryo4ryo4n66 2025/06/02 0:08 s → 00:08
調整検出: ryo4ryo4n66 2025/06/02 2:12 f → 02:12
調整検出: hinako.tsutsumi2525 2025/06/05 1:51 s → 01:51
調整検出: theoj246 2025/06/05 1:57 f → 01:57
調整検出: hinako.tsutsumi2525 2025/06/05 2:28 f → 02:28
調整検出: ujwal.kumar252725 2025/06/05 8:00 f 23:30 → 08:00
調整検出: hinako.tsutsumi2525 2025/06/06 2:15 s → 02:15
調整検出: hinako.tsutsumi2525 2025/06/06 3:24 f → 03:24
調整検出: hinako.tsutsumi2525 2025/06/07 0:22 s → 00:22
調整検出: hinako.tsutsumi2525 2025/06/07 0:57 f → 00:57
調整検出: hinako.tsutsumi2525 2025/06/07 1:45 s → 01:45
調整検出: hinako.tsutsumi2525 2025/06/07 2:08 f → 02:08
調整検出: ujwal.kumar252725 2025/06/09 9:32 f 17:30 → 09:32
調整検出: theoj246 2025/06/10 3:09 f 2:00 → 03:09
調整検出: hinako.tsutsumi2525 2025/06/11 1:05 s → 01:05
調整検出: theoj246 2025/06/11 1:43 f → 01:43
調整検出: hinako.tsutsumi2525 2025/06/11 1:53 f → 01:53
調整検出: ujwal.kumar252725 2025/06/14 8:15 f 11:30 → 08:15
調整検出: hinako.tsutsumi2525 2025/06/16 9:05 s → 09:05
調整検出: ryo4ryo4n66 2025/06/17 1:47 s → 01:47
調整検出: hinako.tsutsumi2525 2025/06/17 2:00 s → 02:00
調整検出: hinako.tsutsumi2525 2025/06/17 2:53 f → 02:53
調整検出: ryo4ryo4n66 2025/06/17 3:51 f → 03:51
調整検出: hinako.tsutsumi2525 2025/06/18 1:32 s → 01:32
調整検出: theoj246 2025/06/18 2:21 f → 02:21
調整検出: hinako.tsutsumi2525 2025/06/18 2:36 f → 02:36
調整検出: hinako.tsutsumi2525 2025/06/19 1:27 s → 01:27
調整検出: hinako.tsutsumi2525 2025/06/19 4:03 f → 04:03
調整検出: hinako.tsutsumi2525 2025/06/20 0:02 s → 00:02
調整検出: hinako.tsutsumi2525 2025/06/20 0:37 f → 00:37
調整検出: hinako.tsutsumi2525 2025/06/21 0:08 s → 00:08
調整検出: theoj246 2025/06/21 0:58 s → 00:58
調整検出: theoj246 2025/06/21 1:56 f → 01:56
調整検出: hinako.tsutsumi2525 2025/06/21 2:19 f → 02:19
調整検出: hinako.tsutsumi2525 2025/06/22 1:56 s → 01:56
調整検出: hinako.tsutsumi2525 2025/06/22 2:39 f → 02:39
調整検出: hinako.tsutsumi2525 2025/06/23 9:43 s → 09:43
調整検出: kouki0802.ao 2025/06/24 0:43 s 00:00 → 00:43
調整検出: kouki0802.ao 2025/06/24 0:44 f 00:30 → 00:44
調整検出: theoj246 2025/06/24 2:31 f → 02:31
調整検出: theoj246 2025/06/25 0:57 f → 00:57
調整検出: ryo4ryo4n66 2025/06/26 0:37 s → 00:37
調整検出: hinako.tsutsumi2525 2025/06/26 1:12 s → 01:12
調整検出: ryo4ryo4n66 2025/06/26 2:23 f → 02:23
調整検出: hinako.tsutsumi2525 2025/06/26 3:48 f → 03:48
調整検出: hinako.tsutsumi2525 2025/06/26 4:44 s → 04:44
調整検出: hinako.tsutsumi2525 2025/06/26 4:51 f → 04:51
調整検出: theoj246 2025/06/29 0:33 f → 00:33
調整検出: hinako.tsutsumi2525 2025/06/29 2:00 s → 02:00
調整検出: hinako.tsutsumi2525 2025/06/29 2:17 f → 02:17
調整検出: kimoppy126 2025/06/30 1:42 f → 01:42
調整検出: theoj246 2025/06/30 2:55 f → 02:55
調整検出: hinako.tsutsumi2525 2025/07/01 2:46 s → 02:46
調整検出: hinako.tsutsumi2525 2025/07/01 4:05 f → 04:05
調整検出: hinako.tsutsumi2525 2025/07/02 9:27 s → 09:27
調整検出: theoj246 2025/07/04 4:17 f → 04:17
調整検出: theoj246 2025/07/04 4:59 s → 04:59
調整検出: theoj246 2025/07/04 6:48 f → 06:48
調整検出: theoj246 2025/07/04 7:20 s → 07:20
調整検出: theoj246 2025/07/04 7:53 f → 07:53
調整検出: hinako.tsutsumi2525 2025/07/07 3:46 s → 03:46
調整検出: hinako.tsutsumi2525 2025/07/07 4:09 f → 04:09
調整検出: hinako.tsutsumi2525 2025/07/08 0:54 s → 00:54
調整検出: hinako.tsutsumi2525 2025/07/08 2:03 f → 02:03
調整検出: ryo4ryo4n66 2025/07/09 0:36 f → 00:36
調整検出: kimoppy126 2025/07/09 0:57 s → 00:57
調整検出: hinako.tsutsumi2525 2025/07/09 9:50 s → 09:50
調整検出: ryo4ryo4n66 2025/07/10 0:14 s → 00:14
調整検出: ryo4ryo4n66 2025/07/10 1:04 f → 01:04
調整検出: kouki0802.ao 2025/07/11 1:30 s 1:00 → 01:30
調整検出: kouki0802.ao 2025/07/11 2:50 f → 02:50
調整検出: theoj246 2025/07/15 0:12 f → 00:12
調整検出: ryo4ryo4n66 2025/07/17 1:12 s → 01:12
調整検出: ryo4ryo4n66 2025/07/17 1:46 f +72 → 01:46
調整検出: hinako.tsutsumi2525 2025/07/19 1:44 s → 01:44
調整検出: hinako.tsutsumi2525 2025/07/19 2:32 f → 02:32
調整検出: kouki0802.ao 2025/07/19 2:40 s +20 → 02:40
調整検出: kouki0802.ao 2025/07/19 3:17 f → 03:17
調整検出: kouki0802.ao 2025/07/21 0:16 s → 00:16
調整検出: kouki0802.ao 2025/07/21 0:52 f → 00:52
調整検出: hinako.tsutsumi2525 2025/07/23 3:56 s → 03:56
調整検出: hinako.tsutsumi2525 2025/07/23 4:28 f → 04:28
調整検出: theoj246 2025/07/25 1:20 f → 01:20
調整検出: hinako.tsutsumi2525 2025/07/25 2:42 s → 02:42
調整検出: ryo4ryo4n66 2025/07/25 2:46 f → 02:46
調整検出: hinako.tsutsumi2525 2025/07/25 4:14 f → 04:14
調整検出: erin.isozu 2025/07/26 0:34 f → 00:34
調整検出: theoj246 2025/07/27 0:17 s → 00:17
調整検出: theoj246 2025/07/27 2:32 f → 02:32
調整検出: hinako.tsutsumi2525 2025/07/28 1:19 s → 01:19
調整検出: hinako.tsutsumi2525 2025/07/28 2:37 f → 02:37
調整検出: yuta.takasu 2025/07/28 9:14 s aoki → 09:14
調整検出: yuta.takasu 2025/07/28 9:26 f aoki → 09:26
調整検出: kouki0802.ao 2025/07/30 0:14 f 18:21 → 00:14
調整検出: ryo4ryo4n66 2025/07/30 0:16 f → 00:16
調整検出: kouki0802.ao 2025/07/30 0:17 s → 00:17
調整検出: kouki0802.ao 2025/07/30 1:57 f → 01:57
調整検出: ryo4ryo4n66 2025/07/31 0:40 s → 00:40
調整検出: ryo4ryo4n66 2025/07/31 3:35 f → 03:35
調整検出: yuta.takasu 2025/07/31 9:19 s aoki → 09:19
調整検出: yuta.takasu 2025/07/31 9:34 f aoki → 09:34
調整検出: hinako.tsutsumi2525 2025/07/31 9:38 s → 09:38
調整検出: kouki0802.ao 2025/08/01 0:13 f → 00:13
調整検出: kimoppy126 2025/08/01 0:16 s → 00:16
調整検出: ryo4ryo4n66 2025/08/04 0:19 s → 00:19
調整検出: ryo4ryo4n66 2025/08/04 1:10 f +90 → 01:10
調整検出: erin.isozu 2025/08/05 1:52 f → 01:52
メッセージから調整検出: f-20 → -20分調整
調整検出: marikou180522 2025/08/06 19:39 f-20 → 19:19
調整検出: ryo4ryo4n66 2025/08/07 0:57 s → 00:57
調整検出: marikou180522 2025/08/07 1:01 f → 01:01
調整検出: erin.isozu 2025/08/07 2:07 s → 02:07
調整検出: ryo4ryo4n66 2025/08/07 3:14 f → 03:14
調整検出: erin.isozu 2025/08/07 4:12 f → 04:12
メッセージから調整検出: s+60 → 60分調整
調整検出: marikou180522 2025/08/07 19:32 s+60 → 18:32
メッセージから調整検出: s+20 → 20分調整
調整検出: marikou180522 2025/08/07 23:58 s+20 → 23:38
調整検出: ryo4ryo4n66 2025/08/08 0:36 s → 00:36
調整検出: marikou180522 2025/08/08 0:47 f → 00:47
調整検出: theoj246 2025/08/08 1:38 f → 01:38
調整検出: ryo4ryo4n66 2025/08/08 4:40 f → 04:40
調整検出: marikou180522 2025/08/08 6:04 s → 06:04
調整検出: marikou180522 2025/08/08 8:00 f → 08:00
メッセージから調整検出: f-45 → -45分調整
調整検出: marikou180522 2025/08/08 19:30 f-45 → 18:45
調整検出: erin.isozu 2025/08/09 0:17 s → 00:17
調整検出: ryo4ryo4n66 2025/08/09 0:48 s → 00:48
調整検出: erin.isozu 2025/08/09 1:50 f → 01:50
調整検出: ryo4ryo4n66 2025/08/09 2:52 f → 02:52
調整検出: erin.isozu 2025/08/09 4:44 s → 04:44
調整検出: erin.isozu 2025/08/09 6:08 f -40 → 06:08
調整検出: theoj246 2025/08/09 9:30 s → 09:30
調整検出: erin.isozu 2025/08/10 0:14 f → 00:14
調整検出: erin.isozu 2025/08/10 0:46 s → 00:46
調整検出: erin.isozu 2025/08/10 2:09 f → 02:09
調整検出: erin.isozu 2025/08/10 4:12 s → 04:12
調整検出: erin.isozu 2025/08/10 6:33 f → 06:33
調整検出: kouki0802.ao 2025/08/11 0:10 f → 00:10
調整検出: erin.isozu 2025/08/11 1:04 f → 01:04
メッセージから調整検出: s+90 → 90分調整
調整検出: marikou180522 2025/08/11 1:55 s+90 → 00:25
警告: Yohei Watanabe - 開始時刻なしの終了 2024/06/21 21:30
警告: Yohei Watanabe - 連続する開始時刻を検出、前のセッションを自動終了
警告: deerveryone - 開始時刻なしの終了 2024/09/05 18:54
警告: deerveryone - 開始時刻なしの終了 2024/09/05 21:10
警告: info - 開始時刻なしの終了 2024/10/31 18:03
警告: info - 連続する開始時刻を検出、前のセッションを自動終了
エラー: info - 24時間超過を検出 2024/12/14 09:17 → 2025/05/20 13:44 = 226347分
警告: info - 開始時刻なしの終了 2025/07/18 21:49
情報: info - 未完了のセッション 2025/07/18 21:51
警告: theoj246 - 連続する開始時刻を検出、前のセッションを自動終了
警告: theoj246 - 開始時刻なしの終了 2025/03/06 16:51
警告: theoj246 - 連続する開始時刻を検出、前のセッションを自動終了
警告: theoj246 - 開始時刻なしの終了 2025/03/10 17:58
警告: theoj246 - 開始時刻なしの終了 2025/03/10 19:05
警告: theoj246 - 連続する開始時刻を検出、前のセッションを自動終了
警告: theoj246 - 開始時刻なしの終了 2025/03/11 01:09
警告: theoj246 - 連続する開始時刻を検出、前のセッションを自動終了
警告: theoj246 - 連続する開始時刻を検出、前のセッションを自動終了
エラー: theoj246 - 24時間超過を検出 2025/07/12 15:51 → 2025/07/14 10:34 = 2563分
警告: theoj246 - 連続する開始時刻を検出、前のセッションを自動終了
警告: theoj246 - 開始時刻なしの終了 2025/08/06 13:33
エラー: ryo4ryo4n66 - 24時間超過を検出 2024/11/02 13:59 → 2024/11/03 15:36 = 1537分
警告: ryo4ryo4n66 - 連続する開始時刻を検出、前のセッションを自動終了
警告: ryo4ryo4n66 - 連続する開始時刻を検出、前のセッションを自動終了
警告: ryo4ryo4n66 - 開始時刻なしの終了 2025/03/11 14:15
警告: ryo4ryo4n66 - 連続する開始時刻を検出、前のセッションを自動終了
警告: ryo4ryo4n66 - 開始時刻なしの終了 2025/03/26 17:50
警告: ryo4ryo4n66 - 連続する開始時刻を検出、前のセッションを自動終了
警告: ryo4ryo4n66 - 連続する開始時刻を検出、前のセッションを自動終了
エラー: ryo4ryo4n66 - 24時間超過を検出 2025/05/10 15:56 → 2025/05/12 13:03 = 2707分
警告: ryo4ryo4n66 - 開始時刻なしの終了 2025/06/13 19:47
警告: ryo4ryo4n66 - 開始時刻なしの終了 2025/07/09 13:35
情報: A - 未完了のセッション 2024/09/25 13:22
警告: osaryo523778 - 連続する開始時刻を検出、前のセッションを自動終了
エラー: kimoppy126 - 24時間超過を検出 2025/05/25 15:05 → 2025/05/28 00:03 = 3418分
警告: kimoppy126 - 連続する開始時刻を検出、前のセッションを自動終了
警告: kimoppy126 - 連続する開始時刻を検出、前のセッションを自動終了
警告: kimoppy126 - 連続する開始時刻を検出、前のセッションを自動終了
警告: kimoppy126 - 連続する開始時刻を検出、前のセッションを自動終了
情報: kimoppy126 - 未完了のセッション 2025/08/01 00:16
警告: yuta.takasu - 連続する開始時刻を検出、前のセッションを自動終了
警告: yuta.takasu - 連続する開始時刻を検出、前のセッションを自動終了
警告: yuta.takasu - 連続する開始時刻を検出、前のセッションを自動終了
警告: hinako.tsutsumi2525 - 開始時刻なしの終了 2025/06/23 14:49
警告: ujwal.kumar252725 - 連続する開始時刻を検出、前のセッションを自動終了
警告: ujwal.kumar252725 - 開始時刻なしの終了 2025/07/10 23:18
警告: ujwal.kumar252725 - 開始時刻なしの終了 2025/07/15 18:31
警告: ujwal.kumar252725 - 開始時刻なしの終了 2025/07/16 11:59
警告: ujwal.kumar252725 - 開始時刻なしの終了 2025/07/18 21:49
警告: ujwal.kumar252725 - 連続する開始時刻を検出、前のセッションを自動終了
警告: ujwal.kumar252725 - 連続する開始時刻を検出、前のセッションを自動終了
情報: ujwal.kumar252725 - 未完了のセッション 2025/07/18 21:51
警告: kouki0802.ao - 開始時刻なしの終了 2025/06/20 17:11
警告: kouki0802.ao - 開始時刻なしの終了 2025/06/28 18:25
警告: kouki0802.ao - 開始時刻なしの終了 2025/07/03 17:13
エラー: kouki0802.ao - 24時間超過を検出 2025/07/04 17:50 → 2025/07/05 17:59 = 1449分
警告: kouki0802.ao - 連続する開始時刻を検出、前のセッションを自動終了
警告: kouki0802.ao - 連続する開始時刻を検出、前のセッションを自動終了
警告: kouki0802.ao - 開始時刻なしの終了 2025/08/05 18:18
警告: marikou180522 - 連続する開始時刻を検出、前のセッションを自動終了
情報: marikou180522 - 未完了のセッション 2025/08/11 00:25
INFO:     127.0.0.1:51188 - "GET /subpage/daily-chart?days=31&top_users=15 HTTP/1.1" 200 OK
INFO:     127.0.0.1:51187 - "GET /monitor/status HTTP/1.1" 200 OK
調整検出: Yohei Watanabe 2024/06/16 3:10 終了 → 03:10
調整検出: Yohei Watanabe 2024/06/27 0:07 開始 → 00:07
調整検出: Yohei Watanabe 2024/06/27 2:03 終了 → 02:03
調整検出: deerveryone 2024/07/12 8:50 開始：EB関連Notion管理（修正） → 08:50
調整検出: deerveryone 2024/07/12 9:20 終了 → 09:20
調整検出: lyuki093 2024/07/16 8:57 開始 → 08:57
調整検出: deerveryone 2024/07/16 9:38 開始 → 09:38
調整検出: deerveryone 2024/08/21 7:54 開始 → 07:54
調整検出: deerveryone 2024/08/21 9:02 終了 → 09:02
調整検出: deerveryone 2024/08/28 8:52 開始 → 08:52
調整検出: theoj246 2024/09/06 8:22 開始 → 08:22
調整検出: deerveryone 2024/09/06 9:20 開始（08:20に修正） → 09:20
調整検出: theoj246 2024/09/06 9:31 終了 → 09:31
調整検出: deerveryone 2024/09/09 9:45 開始 → 09:45
調整検出: deerveryone 2024/09/11 8:56 開始 → 08:56
調整検出: theoj246 2024/09/11 9:59 開始 → 09:59
調整検出: deerveryone 2024/09/11 9:40 終了 9:40 → 09:40
調整検出: theoj246 2024/09/18 0:16 終了 → 00:16
調整検出: deerveryone 2024/09/18 8:51 開始 → 08:51
調整検出: ryo4ryo4n66 2024/09/18 9:32 開始 → 09:32
調整検出: theoj246 2024/09/19 0:19 開始 → 00:19
調整検出: theoj246 2024/09/19 0:47 終了 → 00:47
調整検出: theoj246 2024/09/19 8:53 開始 → 08:53
調整検出: deerveryone 2024/09/21 9:15 開始 → 09:15
調整検出: ryo4ryo4n66 2024/09/21 9:38 開始 → 09:38
調整検出: ryo4ryo4n66 2024/09/23 0:23 開始 → 00:23
調整検出: deerveryone 2024/09/23 9:00 終了 → 09:00
調整検出: theoj246 2024/09/24 9:04 開始 → 09:04
調整検出: theoj246 2024/09/24 9:32 終了 → 09:32
調整検出: theoj246 2024/09/25 8:51 開始 → 08:51
調整検出: deerveryone 2024/09/27 9:08 開始 → 09:08
調整検出: theoj246 2024/10/06 0:45 開始 → 00:45
調整検出: theoj246 2024/10/06 1:46 終了 → 01:46
調整検出: theoj246 2024/10/07 0:05 終了 → 00:05
調整検出: theoj246 2024/10/09 0:52 開始 → 00:52
調整検出: theoj246 2024/10/09 1:19 終了 → 01:19
調整検出: theoj246 2024/10/09 9:06 開始 → 09:06
調整検出: theoj246 2024/10/09 9:58 終了 → 09:58
調整検出: theoj246 2024/10/11 9:23 開始 → 09:23
調整検出: theoj246 2024/10/13 0:29 開始 → 00:29
調整検出: theoj246 2024/10/13 1:29 終了 → 01:29
調整検出: theoj246 2024/10/13 9:31 開始 → 09:31
調整検出: osaryo523778 2024/10/17 1:18 終了 → 01:18
調整検出: theoj246 2024/10/17 8:58 開始 → 08:58
調整検出: theoj246 2024/10/17 9:43 終了 → 09:43
調整検出: osaryo523778 2024/10/18 0:00 終了 → 00:00
調整検出: theoj246 2024/10/18 9:11 開始 → 09:11
調整検出: theoj246 2024/10/20 9:53 開始 → 09:53
調整検出: osaryo523778 2024/10/21 1:10 終了 → 01:10
調整検出: osaryo523778 2024/10/21 8:03 開始 → 08:03
調整検出: theoj246 2024/10/23 8:43 開始 → 08:43
調整検出: theoj246 2024/10/23 9:40 終了 → 09:40
調整検出: osaryo523778 2024/10/26 2:53 s → 02:53
調整検出: osaryo523778 2024/10/26 4:53 f → 04:53
調整検出: theoj246 2024/10/27 0:24 s → 00:24
調整検出: theoj246 2024/10/27 1:30 f → 01:30
調整検出: theoj246 2024/10/28 0:17 s → 00:17
調整検出: theoj246 2024/10/28 1:34 f → 01:34
調整検出: ryo4ryo4n66 2024/10/29 0:57 f → 00:57
調整検出: theoj246 2024/11/04 0:02 s → 00:02
調整検出: theoj246 2024/11/04 0:18 f → 00:18
調整検出: theoj246 2024/11/08 0:51 f → 00:51
調整検出: theoj246 2024/11/10 1:26 f → 01:26
調整検出: ryo4ryo4n66 2024/11/12 0:15 f → 00:15
調整検出: osaryo523778 2024/11/16 1:34 s → 01:34
調整検出: ryo4ryo4n66 2024/11/16 2:52 f → 02:52
調整検出: osaryo523778 2024/11/16 4:21 f → 04:21
調整検出: osaryo523778 2024/11/17 0:43 f → 00:43
調整検出: theoj246 2024/11/18 0:13 s → 00:13
調整検出: theoj246 2024/11/18 0:41 f → 00:41
調整検出: theoj246 2024/11/21 0:49 f → 00:49
調整検出: theoj246 2024/11/23 2:08 f → 02:08
調整検出: theoj246 2024/11/24 1:11 f → 01:11
調整検出: osaryo523778 2024/11/26 0:26 f → 00:26
調整検出: theoj246 2024/11/28 0:49 f → 00:49
調整検出: theoj246 2024/11/29 1:33 f → 01:33
調整検出: osaryo523778 2024/12/03 1:49 f → 01:49
調整検出: ryo4ryo4n66 2024/12/06 0:53 s → 00:53
調整検出: ryo4ryo4n66 2024/12/06 2:20 f → 02:20
調整検出: osaryo523778 2024/12/10 1:17 s → 01:17
調整検出: osaryo523778 2024/12/10 3:27 f → 03:27
調整検出: theoj246 2024/12/10 8:32 s → 08:32
調整検出: theoj246 2024/12/11 9:46 s → 09:46
調整検出: theoj246 2024/12/14 9:01 s → 09:01
調整検出: info 2024/12/14 9:17 s → 09:17
調整検出: ryo4ryo4n66 2024/12/15 0:09 f → 00:09
調整検出: theoj246 2024/12/16 0:52 f → 00:52
調整検出: theoj246 2024/12/16 8:42 s → 08:42
調整検出: theoj246 2024/12/17 0:04 f → 00:04
調整検出: theoj246 2024/12/18 8:53 f -30s → 08:53
調整検出: theoj246 2024/12/18 8:53 s → 08:53
調整検出: theoj246 2024/12/19 1:03 f 22:00 → 01:03
調整検出: theoj246 2024/12/19 9:34 s → 09:34
調整検出: theoj246 2024/12/20 9:01 s → 09:01
調整検出: theoj246 2024/12/20 9:51 f → 09:51
調整検出: theoj246 2024/12/22 0:34 f → 00:34
調整検出: theoj246 2024/12/22 9:36 s → 09:36
調整検出: theoj246 2024/12/24 9:46 s → 09:46
調整検出: theoj246 2025/01/04 0:40 f → 00:40
調整検出: theoj246 2025/01/04 9:58 s → 09:58
調整検出: theoj246 2025/01/10 0:35 f → 00:35
調整検出: theoj246 2025/01/13 0:47 f → 00:47
調整検出: osaryo523778 2025/01/14 0:58 f → 00:58
調整検出: theoj246 2025/01/16 9:09 f - 21:00 → 09:09
調整検出: theoj246 2025/01/20 9:16 s → 09:16
調整検出: theoj246 2025/01/20 9:49 f → 09:49
調整検出: theoj246 2025/01/27 9:03 s → 09:03
調整検出: ryo4ryo4n66 2025/01/30 0:02 s → 00:02
調整検出: ryo4ryo4n66 2025/01/30 3:07 f → 03:07
調整検出: theoj246 2025/02/11 1:17 s → 01:17
調整検出: theoj246 2025/02/11 1:40 f → 01:40
調整検出: theoj246 2025/02/12 0:27 f → 00:27
調整検出: theoj246 2025/02/13 9:21 s → 09:21
調整検出: theoj246 2025/02/19 9:07 s → 09:07
調整検出: theoj246 2025/02/24 0:27 f → 00:27
調整検出: ryo4ryo4n66 2025/02/27 0:03 f → 00:03
調整検出: kimoppy126 2025/03/06 7:29 s → 07:29
調整検出: kimoppy126 2025/03/06 9:25 f → 09:25
調整検出: kimoppy126 2025/03/09 8:38 s → 08:38
調整検出: theoj246 2025/03/10 0:07 f → 00:07
調整検出: ryo4ryo4n66 2025/03/10 0:26 f → 00:26
調整検出: theoj246 2025/03/10 9:58 s → 09:58
調整検出: ryo4ryo4n66 2025/03/11 1:03 f -3:35 → 01:03
調整検出: theoj246 2025/03/11 1:09 f → 01:09
調整検出: theoj246 2025/03/11 9:47 s → 09:47
調整検出: theoj246 2025/03/12 0:07 f → 00:07
調整検出: theoj246 2025/03/18 0:25 f 20:20 → 00:25
調整検出: ryo4ryo4n66 2025/03/18 0:32 f 20:20 → 00:32
調整検出: ryo4ryo4n66 2025/03/18 0:32 s → 00:32
調整検出: theoj246 2025/03/18 1:13 s → 01:13
調整検出: theoj246 2025/03/18 1:35 f → 01:35
調整検出: ryo4ryo4n66 2025/03/18 1:50 f → 01:50
調整検出: ryo4ryo4n66 2025/03/22 1:18 s → 01:18
調整検出: ryo4ryo4n66 2025/03/22 2:09 f → 02:09
調整検出: theoj246 2025/03/22 5:06 f → 05:06
調整検出: theoj246 2025/03/24 0:11 f → 00:11
調整検出: theoj246 2025/03/26 0:11 s → 00:11
調整検出: theoj246 2025/03/26 1:07 f → 01:07
調整検出: ryo4ryo4n66 2025/03/26 1:11 s → 01:11
調整検出: ryo4ryo4n66 2025/03/26 1:59 f ＋ 180 → 01:59
調整検出: theoj246 2025/03/28 0:42 f → 00:42
調整検出: ryo4ryo4n66 2025/03/28 0:45 s → 00:45
調整検出: ryo4ryo4n66 2025/03/28 2:41 f → 02:41
調整検出: theoj246 2025/03/31 9:12 s → 09:12
調整検出: ryo4ryo4n66 2025/04/01 0:46 f → 00:46
調整検出: ryo4ryo4n66 2025/04/03 1:16 f → 01:16
調整検出: theoj246 2025/04/04 0:37 f → 00:37
調整検出: theoj246 2025/04/05 0:44 f → 00:44
調整検出: theoj246 2025/04/07 0:30 s → 00:30
調整検出: theoj246 2025/04/07 2:20 f → 02:20
調整検出: ryo4ryo4n66 2025/04/08 0:05 s → 00:05
調整検出: ryo4ryo4n66 2025/04/08 0:35 f → 00:35
調整検出: theoj246 2025/04/09 1:01 f → 01:01
調整検出: theoj246 2025/04/10 0:14 s → 00:14
調整検出: theoj246 2025/04/10 0:39 f → 00:39
調整検出: kimoppy126 2025/04/14 1:31 f → 01:31
調整検出: theoj246 2025/04/16 0:02 f → 00:02
調整検出: kimoppy126 2025/04/20 4:05 f → 04:05
調整検出: theoj246 2025/04/21 1:29 f → 01:29
調整検出: ryo4ryo4n66 2025/04/22 0:31 s → 00:31
調整検出: theoj246 2025/04/22 0:45 f → 00:45
調整検出: ryo4ryo4n66 2025/04/22 1:04 f → 01:04
調整検出: ryo4ryo4n66 2025/04/23 0:49 f → 00:49
調整検出: theoj246 2025/04/23 1:33 f → 01:33
調整検出: theoj246 2025/04/23 9:52 s → 09:52
調整検出: theoj246 2025/04/25 0:19 f → 00:19
調整検出: theoj246 2025/04/30 0:14 s → 00:14
調整検出: theoj246 2025/04/30 2:13 f → 02:13
調整検出: theoj246 2025/05/03 1:37 f → 01:37
調整検出: theoj246 2025/05/08 0:54 f → 00:54
調整検出: theoj246 2025/05/09 0:38 f → 00:38
調整検出: ryo4ryo4n66 2025/05/14 1:57 s → 01:57
調整検出: ryo4ryo4n66 2025/05/14 1:58 f60 → 01:58
調整検出: theoj246 2025/05/16 1:11 f → 01:11
調整検出: theoj246 2025/05/17 2:51 f → 02:51
調整検出: theoj246 2025/05/18 0:18 f → 00:18
調整検出: theoj246 2025/05/19 4:43 s → 04:43
調整検出: theoj246 2025/05/19 8:22 f → 08:22
調整検出: theoj246 2025/05/21 9:22 s → 09:22
調整検出: theoj246 2025/05/22 9:16 s → 09:16
調整検出: ryo4ryo4n66 2025/05/23 0:40 s → 00:40
調整検出: ryo4ryo4n66 2025/05/23 2:15 f → 02:15
調整検出: theoj246 2025/05/23 9:34 s → 09:34
調整検出: ryo4ryo4n66 2025/05/24 0:09 s → 00:09
調整検出: ryo4ryo4n66 2025/05/24 1:17 f → 01:17
調整検出: theoj246 2025/05/24 8:51 s → 08:51
調整検出: theoj246 2025/05/26 8:47 s → 08:47
調整検出: ryo4ryo4n66 2025/05/27 1:36 s → 01:36
調整検出: ryo4ryo4n66 2025/05/27 3:04 f → 03:04
調整検出: kimoppy126 2025/05/28 0:03 f 5/25 19:00 → 00:03
調整検出: theoj246 2025/05/28 0:43 f → 00:43
調整検出: theoj246 2025/05/28 9:56 s → 09:56
調整検出: theoj246 2025/05/29 0:41 s → 00:41
調整検出: theoj246 2025/05/29 2:22 f → 02:22
調整検出: ryo4ryo4n66 2025/05/31 0:58 f → 00:58
調整検出: ryo4ryo4n66 2025/06/02 0:08 s → 00:08
調整検出: ryo4ryo4n66 2025/06/02 2:12 f → 02:12
調整検出: hinako.tsutsumi2525 2025/06/05 1:51 s → 01:51
調整検出: theoj246 2025/06/05 1:57 f → 01:57
調整検出: hinako.tsutsumi2525 2025/06/05 2:28 f → 02:28
調整検出: ujwal.kumar252725 2025/06/05 8:00 f 23:30 → 08:00
調整検出: hinako.tsutsumi2525 2025/06/06 2:15 s → 02:15
調整検出: hinako.tsutsumi2525 2025/06/06 3:24 f → 03:24
調整検出: hinako.tsutsumi2525 2025/06/07 0:22 s → 00:22
調整検出: hinako.tsutsumi2525 2025/06/07 0:57 f → 00:57
調整検出: hinako.tsutsumi2525 2025/06/07 1:45 s → 01:45
調整検出: hinako.tsutsumi2525 2025/06/07 2:08 f → 02:08
調整検出: ujwal.kumar252725 2025/06/09 9:32 f 17:30 → 09:32
調整検出: theoj246 2025/06/10 3:09 f 2:00 → 03:09
調整検出: hinako.tsutsumi2525 2025/06/11 1:05 s → 01:05
調整検出: theoj246 2025/06/11 1:43 f → 01:43
調整検出: hinako.tsutsumi2525 2025/06/11 1:53 f → 01:53
調整検出: ujwal.kumar252725 2025/06/14 8:15 f 11:30 → 08:15
調整検出: hinako.tsutsumi2525 2025/06/16 9:05 s → 09:05
調整検出: ryo4ryo4n66 2025/06/17 1:47 s → 01:47
調整検出: hinako.tsutsumi2525 2025/06/17 2:00 s → 02:00
調整検出: hinako.tsutsumi2525 2025/06/17 2:53 f → 02:53
調整検出: ryo4ryo4n66 2025/06/17 3:51 f → 03:51
調整検出: hinako.tsutsumi2525 2025/06/18 1:32 s → 01:32
調整検出: theoj246 2025/06/18 2:21 f → 02:21
調整検出: hinako.tsutsumi2525 2025/06/18 2:36 f → 02:36
調整検出: hinako.tsutsumi2525 2025/06/19 1:27 s → 01:27
調整検出: hinako.tsutsumi2525 2025/06/19 4:03 f → 04:03
調整検出: hinako.tsutsumi2525 2025/06/20 0:02 s → 00:02
調整検出: hinako.tsutsumi2525 2025/06/20 0:37 f → 00:37
調整検出: hinako.tsutsumi2525 2025/06/21 0:08 s → 00:08
調整検出: theoj246 2025/06/21 0:58 s → 00:58
調整検出: theoj246 2025/06/21 1:56 f → 01:56
調整検出: hinako.tsutsumi2525 2025/06/21 2:19 f → 02:19
調整検出: hinako.tsutsumi2525 2025/06/22 1:56 s → 01:56
調整検出: hinako.tsutsumi2525 2025/06/22 2:39 f → 02:39
調整検出: hinako.tsutsumi2525 2025/06/23 9:43 s → 09:43
調整検出: kouki0802.ao 2025/06/24 0:43 s 00:00 → 00:43
調整検出: kouki0802.ao 2025/06/24 0:44 f 00:30 → 00:44
調整検出: theoj246 2025/06/24 2:31 f → 02:31
調整検出: theoj246 2025/06/25 0:57 f → 00:57
調整検出: ryo4ryo4n66 2025/06/26 0:37 s → 00:37
調整検出: hinako.tsutsumi2525 2025/06/26 1:12 s → 01:12
調整検出: ryo4ryo4n66 2025/06/26 2:23 f → 02:23
調整検出: hinako.tsutsumi2525 2025/06/26 3:48 f → 03:48
調整検出: hinako.tsutsumi2525 2025/06/26 4:44 s → 04:44
調整検出: hinako.tsutsumi2525 2025/06/26 4:51 f → 04:51
調整検出: theoj246 2025/06/29 0:33 f → 00:33
調整検出: hinako.tsutsumi2525 2025/06/29 2:00 s → 02:00
調整検出: hinako.tsutsumi2525 2025/06/29 2:17 f → 02:17
調整検出: kimoppy126 2025/06/30 1:42 f → 01:42
調整検出: theoj246 2025/06/30 2:55 f → 02:55
調整検出: hinako.tsutsumi2525 2025/07/01 2:46 s → 02:46
調整検出: hinako.tsutsumi2525 2025/07/01 4:05 f → 04:05
調整検出: hinako.tsutsumi2525 2025/07/02 9:27 s → 09:27
調整検出: theoj246 2025/07/04 4:17 f → 04:17
調整検出: theoj246 2025/07/04 4:59 s → 04:59
調整検出: theoj246 2025/07/04 6:48 f → 06:48
調整検出: theoj246 2025/07/04 7:20 s → 07:20
調整検出: theoj246 2025/07/04 7:53 f → 07:53
調整検出: hinako.tsutsumi2525 2025/07/07 3:46 s → 03:46
調整検出: hinako.tsutsumi2525 2025/07/07 4:09 f → 04:09
調整検出: hinako.tsutsumi2525 2025/07/08 0:54 s → 00:54
調整検出: hinako.tsutsumi2525 2025/07/08 2:03 f → 02:03
調整検出: ryo4ryo4n66 2025/07/09 0:36 f → 00:36
調整検出: kimoppy126 2025/07/09 0:57 s → 00:57
調整検出: hinako.tsutsumi2525 2025/07/09 9:50 s → 09:50
調整検出: ryo4ryo4n66 2025/07/10 0:14 s → 00:14
調整検出: ryo4ryo4n66 2025/07/10 1:04 f → 01:04
調整検出: kouki0802.ao 2025/07/11 1:30 s 1:00 → 01:30
調整検出: kouki0802.ao 2025/07/11 2:50 f → 02:50
調整検出: theoj246 2025/07/15 0:12 f → 00:12
調整検出: ryo4ryo4n66 2025/07/17 1:12 s → 01:12
調整検出: ryo4ryo4n66 2025/07/17 1:46 f +72 → 01:46
調整検出: hinako.tsutsumi2525 2025/07/19 1:44 s → 01:44
調整検出: hinako.tsutsumi2525 2025/07/19 2:32 f → 02:32
調整検出: kouki0802.ao 2025/07/19 2:40 s +20 → 02:40
調整検出: kouki0802.ao 2025/07/19 3:17 f → 03:17
調整検出: kouki0802.ao 2025/07/21 0:16 s → 00:16
調整検出: kouki0802.ao 2025/07/21 0:52 f → 00:52
調整検出: hinako.tsutsumi2525 2025/07/23 3:56 s → 03:56
調整検出: hinako.tsutsumi2525 2025/07/23 4:28 f → 04:28
調整検出: theoj246 2025/07/25 1:20 f → 01:20
調整検出: hinako.tsutsumi2525 2025/07/25 2:42 s → 02:42
調整検出: ryo4ryo4n66 2025/07/25 2:46 f → 02:46
調整検出: hinako.tsutsumi2525 2025/07/25 4:14 f → 04:14
調整検出: erin.isozu 2025/07/26 0:34 f → 00:34
調整検出: theoj246 2025/07/27 0:17 s → 00:17
調整検出: theoj246 2025/07/27 2:32 f → 02:32
調整検出: hinako.tsutsumi2525 2025/07/28 1:19 s → 01:19
調整検出: hinako.tsutsumi2525 2025/07/28 2:37 f → 02:37
調整検出: yuta.takasu 2025/07/28 9:14 s aoki → 09:14
調整検出: yuta.takasu 2025/07/28 9:26 f aoki → 09:26
調整検出: kouki0802.ao 2025/07/30 0:14 f 18:21 → 00:14
調整検出: ryo4ryo4n66 2025/07/30 0:16 f → 00:16
調整検出: kouki0802.ao 2025/07/30 0:17 s → 00:17
調整検出: kouki0802.ao 2025/07/30 1:57 f → 01:57
調整検出: ryo4ryo4n66 2025/07/31 0:40 s → 00:40
調整検出: ryo4ryo4n66 2025/07/31 3:35 f → 03:35
調整検出: yuta.takasu 2025/07/31 9:19 s aoki → 09:19
調整検出: yuta.takasu 2025/07/31 9:34 f aoki → 09:34
調整検出: hinako.tsutsumi2525 2025/07/31 9:38 s → 09:38
調整検出: kouki0802.ao 2025/08/01 0:13 f → 00:13
調整検出: kimoppy126 2025/08/01 0:16 s → 00:16
調整検出: ryo4ryo4n66 2025/08/04 0:19 s → 00:19
調整検出: ryo4ryo4n66 2025/08/04 1:10 f +90 → 01:10
調整検出: erin.isozu 2025/08/05 1:52 f → 01:52
メッセージから調整検出: f-20 → -20分調整
調整検出: marikou180522 2025/08/06 19:39 f-20 → 19:19
調整検出: ryo4ryo4n66 2025/08/07 0:57 s → 00:57
調整検出: marikou180522 2025/08/07 1:01 f → 01:01
調整検出: erin.isozu 2025/08/07 2:07 s → 02:07
調整検出: ryo4ryo4n66 2025/08/07 3:14 f → 03:14
調整検出: erin.isozu 2025/08/07 4:12 f → 04:12
メッセージから調整検出: s+60 → 60分調整
調整検出: marikou180522 2025/08/07 19:32 s+60 → 18:32
メッセージから調整検出: s+20 → 20分調整
調整検出: marikou180522 2025/08/07 23:58 s+20 → 23:38
調整検出: ryo4ryo4n66 2025/08/08 0:36 s → 00:36
調整検出: marikou180522 2025/08/08 0:47 f → 00:47
調整検出: theoj246 2025/08/08 1:38 f → 01:38
調整検出: ryo4ryo4n66 2025/08/08 4:40 f → 04:40
調整検出: marikou180522 2025/08/08 6:04 s → 06:04
調整検出: marikou180522 2025/08/08 8:00 f → 08:00
メッセージから調整検出: f-45 → -45分調整
調整検出: marikou180522 2025/08/08 19:30 f-45 → 18:45
調整検出: erin.isozu 2025/08/09 0:17 s → 00:17
調整検出: ryo4ryo4n66 2025/08/09 0:48 s → 00:48
調整検出: erin.isozu 2025/08/09 1:50 f → 01:50
調整検出: ryo4ryo4n66 2025/08/09 2:52 f → 02:52
調整検出: erin.isozu 2025/08/09 4:44 s → 04:44
調整検出: erin.isozu 2025/08/09 6:08 f -40 → 06:08
調整検出: theoj246 2025/08/09 9:30 s → 09:30
調整検出: erin.isozu 2025/08/10 0:14 f → 00:14
調整検出: erin.isozu 2025/08/10 0:46 s → 00:46
調整検出: erin.isozu 2025/08/10 2:09 f → 02:09
調整検出: erin.isozu 2025/08/10 4:12 s → 04:12
調整検出: erin.isozu 2025/08/10 6:33 f → 06:33
調整検出: kouki0802.ao 2025/08/11 0:10 f → 00:10
調整検出: erin.isozu 2025/08/11 1:04 f → 01:04
メッセージから調整検出: s+90 → 90分調整
調整検出: marikou180522 2025/08/11 1:55 s+90 → 00:25
警告: Yohei Watanabe - 開始時刻なしの終了 2024/06/21 21:30
警告: Yohei Watanabe - 連続する開始時刻を検出、前のセッションを自動終了
警告: deerveryone - 開始時刻なしの終了 2024/09/05 18:54
警告: deerveryone - 開始時刻なしの終了 2024/09/05 21:10
警告: info - 開始時刻なしの終了 2024/10/31 18:03
警告: info - 連続する開始時刻を検出、前のセッションを自動終了
エラー: info - 24時間超過を検出 2024/12/14 09:17 → 2025/05/20 13:44 = 226347分
警告: info - 開始時刻なしの終了 2025/07/18 21:49
情報: info - 未完了のセッション 2025/07/18 21:51
警告: theoj246 - 連続する開始時刻を検出、前のセッションを自動終了
警告: theoj246 - 開始時刻なしの終了 2025/03/06 16:51
警告: theoj246 - 連続する開始時刻を検出、前のセッションを自動終了
警告: theoj246 - 開始時刻なしの終了 2025/03/10 17:58
警告: theoj246 - 開始時刻なしの終了 2025/03/10 19:05
警告: theoj246 - 連続する開始時刻を検出、前のセッションを自動終了
警告: theoj246 - 開始時刻なしの終了 2025/03/11 01:09
警告: theoj246 - 連続する開始時刻を検出、前のセッションを自動終了
警告: theoj246 - 連続する開始時刻を検出、前のセッションを自動終了
エラー: theoj246 - 24時間超過を検出 2025/07/12 15:51 → 2025/07/14 10:34 = 2563分
警告: theoj246 - 連続する開始時刻を検出、前のセッションを自動終了
警告: theoj246 - 開始時刻なしの終了 2025/08/06 13:33
エラー: ryo4ryo4n66 - 24時間超過を検出 2024/11/02 13:59 → 2024/11/03 15:36 = 1537分
警告: ryo4ryo4n66 - 連続する開始時刻を検出、前のセッションを自動終了
警告: ryo4ryo4n66 - 連続する開始時刻を検出、前のセッションを自動終了
警告: ryo4ryo4n66 - 開始時刻なしの終了 2025/03/11 14:15
警告: ryo4ryo4n66 - 連続する開始時刻を検出、前のセッションを自動終了
警告: ryo4ryo4n66 - 開始時刻なしの終了 2025/03/26 17:50
警告: ryo4ryo4n66 - 連続する開始時刻を検出、前のセッションを自動終了
警告: ryo4ryo4n66 - 連続する開始時刻を検出、前のセッションを自動終了
エラー: ryo4ryo4n66 - 24時間超過を検出 2025/05/10 15:56 → 2025/05/12 13:03 = 2707分
警告: ryo4ryo4n66 - 開始時刻なしの終了 2025/06/13 19:47
警告: ryo4ryo4n66 - 開始時刻なしの終了 2025/07/09 13:35
情報: A - 未完了のセッション 2024/09/25 13:22
警告: osaryo523778 - 連続する開始時刻を検出、前のセッションを自動終了
エラー: kimoppy126 - 24時間超過を検出 2025/05/25 15:05 → 2025/05/28 00:03 = 3418分
警告: kimoppy126 - 連続する開始時刻を検出、前のセッションを自動終了
警告: kimoppy126 - 連続する開始時刻を検出、前のセッションを自動終了
警告: kimoppy126 - 連続する開始時刻を検出、前のセッションを自動終了
警告: kimoppy126 - 連続する開始時刻を検出、前のセッションを自動終了
情報: kimoppy126 - 未完了のセッション 2025/08/01 00:16
警告: yuta.takasu - 連続する開始時刻を検出、前のセッションを自動終了
警告: yuta.takasu - 連続する開始時刻を検出、前のセッションを自動終了
警告: yuta.takasu - 連続する開始時刻を検出、前のセッションを自動終了
警告: hinako.tsutsumi2525 - 開始時刻なしの終了 2025/06/23 14:49
警告: ujwal.kumar252725 - 連続する開始時刻を検出、前のセッションを自動終了
警告: ujwal.kumar252725 - 開始時刻なしの終了 2025/07/10 23:18
警告: ujwal.kumar252725 - 開始時刻なしの終了 2025/07/15 18:31
警告: ujwal.kumar252725 - 開始時刻なしの終了 2025/07/16 11:59
警告: ujwal.kumar252725 - 開始時刻なしの終了 2025/07/18 21:49
警告: ujwal.kumar252725 - 連続する開始時刻を検出、前のセッションを自動終了
警告: ujwal.kumar252725 - 連続する開始時刻を検出、前のセッションを自動終了
情報: ujwal.kumar252725 - 未完了のセッション 2025/07/18 21:51
警告: kouki0802.ao - 開始時刻なしの終了 2025/06/20 17:11
警告: kouki0802.ao - 開始時刻なしの終了 2025/06/28 18:25
警告: kouki0802.ao - 開始時刻なしの終了 2025/07/03 17:13
エラー: kouki0802.ao - 24時間超過を検出 2025/07/04 17:50 → 2025/07/05 17:59 = 1449分
警告: kouki0802.ao - 連続する開始時刻を検出、前のセッションを自動終了
警告: kouki0802.ao - 連続する開始時刻を検出、前のセッションを自動終了
警告: kouki0802.ao - 開始時刻なしの終了 2025/08/05 18:18
警告: marikou180522 - 連続する開始時刻を検出、前のセッションを自動終了
情報: marikou180522 - 未完了のセッション 2025/08/11 00:25
INFO:     127.0.0.1:51187 - "GET /subpage/daily-chart?days=31&top_users=15 HTTP/1.1" 200 OK
INFO:     127.0.0.1:51188 - "GET /monitor/status HTTP/1.1" 200 OK
INFO:     127.0.0.1:51223 - "POST /monitor/start HTTP/1.1" 200 OK
Google Sheets監視を開始しました（30秒間隔）
CSVデータ読み込み完了: 15人のユーザー、2349件の勤怠データ
[07:43:58] Google Sheetsのデータが更新されました
調整検出: Yohei Watanabe 2024/06/16 3:10 終了 → 03:10
調整検出: Yohei Watanabe 2024/06/27 0:07 開始 → 00:07
調整検出: Yohei Watanabe 2024/06/27 2:03 終了 → 02:03
調整検出: deerveryone 2024/07/12 8:50 開始：EB関連Notion管理（修正） → 08:50
調整検出: deerveryone 2024/07/12 9:20 終了 → 09:20
調整検出: lyuki093 2024/07/16 8:57 開始 → 08:57
調整検出: deerveryone 2024/07/16 9:38 開始 → 09:38
調整検出: deerveryone 2024/08/21 7:54 開始 → 07:54
調整検出: deerveryone 2024/08/21 9:02 終了 → 09:02
調整検出: deerveryone 2024/08/28 8:52 開始 → 08:52
調整検出: theoj246 2024/09/06 8:22 開始 → 08:22
調整検出: deerveryone 2024/09/06 9:20 開始（08:20に修正） → 09:20
調整検出: theoj246 2024/09/06 9:31 終了 → 09:31
調整検出: deerveryone 2024/09/09 9:45 開始 → 09:45
調整検出: deerveryone 2024/09/11 8:56 開始 → 08:56
調整検出: theoj246 2024/09/11 9:59 開始 → 09:59
調整検出: deerveryone 2024/09/11 9:40 終了 9:40 → 09:40
調整検出: theoj246 2024/09/18 0:16 終了 → 00:16
調整検出: deerveryone 2024/09/18 8:51 開始 → 08:51
調整検出: ryo4ryo4n66 2024/09/18 9:32 開始 → 09:32
調整検出: theoj246 2024/09/19 0:19 開始 → 00:19
調整検出: theoj246 2024/09/19 0:47 終了 → 00:47
調整検出: theoj246 2024/09/19 8:53 開始 → 08:53
調整検出: deerveryone 2024/09/21 9:15 開始 → 09:15
調整検出: ryo4ryo4n66 2024/09/21 9:38 開始 → 09:38
調整検出: ryo4ryo4n66 2024/09/23 0:23 開始 → 00:23
調整検出: deerveryone 2024/09/23 9:00 終了 → 09:00
調整検出: theoj246 2024/09/24 9:04 開始 → 09:04
調整検出: theoj246 2024/09/24 9:32 終了 → 09:32
調整検出: theoj246 2024/09/25 8:51 開始 → 08:51
調整検出: deerveryone 2024/09/27 9:08 開始 → 09:08
調整検出: theoj246 2024/10/06 0:45 開始 → 00:45
調整検出: theoj246 2024/10/06 1:46 終了 → 01:46
調整検出: theoj246 2024/10/07 0:05 終了 → 00:05
調整検出: theoj246 2024/10/09 0:52 開始 → 00:52
調整検出: theoj246 2024/10/09 1:19 終了 → 01:19
調整検出: theoj246 2024/10/09 9:06 開始 → 09:06
調整検出: theoj246 2024/10/09 9:58 終了 → 09:58
調整検出: theoj246 2024/10/11 9:23 開始 → 09:23
調整検出: theoj246 2024/10/13 0:29 開始 → 00:29
調整検出: theoj246 2024/10/13 1:29 終了 → 01:29
調整検出: theoj246 2024/10/13 9:31 開始 → 09:31
調整検出: osaryo523778 2024/10/17 1:18 終了 → 01:18
調整検出: theoj246 2024/10/17 8:58 開始 → 08:58
調整検出: theoj246 2024/10/17 9:43 終了 → 09:43
調整検出: osaryo523778 2024/10/18 0:00 終了 → 00:00
調整検出: theoj246 2024/10/18 9:11 開始 → 09:11
調整検出: theoj246 2024/10/20 9:53 開始 → 09:53
調整検出: osaryo523778 2024/10/21 1:10 終了 → 01:10
調整検出: osaryo523778 2024/10/21 8:03 開始 → 08:03
調整検出: theoj246 2024/10/23 8:43 開始 → 08:43
調整検出: theoj246 2024/10/23 9:40 終了 → 09:40
調整検出: osaryo523778 2024/10/26 2:53 s → 02:53
調整検出: osaryo523778 2024/10/26 4:53 f → 04:53
調整検出: theoj246 2024/10/27 0:24 s → 00:24
調整検出: theoj246 2024/10/27 1:30 f → 01:30
調整検出: theoj246 2024/10/28 0:17 s → 00:17
調整検出: theoj246 2024/10/28 1:34 f → 01:34
調整検出: ryo4ryo4n66 2024/10/29 0:57 f → 00:57
調整検出: theoj246 2024/11/04 0:02 s → 00:02
調整検出: theoj246 2024/11/04 0:18 f → 00:18
調整検出: theoj246 2024/11/08 0:51 f → 00:51
調整検出: theoj246 2024/11/10 1:26 f → 01:26
調整検出: ryo4ryo4n66 2024/11/12 0:15 f → 00:15
調整検出: osaryo523778 2024/11/16 1:34 s → 01:34
調整検出: ryo4ryo4n66 2024/11/16 2:52 f → 02:52
調整検出: osaryo523778 2024/11/16 4:21 f → 04:21
調整検出: osaryo523778 2024/11/17 0:43 f → 00:43
調整検出: theoj246 2024/11/18 0:13 s → 00:13
調整検出: theoj246 2024/11/18 0:41 f → 00:41
調整検出: theoj246 2024/11/21 0:49 f → 00:49
調整検出: theoj246 2024/11/23 2:08 f → 02:08
調整検出: theoj246 2024/11/24 1:11 f → 01:11
調整検出: osaryo523778 2024/11/26 0:26 f → 00:26
調整検出: theoj246 2024/11/28 0:49 f → 00:49
調整検出: theoj246 2024/11/29 1:33 f → 01:33
調整検出: osaryo523778 2024/12/03 1:49 f → 01:49
調整検出: ryo4ryo4n66 2024/12/06 0:53 s → 00:53
調整検出: ryo4ryo4n66 2024/12/06 2:20 f → 02:20
調整検出: osaryo523778 2024/12/10 1:17 s → 01:17
調整検出: osaryo523778 2024/12/10 3:27 f → 03:27
調整検出: theoj246 2024/12/10 8:32 s → 08:32
調整検出: theoj246 2024/12/11 9:46 s → 09:46
調整検出: theoj246 2024/12/14 9:01 s → 09:01
調整検出: info 2024/12/14 9:17 s → 09:17
調整検出: ryo4ryo4n66 2024/12/15 0:09 f → 00:09
調整検出: theoj246 2024/12/16 0:52 f → 00:52
調整検出: theoj246 2024/12/16 8:42 s → 08:42
調整検出: theoj246 2024/12/17 0:04 f → 00:04
調整検出: theoj246 2024/12/18 8:53 f -30s → 08:53
調整検出: theoj246 2024/12/18 8:53 s → 08:53
調整検出: theoj246 2024/12/19 1:03 f 22:00 → 01:03
調整検出: theoj246 2024/12/19 9:34 s → 09:34
調整検出: theoj246 2024/12/20 9:01 s → 09:01
調整検出: theoj246 2024/12/20 9:51 f → 09:51
調整検出: theoj246 2024/12/22 0:34 f → 00:34
調整検出: theoj246 2024/12/22 9:36 s → 09:36
調整検出: theoj246 2024/12/24 9:46 s → 09:46
調整検出: theoj246 2025/01/04 0:40 f → 00:40
調整検出: theoj246 2025/01/04 9:58 s → 09:58
調整検出: theoj246 2025/01/10 0:35 f → 00:35
調整検出: theoj246 2025/01/13 0:47 f → 00:47
調整検出: osaryo523778 2025/01/14 0:58 f → 00:58
調整検出: theoj246 2025/01/16 9:09 f - 21:00 → 09:09
調整検出: theoj246 2025/01/20 9:16 s → 09:16
調整検出: theoj246 2025/01/20 9:49 f → 09:49
調整検出: theoj246 2025/01/27 9:03 s → 09:03
調整検出: ryo4ryo4n66 2025/01/30 0:02 s → 00:02
調整検出: ryo4ryo4n66 2025/01/30 3:07 f → 03:07
調整検出: theoj246 2025/02/11 1:17 s → 01:17
調整検出: theoj246 2025/02/11 1:40 f → 01:40
調整検出: theoj246 2025/02/12 0:27 f → 00:27
調整検出: theoj246 2025/02/13 9:21 s → 09:21
調整検出: theoj246 2025/02/19 9:07 s → 09:07
調整検出: theoj246 2025/02/24 0:27 f → 00:27
調整検出: ryo4ryo4n66 2025/02/27 0:03 f → 00:03
調整検出: kimoppy126 2025/03/06 7:29 s → 07:29
調整検出: kimoppy126 2025/03/06 9:25 f → 09:25
調整検出: kimoppy126 2025/03/09 8:38 s → 08:38
調整検出: theoj246 2025/03/10 0:07 f → 00:07
調整検出: ryo4ryo4n66 2025/03/10 0:26 f → 00:26
調整検出: theoj246 2025/03/10 9:58 s → 09:58
調整検出: ryo4ryo4n66 2025/03/11 1:03 f -3:35 → 01:03
調整検出: theoj246 2025/03/11 1:09 f → 01:09
調整検出: theoj246 2025/03/11 9:47 s → 09:47
調整検出: theoj246 2025/03/12 0:07 f → 00:07
調整検出: theoj246 2025/03/18 0:25 f 20:20 → 00:25
調整検出: ryo4ryo4n66 2025/03/18 0:32 f 20:20 → 00:32
調整検出: ryo4ryo4n66 2025/03/18 0:32 s → 00:32
調整検出: theoj246 2025/03/18 1:13 s → 01:13
調整検出: theoj246 2025/03/18 1:35 f → 01:35
調整検出: ryo4ryo4n66 2025/03/18 1:50 f → 01:50
調整検出: ryo4ryo4n66 2025/03/22 1:18 s → 01:18
調整検出: ryo4ryo4n66 2025/03/22 2:09 f → 02:09
調整検出: theoj246 2025/03/22 5:06 f → 05:06
調整検出: theoj246 2025/03/24 0:11 f → 00:11
調整検出: theoj246 2025/03/26 0:11 s → 00:11
調整検出: theoj246 2025/03/26 1:07 f → 01:07
調整検出: ryo4ryo4n66 2025/03/26 1:11 s → 01:11
調整検出: ryo4ryo4n66 2025/03/26 1:59 f ＋ 180 → 01:59
調整検出: theoj246 2025/03/28 0:42 f → 00:42
調整検出: ryo4ryo4n66 2025/03/28 0:45 s → 00:45
調整検出: ryo4ryo4n66 2025/03/28 2:41 f → 02:41
調整検出: theoj246 2025/03/31 9:12 s → 09:12
調整検出: ryo4ryo4n66 2025/04/01 0:46 f → 00:46
調整検出: ryo4ryo4n66 2025/04/03 1:16 f → 01:16
調整検出: theoj246 2025/04/04 0:37 f → 00:37
調整検出: theoj246 2025/04/05 0:44 f → 00:44
調整検出: theoj246 2025/04/07 0:30 s → 00:30
調整検出: theoj246 2025/04/07 2:20 f → 02:20
調整検出: ryo4ryo4n66 2025/04/08 0:05 s → 00:05
調整検出: ryo4ryo4n66 2025/04/08 0:35 f → 00:35
調整検出: theoj246 2025/04/09 1:01 f → 01:01
調整検出: theoj246 2025/04/10 0:14 s → 00:14
調整検出: theoj246 2025/04/10 0:39 f → 00:39
調整検出: kimoppy126 2025/04/14 1:31 f → 01:31
調整検出: theoj246 2025/04/16 0:02 f → 00:02
調整検出: kimoppy126 2025/04/20 4:05 f → 04:05
調整検出: theoj246 2025/04/21 1:29 f → 01:29
調整検出: ryo4ryo4n66 2025/04/22 0:31 s → 00:31
調整検出: theoj246 2025/04/22 0:45 f → 00:45
調整検出: ryo4ryo4n66 2025/04/22 1:04 f → 01:04
調整検出: ryo4ryo4n66 2025/04/23 0:49 f → 00:49
調整検出: theoj246 2025/04/23 1:33 f → 01:33
調整検出: theoj246 2025/04/23 9:52 s → 09:52
調整検出: theoj246 2025/04/25 0:19 f → 00:19
調整検出: theoj246 2025/04/30 0:14 s → 00:14
調整検出: theoj246 2025/04/30 2:13 f → 02:13
調整検出: theoj246 2025/05/03 1:37 f → 01:37
調整検出: theoj246 2025/05/08 0:54 f → 00:54
調整検出: theoj246 2025/05/09 0:38 f → 00:38
調整検出: ryo4ryo4n66 2025/05/14 1:57 s → 01:57
調整検出: ryo4ryo4n66 2025/05/14 1:58 f60 → 01:58
調整検出: theoj246 2025/05/16 1:11 f → 01:11
調整検出: theoj246 2025/05/17 2:51 f → 02:51
調整検出: theoj246 2025/05/18 0:18 f → 00:18
調整検出: theoj246 2025/05/19 4:43 s → 04:43
調整検出: theoj246 2025/05/19 8:22 f → 08:22
調整検出: theoj246 2025/05/21 9:22 s → 09:22
調整検出: theoj246 2025/05/22 9:16 s → 09:16
調整検出: ryo4ryo4n66 2025/05/23 0:40 s → 00:40
調整検出: ryo4ryo4n66 2025/05/23 2:15 f → 02:15
調整検出: theoj246 2025/05/23 9:34 s → 09:34
調整検出: ryo4ryo4n66 2025/05/24 0:09 s → 00:09
調整検出: ryo4ryo4n66 2025/05/24 1:17 f → 01:17
調整検出: theoj246 2025/05/24 8:51 s → 08:51
調整検出: theoj246 2025/05/26 8:47 s → 08:47
調整検出: ryo4ryo4n66 2025/05/27 1:36 s → 01:36
調整検出: ryo4ryo4n66 2025/05/27 3:04 f → 03:04
調整検出: kimoppy126 2025/05/28 0:03 f 5/25 19:00 → 00:03
調整検出: theoj246 2025/05/28 0:43 f → 00:43
調整検出: theoj246 2025/05/28 9:56 s → 09:56
調整検出: theoj246 2025/05/29 0:41 s → 00:41
調整検出: theoj246 2025/05/29 2:22 f → 02:22
調整検出: ryo4ryo4n66 2025/05/31 0:58 f → 00:58
調整検出: ryo4ryo4n66 2025/06/02 0:08 s → 00:08
調整検出: ryo4ryo4n66 2025/06/02 2:12 f → 02:12
調整検出: hinako.tsutsumi2525 2025/06/05 1:51 s → 01:51
調整検出: theoj246 2025/06/05 1:57 f → 01:57
調整検出: hinako.tsutsumi2525 2025/06/05 2:28 f → 02:28
調整検出: ujwal.kumar252725 2025/06/05 8:00 f 23:30 → 08:00
調整検出: hinako.tsutsumi2525 2025/06/06 2:15 s → 02:15
調整検出: hinako.tsutsumi2525 2025/06/06 3:24 f → 03:24
調整検出: hinako.tsutsumi2525 2025/06/07 0:22 s → 00:22
調整検出: hinako.tsutsumi2525 2025/06/07 0:57 f → 00:57
調整検出: hinako.tsutsumi2525 2025/06/07 1:45 s → 01:45
調整検出: hinako.tsutsumi2525 2025/06/07 2:08 f → 02:08
調整検出: ujwal.kumar252725 2025/06/09 9:32 f 17:30 → 09:32
調整検出: theoj246 2025/06/10 3:09 f 2:00 → 03:09
調整検出: hinako.tsutsumi2525 2025/06/11 1:05 s → 01:05
調整検出: theoj246 2025/06/11 1:43 f → 01:43
調整検出: hinako.tsutsumi2525 2025/06/11 1:53 f → 01:53
調整検出: ujwal.kumar252725 2025/06/14 8:15 f 11:30 → 08:15
調整検出: hinako.tsutsumi2525 2025/06/16 9:05 s → 09:05
調整検出: ryo4ryo4n66 2025/06/17 1:47 s → 01:47
調整検出: hinako.tsutsumi2525 2025/06/17 2:00 s → 02:00
調整検出: hinako.tsutsumi2525 2025/06/17 2:53 f → 02:53
調整検出: ryo4ryo4n66 2025/06/17 3:51 f → 03:51
調整検出: hinako.tsutsumi2525 2025/06/18 1:32 s → 01:32
調整検出: theoj246 2025/06/18 2:21 f → 02:21
調整検出: hinako.tsutsumi2525 2025/06/18 2:36 f → 02:36
調整検出: hinako.tsutsumi2525 2025/06/19 1:27 s → 01:27
調整検出: hinako.tsutsumi2525 2025/06/19 4:03 f → 04:03
調整検出: hinako.tsutsumi2525 2025/06/20 0:02 s → 00:02
調整検出: hinako.tsutsumi2525 2025/06/20 0:37 f → 00:37
調整検出: hinako.tsutsumi2525 2025/06/21 0:08 s → 00:08
調整検出: theoj246 2025/06/21 0:58 s → 00:58
調整検出: theoj246 2025/06/21 1:56 f → 01:56
調整検出: hinako.tsutsumi2525 2025/06/21 2:19 f → 02:19
調整検出: hinako.tsutsumi2525 2025/06/22 1:56 s → 01:56
調整検出: hinako.tsutsumi2525 2025/06/22 2:39 f → 02:39
調整検出: hinako.tsutsumi2525 2025/06/23 9:43 s → 09:43
調整検出: kouki0802.ao 2025/06/24 0:43 s 00:00 → 00:43
調整検出: kouki0802.ao 2025/06/24 0:44 f 00:30 → 00:44
調整検出: theoj246 2025/06/24 2:31 f → 02:31
調整検出: theoj246 2025/06/25 0:57 f → 00:57
調整検出: ryo4ryo4n66 2025/06/26 0:37 s → 00:37
調整検出: hinako.tsutsumi2525 2025/06/26 1:12 s → 01:12
調整検出: ryo4ryo4n66 2025/06/26 2:23 f → 02:23
調整検出: hinako.tsutsumi2525 2025/06/26 3:48 f → 03:48
調整検出: hinako.tsutsumi2525 2025/06/26 4:44 s → 04:44
調整検出: hinako.tsutsumi2525 2025/06/26 4:51 f → 04:51
調整検出: theoj246 2025/06/29 0:33 f → 00:33
調整検出: hinako.tsutsumi2525 2025/06/29 2:00 s → 02:00
調整検出: hinako.tsutsumi2525 2025/06/29 2:17 f → 02:17
調整検出: kimoppy126 2025/06/30 1:42 f → 01:42
調整検出: theoj246 2025/06/30 2:55 f → 02:55
調整検出: hinako.tsutsumi2525 2025/07/01 2:46 s → 02:46
調整検出: hinako.tsutsumi2525 2025/07/01 4:05 f → 04:05
調整検出: hinako.tsutsumi2525 2025/07/02 9:27 s → 09:27
調整検出: theoj246 2025/07/04 4:17 f → 04:17
調整検出: theoj246 2025/07/04 4:59 s → 04:59
調整検出: theoj246 2025/07/04 6:48 f → 06:48
調整検出: theoj246 2025/07/04 7:20 s → 07:20
調整検出: theoj246 2025/07/04 7:53 f → 07:53
調整検出: hinako.tsutsumi2525 2025/07/07 3:46 s → 03:46
調整検出: hinako.tsutsumi2525 2025/07/07 4:09 f → 04:09
調整検出: hinako.tsutsumi2525 2025/07/08 0:54 s → 00:54
調整検出: hinako.tsutsumi2525 2025/07/08 2:03 f → 02:03
調整検出: ryo4ryo4n66 2025/07/09 0:36 f → 00:36
調整検出: kimoppy126 2025/07/09 0:57 s → 00:57
調整検出: hinako.tsutsumi2525 2025/07/09 9:50 s → 09:50
調整検出: ryo4ryo4n66 2025/07/10 0:14 s → 00:14
調整検出: ryo4ryo4n66 2025/07/10 1:04 f → 01:04
調整検出: kouki0802.ao 2025/07/11 1:30 s 1:00 → 01:30
調整検出: kouki0802.ao 2025/07/11 2:50 f → 02:50
調整検出: theoj246 2025/07/15 0:12 f → 00:12
調整検出: ryo4ryo4n66 2025/07/17 1:12 s → 01:12
調整検出: ryo4ryo4n66 2025/07/17 1:46 f +72 → 01:46
調整検出: hinako.tsutsumi2525 2025/07/19 1:44 s → 01:44
調整検出: hinako.tsutsumi2525 2025/07/19 2:32 f → 02:32
調整検出: kouki0802.ao 2025/07/19 2:40 s +20 → 02:40
調整検出: kouki0802.ao 2025/07/19 3:17 f → 03:17
調整検出: kouki0802.ao 2025/07/21 0:16 s → 00:16
調整検出: kouki0802.ao 2025/07/21 0:52 f → 00:52
調整検出: hinako.tsutsumi2525 2025/07/23 3:56 s → 03:56
調整検出: hinako.tsutsumi2525 2025/07/23 4:28 f → 04:28
調整検出: theoj246 2025/07/25 1:20 f → 01:20
調整検出: hinako.tsutsumi2525 2025/07/25 2:42 s → 02:42
調整検出: ryo4ryo4n66 2025/07/25 2:46 f → 02:46
調整検出: hinako.tsutsumi2525 2025/07/25 4:14 f → 04:14
調整検出: erin.isozu 2025/07/26 0:34 f → 00:34
調整検出: theoj246 2025/07/27 0:17 s → 00:17
調整検出: theoj246 2025/07/27 2:32 f → 02:32
調整検出: hinako.tsutsumi2525 2025/07/28 1:19 s → 01:19
調整検出: hinako.tsutsumi2525 2025/07/28 2:37 f → 02:37
調整検出: yuta.takasu 2025/07/28 9:14 s aoki → 09:14
調整検出: yuta.takasu 2025/07/28 9:26 f aoki → 09:26
調整検出: kouki0802.ao 2025/07/30 0:14 f 18:21 → 00:14
調整検出: ryo4ryo4n66 2025/07/30 0:16 f → 00:16
調整検出: kouki0802.ao 2025/07/30 0:17 s → 00:17
調整検出: kouki0802.ao 2025/07/30 1:57 f → 01:57
調整検出: ryo4ryo4n66 2025/07/31 0:40 s → 00:40
調整検出: ryo4ryo4n66 2025/07/31 3:35 f → 03:35
調整検出: yuta.takasu 2025/07/31 9:19 s aoki → 09:19
調整検出: yuta.takasu 2025/07/31 9:34 f aoki → 09:34
調整検出: hinako.tsutsumi2525 2025/07/31 9:38 s → 09:38
調整検出: kouki0802.ao 2025/08/01 0:13 f → 00:13
調整検出: kimoppy126 2025/08/01 0:16 s → 00:16
調整検出: ryo4ryo4n66 2025/08/04 0:19 s → 00:19
調整検出: ryo4ryo4n66 2025/08/04 1:10 f +90 → 01:10
調整検出: erin.isozu 2025/08/05 1:52 f → 01:52
メッセージから調整検出: f-20 → -20分調整
調整検出: marikou180522 2025/08/06 19:39 f-20 → 19:19
調整検出: ryo4ryo4n66 2025/08/07 0:57 s → 00:57
調整検出: marikou180522 2025/08/07 1:01 f → 01:01
調整検出: erin.isozu 2025/08/07 2:07 s → 02:07
調整検出: ryo4ryo4n66 2025/08/07 3:14 f → 03:14
調整検出: erin.isozu 2025/08/07 4:12 f → 04:12
メッセージから調整検出: s+60 → 60分調整
調整検出: marikou180522 2025/08/07 19:32 s+60 → 18:32
メッセージから調整検出: s+20 → 20分調整
調整検出: marikou180522 2025/08/07 23:58 s+20 → 23:38
調整検出: ryo4ryo4n66 2025/08/08 0:36 s → 00:36
調整検出: marikou180522 2025/08/08 0:47 f → 00:47
調整検出: theoj246 2025/08/08 1:38 f → 01:38
調整検出: ryo4ryo4n66 2025/08/08 4:40 f → 04:40
調整検出: marikou180522 2025/08/08 6:04 s → 06:04
調整検出: marikou180522 2025/08/08 8:00 f → 08:00
メッセージから調整検出: f-45 → -45分調整
調整検出: marikou180522 2025/08/08 19:30 f-45 → 18:45
調整検出: erin.isozu 2025/08/09 0:17 s → 00:17
調整検出: ryo4ryo4n66 2025/08/09 0:48 s → 00:48
調整検出: erin.isozu 2025/08/09 1:50 f → 01:50
調整検出: ryo4ryo4n66 2025/08/09 2:52 f → 02:52
調整検出: erin.isozu 2025/08/09 4:44 s → 04:44
調整検出: erin.isozu 2025/08/09 6:08 f -40 → 06:08
調整検出: theoj246 2025/08/09 9:30 s → 09:30
調整検出: erin.isozu 2025/08/10 0:14 f → 00:14
調整検出: erin.isozu 2025/08/10 0:46 s → 00:46
調整検出: erin.isozu 2025/08/10 2:09 f → 02:09
調整検出: erin.isozu 2025/08/10 4:12 s → 04:12
調整検出: erin.isozu 2025/08/10 6:33 f → 06:33
調整検出: kouki0802.ao 2025/08/11 0:10 f → 00:10
調整検出: erin.isozu 2025/08/11 1:04 f → 01:04
メッセージから調整検出: s+90 → 90分調整
調整検出: marikou180522 2025/08/11 1:55 s+90 → 00:25
警告: Yohei Watanabe - 開始時刻なしの終了 2024/06/21 21:30
警告: Yohei Watanabe - 連続する開始時刻を検出、前のセッションを自動終了
警告: deerveryone - 開始時刻なしの終了 2024/09/05 18:54
警告: deerveryone - 開始時刻なしの終了 2024/09/05 21:10
警告: info - 開始時刻なしの終了 2024/10/31 18:03
警告: info - 連続する開始時刻を検出、前のセッションを自動終了
エラー: info - 24時間超過を検出 2024/12/14 09:17 → 2025/05/20 13:44 = 226347分
警告: info - 開始時刻なしの終了 2025/07/18 21:49
情報: info - 未完了のセッション 2025/07/18 21:51
警告: theoj246 - 連続する開始時刻を検出、前のセッションを自動終了
警告: theoj246 - 開始時刻なしの終了 2025/03/06 16:51
警告: theoj246 - 連続する開始時刻を検出、前のセッションを自動終了
警告: theoj246 - 開始時刻なしの終了 2025/03/10 17:58
警告: theoj246 - 開始時刻なしの終了 2025/03/10 19:05
警告: theoj246 - 連続する開始時刻を検出、前のセッションを自動終了
警告: theoj246 - 開始時刻なしの終了 2025/03/11 01:09
警告: theoj246 - 連続する開始時刻を検出、前のセッションを自動終了
警告: theoj246 - 連続する開始時刻を検出、前のセッションを自動終了
エラー: theoj246 - 24時間超過を検出 2025/07/12 15:51 → 2025/07/14 10:34 = 2563分
警告: theoj246 - 連続する開始時刻を検出、前のセッションを自動終了
警告: theoj246 - 開始時刻なしの終了 2025/08/06 13:33
エラー: ryo4ryo4n66 - 24時間超過を検出 2024/11/02 13:59 → 2024/11/03 15:36 = 1537分
警告: ryo4ryo4n66 - 連続する開始時刻を検出、前のセッションを自動終了
警告: ryo4ryo4n66 - 連続する開始時刻を検出、前のセッションを自動終了
警告: ryo4ryo4n66 - 開始時刻なしの終了 2025/03/11 14:15
警告: ryo4ryo4n66 - 連続する開始時刻を検出、前のセッションを自動終了
警告: ryo4ryo4n66 - 開始時刻なしの終了 2025/03/26 17:50
警告: ryo4ryo4n66 - 連続する開始時刻を検出、前のセッションを自動終了
警告: ryo4ryo4n66 - 連続する開始時刻を検出、前のセッションを自動終了
エラー: ryo4ryo4n66 - 24時間超過を検出 2025/05/10 15:56 → 2025/05/12 13:03 = 2707分
警告: ryo4ryo4n66 - 開始時刻なしの終了 2025/06/13 19:47
警告: ryo4ryo4n66 - 開始時刻なしの終了 2025/07/09 13:35
情報: A - 未完了のセッション 2024/09/25 13:22
警告: osaryo523778 - 連続する開始時刻を検出、前のセッションを自動終了
エラー: kimoppy126 - 24時間超過を検出 2025/05/25 15:05 → 2025/05/28 00:03 = 3418分
警告: kimoppy126 - 連続する開始時刻を検出、前のセッションを自動終了
警告: kimoppy126 - 連続する開始時刻を検出、前のセッションを自動終了
警告: kimoppy126 - 連続する開始時刻を検出、前のセッションを自動終了
警告: kimoppy126 - 連続する開始時刻を検出、前のセッションを自動終了
情報: kimoppy126 - 未完了のセッション 2025/08/01 00:16
警告: yuta.takasu - 連続する開始時刻を検出、前のセッションを自動終了
警告: yuta.takasu - 連続する開始時刻を検出、前のセッションを自動終了
警告: yuta.takasu - 連続する開始時刻を検出、前のセッションを自動終了
警告: hinako.tsutsumi2525 - 開始時刻なしの終了 2025/06/23 14:49
警告: ujwal.kumar252725 - 連続する開始時刻を検出、前のセッションを自動終了
警告: ujwal.kumar252725 - 開始時刻なしの終了 2025/07/10 23:18
警告: ujwal.kumar252725 - 開始時刻なしの終了 2025/07/15 18:31
警告: ujwal.kumar252725 - 開始時刻なしの終了 2025/07/16 11:59
警告: ujwal.kumar252725 - 開始時刻なしの終了 2025/07/18 21:49
警告: ujwal.kumar252725 - 連続する開始時刻を検出、前のセッションを自動終了
警告: ujwal.kumar252725 - 連続する開始時刻を検出、前のセッションを自動終了
情報: ujwal.kumar252725 - 未完了のセッション 2025/07/18 21:51
警告: kouki0802.ao - 開始時刻なしの終了 2025/06/20 17:11
警告: kouki0802.ao - 開始時刻なしの終了 2025/06/28 18:25
警告: kouki0802.ao - 開始時刻なしの終了 2025/07/03 17:13
エラー: kouki0802.ao - 24時間超過を検出 2025/07/04 17:50 → 2025/07/05 17:59 = 1449分
警告: kouki0802.ao - 連続する開始時刻を検出、前のセッションを自動終了
警告: kouki0802.ao - 連続する開始時刻を検出、前のセッションを自動終了
警告: kouki0802.ao - 開始時刻なしの終了 2025/08/05 18:18
警告: marikou180522 - 連続する開始時刻を検出、前のセッションを自動終了
情報: marikou180522 - 未完了のセッション 2025/08/11 00:25
INFO:     127.0.0.1:51223 - "GET /subpage/daily-chart?days=31&top_users=15 HTTP/1.1" 200 OK
INFO:     127.0.0.1:51236 - "GET /monitor/status HTTP/1.1" 200 OK
調整検出: Yohei Watanabe 2024/06/16 3:10 終了 → 03:10
調整検出: Yohei Watanabe 2024/06/27 0:07 開始 → 00:07
調整検出: Yohei Watanabe 2024/06/27 2:03 終了 → 02:03
調整検出: deerveryone 2024/07/12 8:50 開始：EB関連Notion管理（修正） → 08:50
調整検出: deerveryone 2024/07/12 9:20 終了 → 09:20
調整検出: lyuki093 2024/07/16 8:57 開始 → 08:57
調整検出: deerveryone 2024/07/16 9:38 開始 → 09:38
調整検出: deerveryone 2024/08/21 7:54 開始 → 07:54
調整検出: deerveryone 2024/08/21 9:02 終了 → 09:02
調整検出: deerveryone 2024/08/28 8:52 開始 → 08:52
調整検出: theoj246 2024/09/06 8:22 開始 → 08:22
調整検出: deerveryone 2024/09/06 9:20 開始（08:20に修正） → 09:20
調整検出: theoj246 2024/09/06 9:31 終了 → 09:31
調整検出: deerveryone 2024/09/09 9:45 開始 → 09:45
調整検出: deerveryone 2024/09/11 8:56 開始 → 08:56
調整検出: theoj246 2024/09/11 9:59 開始 → 09:59
調整検出: deerveryone 2024/09/11 9:40 終了 9:40 → 09:40
調整検出: theoj246 2024/09/18 0:16 終了 → 00:16
調整検出: deerveryone 2024/09/18 8:51 開始 → 08:51
調整検出: ryo4ryo4n66 2024/09/18 9:32 開始 → 09:32
調整検出: theoj246 2024/09/19 0:19 開始 → 00:19
調整検出: theoj246 2024/09/19 0:47 終了 → 00:47
調整検出: theoj246 2024/09/19 8:53 開始 → 08:53
調整検出: deerveryone 2024/09/21 9:15 開始 → 09:15
調整検出: ryo4ryo4n66 2024/09/21 9:38 開始 → 09:38
調整検出: ryo4ryo4n66 2024/09/23 0:23 開始 → 00:23
調整検出: deerveryone 2024/09/23 9:00 終了 → 09:00
調整検出: theoj246 2024/09/24 9:04 開始 → 09:04
調整検出: theoj246 2024/09/24 9:32 終了 → 09:32
調整検出: theoj246 2024/09/25 8:51 開始 → 08:51
調整検出: deerveryone 2024/09/27 9:08 開始 → 09:08
調整検出: theoj246 2024/10/06 0:45 開始 → 00:45
調整検出: theoj246 2024/10/06 1:46 終了 → 01:46
調整検出: theoj246 2024/10/07 0:05 終了 → 00:05
調整検出: theoj246 2024/10/09 0:52 開始 → 00:52
調整検出: theoj246 2024/10/09 1:19 終了 → 01:19
調整検出: theoj246 2024/10/09 9:06 開始 → 09:06
調整検出: theoj246 2024/10/09 9:58 終了 → 09:58
調整検出: theoj246 2024/10/11 9:23 開始 → 09:23
調整検出: theoj246 2024/10/13 0:29 開始 → 00:29
調整検出: theoj246 2024/10/13 1:29 終了 → 01:29
調整検出: theoj246 2024/10/13 9:31 開始 → 09:31
調整検出: osaryo523778 2024/10/17 1:18 終了 → 01:18
調整検出: theoj246 2024/10/17 8:58 開始 → 08:58
調整検出: theoj246 2024/10/17 9:43 終了 → 09:43
調整検出: osaryo523778 2024/10/18 0:00 終了 → 00:00
調整検出: theoj246 2024/10/18 9:11 開始 → 09:11
調整検出: theoj246 2024/10/20 9:53 開始 → 09:53
調整検出: osaryo523778 2024/10/21 1:10 終了 → 01:10
調整検出: osaryo523778 2024/10/21 8:03 開始 → 08:03
調整検出: theoj246 2024/10/23 8:43 開始 → 08:43
調整検出: theoj246 2024/10/23 9:40 終了 → 09:40
調整検出: osaryo523778 2024/10/26 2:53 s → 02:53
調整検出: osaryo523778 2024/10/26 4:53 f → 04:53
調整検出: theoj246 2024/10/27 0:24 s → 00:24
調整検出: theoj246 2024/10/27 1:30 f → 01:30
調整検出: theoj246 2024/10/28 0:17 s → 00:17
調整検出: theoj246 2024/10/28 1:34 f → 01:34
調整検出: ryo4ryo4n66 2024/10/29 0:57 f → 00:57
調整検出: theoj246 2024/11/04 0:02 s → 00:02
調整検出: theoj246 2024/11/04 0:18 f → 00:18
調整検出: theoj246 2024/11/08 0:51 f → 00:51
調整検出: theoj246 2024/11/10 1:26 f → 01:26
調整検出: ryo4ryo4n66 2024/11/12 0:15 f → 00:15
調整検出: osaryo523778 2024/11/16 1:34 s → 01:34
調整検出: ryo4ryo4n66 2024/11/16 2:52 f → 02:52
調整検出: osaryo523778 2024/11/16 4:21 f → 04:21
調整検出: osaryo523778 2024/11/17 0:43 f → 00:43
調整検出: theoj246 2024/11/18 0:13 s → 00:13
調整検出: theoj246 2024/11/18 0:41 f → 00:41
調整検出: theoj246 2024/11/21 0:49 f → 00:49
調整検出: theoj246 2024/11/23 2:08 f → 02:08
調整検出: theoj246 2024/11/24 1:11 f → 01:11
調整検出: osaryo523778 2024/11/26 0:26 f → 00:26
調整検出: theoj246 2024/11/28 0:49 f → 00:49
調整検出: theoj246 2024/11/29 1:33 f → 01:33
調整検出: osaryo523778 2024/12/03 1:49 f → 01:49
調整検出: ryo4ryo4n66 2024/12/06 0:53 s → 00:53
調整検出: ryo4ryo4n66 2024/12/06 2:20 f → 02:20
調整検出: osaryo523778 2024/12/10 1:17 s → 01:17
調整検出: osaryo523778 2024/12/10 3:27 f → 03:27
調整検出: theoj246 2024/12/10 8:32 s → 08:32
調整検出: theoj246 2024/12/11 9:46 s → 09:46
調整検出: theoj246 2024/12/14 9:01 s → 09:01
調整検出: info 2024/12/14 9:17 s → 09:17
調整検出: ryo4ryo4n66 2024/12/15 0:09 f → 00:09
調整検出: theoj246 2024/12/16 0:52 f → 00:52
調整検出: theoj246 2024/12/16 8:42 s → 08:42
調整検出: theoj246 2024/12/17 0:04 f → 00:04
調整検出: theoj246 2024/12/18 8:53 f -30s → 08:53
調整検出: theoj246 2024/12/18 8:53 s → 08:53
調整検出: theoj246 2024/12/19 1:03 f 22:00 → 01:03
調整検出: theoj246 2024/12/19 9:34 s → 09:34
調整検出: theoj246 2024/12/20 9:01 s → 09:01
調整検出: theoj246 2024/12/20 9:51 f → 09:51
調整検出: theoj246 2024/12/22 0:34 f → 00:34
調整検出: theoj246 2024/12/22 9:36 s → 09:36
調整検出: theoj246 2024/12/24 9:46 s → 09:46
調整検出: theoj246 2025/01/04 0:40 f → 00:40
調整検出: theoj246 2025/01/04 9:58 s → 09:58
調整検出: theoj246 2025/01/10 0:35 f → 00:35
調整検出: theoj246 2025/01/13 0:47 f → 00:47
調整検出: osaryo523778 2025/01/14 0:58 f → 00:58
調整検出: theoj246 2025/01/16 9:09 f - 21:00 → 09:09
調整検出: theoj246 2025/01/20 9:16 s → 09:16
調整検出: theoj246 2025/01/20 9:49 f → 09:49
調整検出: theoj246 2025/01/27 9:03 s → 09:03
調整検出: ryo4ryo4n66 2025/01/30 0:02 s → 00:02
調整検出: ryo4ryo4n66 2025/01/30 3:07 f → 03:07
調整検出: theoj246 2025/02/11 1:17 s → 01:17
調整検出: theoj246 2025/02/11 1:40 f → 01:40
調整検出: theoj246 2025/02/12 0:27 f → 00:27
調整検出: theoj246 2025/02/13 9:21 s → 09:21
調整検出: theoj246 2025/02/19 9:07 s → 09:07
調整検出: theoj246 2025/02/24 0:27 f → 00:27
調整検出: ryo4ryo4n66 2025/02/27 0:03 f → 00:03
調整検出: kimoppy126 2025/03/06 7:29 s → 07:29
調整検出: kimoppy126 2025/03/06 9:25 f → 09:25
調整検出: kimoppy126 2025/03/09 8:38 s → 08:38
調整検出: theoj246 2025/03/10 0:07 f → 00:07
調整検出: ryo4ryo4n66 2025/03/10 0:26 f → 00:26
調整検出: theoj246 2025/03/10 9:58 s → 09:58
調整検出: ryo4ryo4n66 2025/03/11 1:03 f -3:35 → 01:03
調整検出: theoj246 2025/03/11 1:09 f → 01:09
調整検出: theoj246 2025/03/11 9:47 s → 09:47
調整検出: theoj246 2025/03/12 0:07 f → 00:07
調整検出: theoj246 2025/03/18 0:25 f 20:20 → 00:25
調整検出: ryo4ryo4n66 2025/03/18 0:32 f 20:20 → 00:32
調整検出: ryo4ryo4n66 2025/03/18 0:32 s → 00:32
調整検出: theoj246 2025/03/18 1:13 s → 01:13
調整検出: theoj246 2025/03/18 1:35 f → 01:35
調整検出: ryo4ryo4n66 2025/03/18 1:50 f → 01:50
調整検出: ryo4ryo4n66 2025/03/22 1:18 s → 01:18
調整検出: ryo4ryo4n66 2025/03/22 2:09 f → 02:09
調整検出: theoj246 2025/03/22 5:06 f → 05:06
調整検出: theoj246 2025/03/24 0:11 f → 00:11
調整検出: theoj246 2025/03/26 0:11 s → 00:11
調整検出: theoj246 2025/03/26 1:07 f → 01:07
調整検出: ryo4ryo4n66 2025/03/26 1:11 s → 01:11
調整検出: ryo4ryo4n66 2025/03/26 1:59 f ＋ 180 → 01:59
調整検出: theoj246 2025/03/28 0:42 f → 00:42
調整検出: ryo4ryo4n66 2025/03/28 0:45 s → 00:45
調整検出: ryo4ryo4n66 2025/03/28 2:41 f → 02:41
調整検出: theoj246 2025/03/31 9:12 s → 09:12
調整検出: ryo4ryo4n66 2025/04/01 0:46 f → 00:46
調整検出: ryo4ryo4n66 2025/04/03 1:16 f → 01:16
調整検出: theoj246 2025/04/04 0:37 f → 00:37
調整検出: theoj246 2025/04/05 0:44 f → 00:44
調整検出: theoj246 2025/04/07 0:30 s → 00:30
調整検出: theoj246 2025/04/07 2:20 f → 02:20
調整検出: ryo4ryo4n66 2025/04/08 0:05 s → 00:05
調整検出: ryo4ryo4n66 2025/04/08 0:35 f → 00:35
調整検出: theoj246 2025/04/09 1:01 f → 01:01
調整検出: theoj246 2025/04/10 0:14 s → 00:14
調整検出: theoj246 2025/04/10 0:39 f → 00:39
調整検出: kimoppy126 2025/04/14 1:31 f → 01:31
調整検出: theoj246 2025/04/16 0:02 f → 00:02
調整検出: kimoppy126 2025/04/20 4:05 f → 04:05
調整検出: theoj246 2025/04/21 1:29 f → 01:29
調整検出: ryo4ryo4n66 2025/04/22 0:31 s → 00:31
調整検出: theoj246 2025/04/22 0:45 f → 00:45
調整検出: ryo4ryo4n66 2025/04/22 1:04 f → 01:04
調整検出: ryo4ryo4n66 2025/04/23 0:49 f → 00:49
調整検出: theoj246 2025/04/23 1:33 f → 01:33
調整検出: theoj246 2025/04/23 9:52 s → 09:52
調整検出: theoj246 2025/04/25 0:19 f → 00:19
調整検出: theoj246 2025/04/30 0:14 s → 00:14
調整検出: theoj246 2025/04/30 2:13 f → 02:13
調整検出: theoj246 2025/05/03 1:37 f → 01:37
調整検出: theoj246 2025/05/08 0:54 f → 00:54
調整検出: theoj246 2025/05/09 0:38 f → 00:38
調整検出: ryo4ryo4n66 2025/05/14 1:57 s → 01:57
調整検出: ryo4ryo4n66 2025/05/14 1:58 f60 → 01:58
調整検出: theoj246 2025/05/16 1:11 f → 01:11
調整検出: theoj246 2025/05/17 2:51 f → 02:51
調整検出: theoj246 2025/05/18 0:18 f → 00:18
調整検出: theoj246 2025/05/19 4:43 s → 04:43
調整検出: theoj246 2025/05/19 8:22 f → 08:22
調整検出: theoj246 2025/05/21 9:22 s → 09:22
調整検出: theoj246 2025/05/22 9:16 s → 09:16
調整検出: ryo4ryo4n66 2025/05/23 0:40 s → 00:40
調整検出: ryo4ryo4n66 2025/05/23 2:15 f → 02:15
調整検出: theoj246 2025/05/23 9:34 s → 09:34
調整検出: ryo4ryo4n66 2025/05/24 0:09 s → 00:09
調整検出: ryo4ryo4n66 2025/05/24 1:17 f → 01:17
調整検出: theoj246 2025/05/24 8:51 s → 08:51
調整検出: theoj246 2025/05/26 8:47 s → 08:47
調整検出: ryo4ryo4n66 2025/05/27 1:36 s → 01:36
調整検出: ryo4ryo4n66 2025/05/27 3:04 f → 03:04
調整検出: kimoppy126 2025/05/28 0:03 f 5/25 19:00 → 00:03
調整検出: theoj246 2025/05/28 0:43 f → 00:43
調整検出: theoj246 2025/05/28 9:56 s → 09:56
調整検出: theoj246 2025/05/29 0:41 s → 00:41
調整検出: theoj246 2025/05/29 2:22 f → 02:22
調整検出: ryo4ryo4n66 2025/05/31 0:58 f → 00:58
調整検出: ryo4ryo4n66 2025/06/02 0:08 s → 00:08
調整検出: ryo4ryo4n66 2025/06/02 2:12 f → 02:12
調整検出: hinako.tsutsumi2525 2025/06/05 1:51 s → 01:51
調整検出: theoj246 2025/06/05 1:57 f → 01:57
調整検出: hinako.tsutsumi2525 2025/06/05 2:28 f → 02:28
調整検出: ujwal.kumar252725 2025/06/05 8:00 f 23:30 → 08:00
調整検出: hinako.tsutsumi2525 2025/06/06 2:15 s → 02:15
調整検出: hinako.tsutsumi2525 2025/06/06 3:24 f → 03:24
調整検出: hinako.tsutsumi2525 2025/06/07 0:22 s → 00:22
調整検出: hinako.tsutsumi2525 2025/06/07 0:57 f → 00:57
調整検出: hinako.tsutsumi2525 2025/06/07 1:45 s → 01:45
調整検出: hinako.tsutsumi2525 2025/06/07 2:08 f → 02:08
調整検出: ujwal.kumar252725 2025/06/09 9:32 f 17:30 → 09:32
調整検出: theoj246 2025/06/10 3:09 f 2:00 → 03:09
調整検出: hinako.tsutsumi2525 2025/06/11 1:05 s → 01:05
調整検出: theoj246 2025/06/11 1:43 f → 01:43
調整検出: hinako.tsutsumi2525 2025/06/11 1:53 f → 01:53
調整検出: ujwal.kumar252725 2025/06/14 8:15 f 11:30 → 08:15
調整検出: hinako.tsutsumi2525 2025/06/16 9:05 s → 09:05
調整検出: ryo4ryo4n66 2025/06/17 1:47 s → 01:47
調整検出: hinako.tsutsumi2525 2025/06/17 2:00 s → 02:00
調整検出: hinako.tsutsumi2525 2025/06/17 2:53 f → 02:53
調整検出: ryo4ryo4n66 2025/06/17 3:51 f → 03:51
調整検出: hinako.tsutsumi2525 2025/06/18 1:32 s → 01:32
調整検出: theoj246 2025/06/18 2:21 f → 02:21
調整検出: hinako.tsutsumi2525 2025/06/18 2:36 f → 02:36
調整検出: hinako.tsutsumi2525 2025/06/19 1:27 s → 01:27
調整検出: hinako.tsutsumi2525 2025/06/19 4:03 f → 04:03
調整検出: hinako.tsutsumi2525 2025/06/20 0:02 s → 00:02
調整検出: hinako.tsutsumi2525 2025/06/20 0:37 f → 00:37
調整検出: hinako.tsutsumi2525 2025/06/21 0:08 s → 00:08
調整検出: theoj246 2025/06/21 0:58 s → 00:58
調整検出: theoj246 2025/06/21 1:56 f → 01:56
調整検出: hinako.tsutsumi2525 2025/06/21 2:19 f → 02:19
調整検出: hinako.tsutsumi2525 2025/06/22 1:56 s → 01:56
調整検出: hinako.tsutsumi2525 2025/06/22 2:39 f → 02:39
調整検出: hinako.tsutsumi2525 2025/06/23 9:43 s → 09:43
調整検出: kouki0802.ao 2025/06/24 0:43 s 00:00 → 00:43
調整検出: kouki0802.ao 2025/06/24 0:44 f 00:30 → 00:44
調整検出: theoj246 2025/06/24 2:31 f → 02:31
調整検出: theoj246 2025/06/25 0:57 f → 00:57
調整検出: ryo4ryo4n66 2025/06/26 0:37 s → 00:37
調整検出: hinako.tsutsumi2525 2025/06/26 1:12 s → 01:12
調整検出: ryo4ryo4n66 2025/06/26 2:23 f → 02:23
調整検出: hinako.tsutsumi2525 2025/06/26 3:48 f → 03:48
調整検出: hinako.tsutsumi2525 2025/06/26 4:44 s → 04:44
調整検出: hinako.tsutsumi2525 2025/06/26 4:51 f → 04:51
調整検出: theoj246 2025/06/29 0:33 f → 00:33
調整検出: hinako.tsutsumi2525 2025/06/29 2:00 s → 02:00
調整検出: hinako.tsutsumi2525 2025/06/29 2:17 f → 02:17
調整検出: kimoppy126 2025/06/30 1:42 f → 01:42
調整検出: theoj246 2025/06/30 2:55 f → 02:55
調整検出: hinako.tsutsumi2525 2025/07/01 2:46 s → 02:46
調整検出: hinako.tsutsumi2525 2025/07/01 4:05 f → 04:05
調整検出: hinako.tsutsumi2525 2025/07/02 9:27 s → 09:27
調整検出: theoj246 2025/07/04 4:17 f → 04:17
調整検出: theoj246 2025/07/04 4:59 s → 04:59
調整検出: theoj246 2025/07/04 6:48 f → 06:48
調整検出: theoj246 2025/07/04 7:20 s → 07:20
調整検出: theoj246 2025/07/04 7:53 f → 07:53
調整検出: hinako.tsutsumi2525 2025/07/07 3:46 s → 03:46
調整検出: hinako.tsutsumi2525 2025/07/07 4:09 f → 04:09
調整検出: hinako.tsutsumi2525 2025/07/08 0:54 s → 00:54
調整検出: hinako.tsutsumi2525 2025/07/08 2:03 f → 02:03
調整検出: ryo4ryo4n66 2025/07/09 0:36 f → 00:36
調整検出: kimoppy126 2025/07/09 0:57 s → 00:57
調整検出: hinako.tsutsumi2525 2025/07/09 9:50 s → 09:50
調整検出: ryo4ryo4n66 2025/07/10 0:14 s → 00:14
調整検出: ryo4ryo4n66 2025/07/10 1:04 f → 01:04
調整検出: kouki0802.ao 2025/07/11 1:30 s 1:00 → 01:30
調整検出: kouki0802.ao 2025/07/11 2:50 f → 02:50
調整検出: theoj246 2025/07/15 0:12 f → 00:12
調整検出: ryo4ryo4n66 2025/07/17 1:12 s → 01:12
調整検出: ryo4ryo4n66 2025/07/17 1:46 f +72 → 01:46
調整検出: hinako.tsutsumi2525 2025/07/19 1:44 s → 01:44
調整検出: hinako.tsutsumi2525 2025/07/19 2:32 f → 02:32
調整検出: kouki0802.ao 2025/07/19 2:40 s +20 → 02:40
調整検出: kouki0802.ao 2025/07/19 3:17 f → 03:17
調整検出: kouki0802.ao 2025/07/21 0:16 s → 00:16
調整検出: kouki0802.ao 2025/07/21 0:52 f → 00:52
調整検出: hinako.tsutsumi2525 2025/07/23 3:56 s → 03:56
調整検出: hinako.tsutsumi2525 2025/07/23 4:28 f → 04:28
調整検出: theoj246 2025/07/25 1:20 f → 01:20
調整検出: hinako.tsutsumi2525 2025/07/25 2:42 s → 02:42
調整検出: ryo4ryo4n66 2025/07/25 2:46 f → 02:46
調整検出: hinako.tsutsumi2525 2025/07/25 4:14 f → 04:14
調整検出: erin.isozu 2025/07/26 0:34 f → 00:34
調整検出: theoj246 2025/07/27 0:17 s → 00:17
調整検出: theoj246 2025/07/27 2:32 f → 02:32
調整検出: hinako.tsutsumi2525 2025/07/28 1:19 s → 01:19
調整検出: hinako.tsutsumi2525 2025/07/28 2:37 f → 02:37
調整検出: yuta.takasu 2025/07/28 9:14 s aoki → 09:14
調整検出: yuta.takasu 2025/07/28 9:26 f aoki → 09:26
調整検出: kouki0802.ao 2025/07/30 0:14 f 18:21 → 00:14
調整検出: ryo4ryo4n66 2025/07/30 0:16 f → 00:16
調整検出: kouki0802.ao 2025/07/30 0:17 s → 00:17
調整検出: kouki0802.ao 2025/07/30 1:57 f → 01:57
調整検出: ryo4ryo4n66 2025/07/31 0:40 s → 00:40
調整検出: ryo4ryo4n66 2025/07/31 3:35 f → 03:35
調整検出: yuta.takasu 2025/07/31 9:19 s aoki → 09:19
調整検出: yuta.takasu 2025/07/31 9:34 f aoki → 09:34
調整検出: hinako.tsutsumi2525 2025/07/31 9:38 s → 09:38
調整検出: kouki0802.ao 2025/08/01 0:13 f → 00:13
調整検出: kimoppy126 2025/08/01 0:16 s → 00:16
調整検出: ryo4ryo4n66 2025/08/04 0:19 s → 00:19
調整検出: ryo4ryo4n66 2025/08/04 1:10 f +90 → 01:10
調整検出: erin.isozu 2025/08/05 1:52 f → 01:52
メッセージから調整検出: f-20 → -20分調整
調整検出: marikou180522 2025/08/06 19:39 f-20 → 19:19
調整検出: ryo4ryo4n66 2025/08/07 0:57 s → 00:57
調整検出: marikou180522 2025/08/07 1:01 f → 01:01
調整検出: erin.isozu 2025/08/07 2:07 s → 02:07
調整検出: ryo4ryo4n66 2025/08/07 3:14 f → 03:14
調整検出: erin.isozu 2025/08/07 4:12 f → 04:12
メッセージから調整検出: s+60 → 60分調整
調整検出: marikou180522 2025/08/07 19:32 s+60 → 18:32
メッセージから調整検出: s+20 → 20分調整
調整検出: marikou180522 2025/08/07 23:58 s+20 → 23:38
調整検出: ryo4ryo4n66 2025/08/08 0:36 s → 00:36
調整検出: marikou180522 2025/08/08 0:47 f → 00:47
調整検出: theoj246 2025/08/08 1:38 f → 01:38
調整検出: ryo4ryo4n66 2025/08/08 4:40 f → 04:40
調整検出: marikou180522 2025/08/08 6:04 s → 06:04
調整検出: marikou180522 2025/08/08 8:00 f → 08:00
メッセージから調整検出: f-45 → -45分調整
調整検出: marikou180522 2025/08/08 19:30 f-45 → 18:45
調整検出: erin.isozu 2025/08/09 0:17 s → 00:17
調整検出: ryo4ryo4n66 2025/08/09 0:48 s → 00:48
調整検出: erin.isozu 2025/08/09 1:50 f → 01:50
調整検出: ryo4ryo4n66 2025/08/09 2:52 f → 02:52
調整検出: erin.isozu 2025/08/09 4:44 s → 04:44
調整検出: erin.isozu 2025/08/09 6:08 f -40 → 06:08
調整検出: theoj246 2025/08/09 9:30 s → 09:30
調整検出: erin.isozu 2025/08/10 0:14 f → 00:14
調整検出: erin.isozu 2025/08/10 0:46 s → 00:46
調整検出: erin.isozu 2025/08/10 2:09 f → 02:09
調整検出: erin.isozu 2025/08/10 4:12 s → 04:12
調整検出: erin.isozu 2025/08/10 6:33 f → 06:33
調整検出: kouki0802.ao 2025/08/11 0:10 f → 00:10
調整検出: erin.isozu 2025/08/11 1:04 f → 01:04
メッセージから調整検出: s+90 → 90分調整
調整検出: marikou180522 2025/08/11 1:55 s+90 → 00:25
警告: Yohei Watanabe - 開始時刻なしの終了 2024/06/21 21:30
警告: Yohei Watanabe - 連続する開始時刻を検出、前のセッションを自動終了
警告: deerveryone - 開始時刻なしの終了 2024/09/05 18:54
警告: deerveryone - 開始時刻なしの終了 2024/09/05 21:10
警告: info - 開始時刻なしの終了 2024/10/31 18:03
警告: info - 連続する開始時刻を検出、前のセッションを自動終了
エラー: info - 24時間超過を検出 2024/12/14 09:17 → 2025/05/20 13:44 = 226347分
警告: info - 開始時刻なしの終了 2025/07/18 21:49
情報: info - 未完了のセッション 2025/07/18 21:51
警告: theoj246 - 連続する開始時刻を検出、前のセッションを自動終了
警告: theoj246 - 開始時刻なしの終了 2025/03/06 16:51
警告: theoj246 - 連続する開始時刻を検出、前のセッションを自動終了
警告: theoj246 - 開始時刻なしの終了 2025/03/10 17:58
警告: theoj246 - 開始時刻なしの終了 2025/03/10 19:05
警告: theoj246 - 連続する開始時刻を検出、前のセッションを自動終了
警告: theoj246 - 開始時刻なしの終了 2025/03/11 01:09
警告: theoj246 - 連続する開始時刻を検出、前のセッションを自動終了
警告: theoj246 - 連続する開始時刻を検出、前のセッションを自動終了
エラー: theoj246 - 24時間超過を検出 2025/07/12 15:51 → 2025/07/14 10:34 = 2563分
警告: theoj246 - 連続する開始時刻を検出、前のセッションを自動終了
警告: theoj246 - 開始時刻なしの終了 2025/08/06 13:33
エラー: ryo4ryo4n66 - 24時間超過を検出 2024/11/02 13:59 → 2024/11/03 15:36 = 1537分
警告: ryo4ryo4n66 - 連続する開始時刻を検出、前のセッションを自動終了
警告: ryo4ryo4n66 - 連続する開始時刻を検出、前のセッションを自動終了
警告: ryo4ryo4n66 - 開始時刻なしの終了 2025/03/11 14:15
警告: ryo4ryo4n66 - 連続する開始時刻を検出、前のセッションを自動終了
警告: ryo4ryo4n66 - 開始時刻なしの終了 2025/03/26 17:50
警告: ryo4ryo4n66 - 連続する開始時刻を検出、前のセッションを自動終了
警告: ryo4ryo4n66 - 連続する開始時刻を検出、前のセッションを自動終了
エラー: ryo4ryo4n66 - 24時間超過を検出 2025/05/10 15:56 → 2025/05/12 13:03 = 2707分
警告: ryo4ryo4n66 - 開始時刻なしの終了 2025/06/13 19:47
警告: ryo4ryo4n66 - 開始時刻なしの終了 2025/07/09 13:35
情報: A - 未完了のセッション 2024/09/25 13:22
警告: osaryo523778 - 連続する開始時刻を検出、前のセッションを自動終了
エラー: kimoppy126 - 24時間超過を検出 2025/05/25 15:05 → 2025/05/28 00:03 = 3418分
警告: kimoppy126 - 連続する開始時刻を検出、前のセッションを自動終了
警告: kimoppy126 - 連続する開始時刻を検出、前のセッションを自動終了
警告: kimoppy126 - 連続する開始時刻を検出、前のセッションを自動終了
警告: kimoppy126 - 連続する開始時刻を検出、前のセッションを自動終了
情報: kimoppy126 - 未完了のセッション 2025/08/01 00:16
警告: yuta.takasu - 連続する開始時刻を検出、前のセッションを自動終了
警告: yuta.takasu - 連続する開始時刻を検出、前のセッションを自動終了
警告: yuta.takasu - 連続する開始時刻を検出、前のセッションを自動終了
警告: hinako.tsutsumi2525 - 開始時刻なしの終了 2025/06/23 14:49
警告: ujwal.kumar252725 - 連続する開始時刻を検出、前のセッションを自動終了
警告: ujwal.kumar252725 - 開始時刻なしの終了 2025/07/10 23:18
警告: ujwal.kumar252725 - 開始時刻なしの終了 2025/07/15 18:31
警告: ujwal.kumar252725 - 開始時刻なしの終了 2025/07/16 11:59
警告: ujwal.kumar252725 - 開始時刻なしの終了 2025/07/18 21:49
警告: ujwal.kumar252725 - 連続する開始時刻を検出、前のセッションを自動終了
警告: ujwal.kumar252725 - 連続する開始時刻を検出、前のセッションを自動終了
情報: ujwal.kumar252725 - 未完了のセッション 2025/07/18 21:51
警告: kouki0802.ao - 開始時刻なしの終了 2025/06/20 17:11
警告: kouki0802.ao - 開始時刻なしの終了 2025/06/28 18:25
警告: kouki0802.ao - 開始時刻なしの終了 2025/07/03 17:13
エラー: kouki0802.ao - 24時間超過を検出 2025/07/04 17:50 → 2025/07/05 17:59 = 1449分
警告: kouki0802.ao - 連続する開始時刻を検出、前のセッションを自動終了
警告: kouki0802.ao - 連続する開始時刻を検出、前のセッションを自動終了
警告: kouki0802.ao - 開始時刻なしの終了 2025/08/05 18:18
警告: marikou180522 - 連続する開始時刻を検出、前のセッションを自動終了
情報: marikou180522 - 未完了のセッション 2025/08/11 00:25
INFO:     127.0.0.1:51396 - "GET /subpage/daily-chart?days=31&top_users=15 HTTP/1.1" 200 OK
調整検出: Yohei Watanabe 2024/06/16 3:10 終了 → 03:10
調整検出: Yohei Watanabe 2024/06/27 0:07 開始 → 00:07
調整検出: Yohei Watanabe 2024/06/27 2:03 終了 → 02:03
調整検出: deerveryone 2024/07/12 8:50 開始：EB関連Notion管理（修正） → 08:50
調整検出: deerveryone 2024/07/12 9:20 終了 → 09:20
調整検出: lyuki093 2024/07/16 8:57 開始 → 08:57
調整検出: deerveryone 2024/07/16 9:38 開始 → 09:38
調整検出: deerveryone 2024/08/21 7:54 開始 → 07:54
調整検出: deerveryone 2024/08/21 9:02 終了 → 09:02
調整検出: deerveryone 2024/08/28 8:52 開始 → 08:52
調整検出: theoj246 2024/09/06 8:22 開始 → 08:22
調整検出: deerveryone 2024/09/06 9:20 開始（08:20に修正） → 09:20
調整検出: theoj246 2024/09/06 9:31 終了 → 09:31
調整検出: deerveryone 2024/09/09 9:45 開始 → 09:45
調整検出: deerveryone 2024/09/11 8:56 開始 → 08:56
調整検出: theoj246 2024/09/11 9:59 開始 → 09:59
調整検出: deerveryone 2024/09/11 9:40 終了 9:40 → 09:40
調整検出: theoj246 2024/09/18 0:16 終了 → 00:16
調整検出: deerveryone 2024/09/18 8:51 開始 → 08:51
調整検出: ryo4ryo4n66 2024/09/18 9:32 開始 → 09:32
調整検出: theoj246 2024/09/19 0:19 開始 → 00:19
調整検出: theoj246 2024/09/19 0:47 終了 → 00:47
調整検出: theoj246 2024/09/19 8:53 開始 → 08:53
調整検出: deerveryone 2024/09/21 9:15 開始 → 09:15
調整検出: ryo4ryo4n66 2024/09/21 9:38 開始 → 09:38
調整検出: ryo4ryo4n66 2024/09/23 0:23 開始 → 00:23
調整検出: deerveryone 2024/09/23 9:00 終了 → 09:00
調整検出: theoj246 2024/09/24 9:04 開始 → 09:04
調整検出: theoj246 2024/09/24 9:32 終了 → 09:32
調整検出: theoj246 2024/09/25 8:51 開始 → 08:51
調整検出: deerveryone 2024/09/27 9:08 開始 → 09:08
調整検出: theoj246 2024/10/06 0:45 開始 → 00:45
調整検出: theoj246 2024/10/06 1:46 終了 → 01:46
調整検出: theoj246 2024/10/07 0:05 終了 → 00:05
調整検出: theoj246 2024/10/09 0:52 開始 → 00:52
調整検出: theoj246 2024/10/09 1:19 終了 → 01:19
調整検出: theoj246 2024/10/09 9:06 開始 → 09:06
調整検出: theoj246 2024/10/09 9:58 終了 → 09:58
調整検出: theoj246 2024/10/11 9:23 開始 → 09:23
調整検出: theoj246 2024/10/13 0:29 開始 → 00:29
調整検出: theoj246 2024/10/13 1:29 終了 → 01:29
調整検出: theoj246 2024/10/13 9:31 開始 → 09:31
調整検出: osaryo523778 2024/10/17 1:18 終了 → 01:18
調整検出: theoj246 2024/10/17 8:58 開始 → 08:58
調整検出: theoj246 2024/10/17 9:43 終了 → 09:43
調整検出: osaryo523778 2024/10/18 0:00 終了 → 00:00
調整検出: theoj246 2024/10/18 9:11 開始 → 09:11
調整検出: theoj246 2024/10/20 9:53 開始 → 09:53
調整検出: osaryo523778 2024/10/21 1:10 終了 → 01:10
調整検出: osaryo523778 2024/10/21 8:03 開始 → 08:03
調整検出: theoj246 2024/10/23 8:43 開始 → 08:43
調整検出: theoj246 2024/10/23 9:40 終了 → 09:40
調整検出: osaryo523778 2024/10/26 2:53 s → 02:53
調整検出: osaryo523778 2024/10/26 4:53 f → 04:53
調整検出: theoj246 2024/10/27 0:24 s → 00:24
調整検出: theoj246 2024/10/27 1:30 f → 01:30
調整検出: theoj246 2024/10/28 0:17 s → 00:17
調整検出: theoj246 2024/10/28 1:34 f → 01:34
調整検出: ryo4ryo4n66 2024/10/29 0:57 f → 00:57
調整検出: theoj246 2024/11/04 0:02 s → 00:02
調整検出: theoj246 2024/11/04 0:18 f → 00:18
調整検出: theoj246 2024/11/08 0:51 f → 00:51
調整検出: theoj246 2024/11/10 1:26 f → 01:26
調整検出: ryo4ryo4n66 2024/11/12 0:15 f → 00:15
調整検出: osaryo523778 2024/11/16 1:34 s → 01:34
調整検出: ryo4ryo4n66 2024/11/16 2:52 f → 02:52
調整検出: osaryo523778 2024/11/16 4:21 f → 04:21
調整検出: osaryo523778 2024/11/17 0:43 f → 00:43
調整検出: theoj246 2024/11/18 0:13 s → 00:13
調整検出: theoj246 2024/11/18 0:41 f → 00:41
調整検出: theoj246 2024/11/21 0:49 f → 00:49
調整検出: theoj246 2024/11/23 2:08 f → 02:08
調整検出: theoj246 2024/11/24 1:11 f → 01:11
調整検出: osaryo523778 2024/11/26 0:26 f → 00:26
調整検出: theoj246 2024/11/28 0:49 f → 00:49
調整検出: theoj246 2024/11/29 1:33 f → 01:33
調整検出: osaryo523778 2024/12/03 1:49 f → 01:49
調整検出: ryo4ryo4n66 2024/12/06 0:53 s → 00:53
調整検出: ryo4ryo4n66 2024/12/06 2:20 f → 02:20
調整検出: osaryo523778 2024/12/10 1:17 s → 01:17
調整検出: osaryo523778 2024/12/10 3:27 f → 03:27
調整検出: theoj246 2024/12/10 8:32 s → 08:32
調整検出: theoj246 2024/12/11 9:46 s → 09:46
調整検出: theoj246 2024/12/14 9:01 s → 09:01
調整検出: info 2024/12/14 9:17 s → 09:17
調整検出: ryo4ryo4n66 2024/12/15 0:09 f → 00:09
調整検出: theoj246 2024/12/16 0:52 f → 00:52
調整検出: theoj246 2024/12/16 8:42 s → 08:42
調整検出: theoj246 2024/12/17 0:04 f → 00:04
調整検出: theoj246 2024/12/18 8:53 f -30s → 08:53
調整検出: theoj246 2024/12/18 8:53 s → 08:53
調整検出: theoj246 2024/12/19 1:03 f 22:00 → 01:03
調整検出: theoj246 2024/12/19 9:34 s → 09:34
調整検出: theoj246 2024/12/20 9:01 s → 09:01
調整検出: theoj246 2024/12/20 9:51 f → 09:51
調整検出: theoj246 2024/12/22 0:34 f → 00:34
調整検出: theoj246 2024/12/22 9:36 s → 09:36
調整検出: theoj246 2024/12/24 9:46 s → 09:46
調整検出: theoj246 2025/01/04 0:40 f → 00:40
調整検出: theoj246 2025/01/04 9:58 s → 09:58
調整検出: theoj246 2025/01/10 0:35 f → 00:35
調整検出: theoj246 2025/01/13 0:47 f → 00:47
調整検出: osaryo523778 2025/01/14 0:58 f → 00:58
調整検出: theoj246 2025/01/16 9:09 f - 21:00 → 09:09
調整検出: theoj246 2025/01/20 9:16 s → 09:16
調整検出: theoj246 2025/01/20 9:49 f → 09:49
調整検出: theoj246 2025/01/27 9:03 s → 09:03
調整検出: ryo4ryo4n66 2025/01/30 0:02 s → 00:02
調整検出: ryo4ryo4n66 2025/01/30 3:07 f → 03:07
調整検出: theoj246 2025/02/11 1:17 s → 01:17
調整検出: theoj246 2025/02/11 1:40 f → 01:40
調整検出: theoj246 2025/02/12 0:27 f → 00:27
調整検出: theoj246 2025/02/13 9:21 s → 09:21
調整検出: theoj246 2025/02/19 9:07 s → 09:07
調整検出: theoj246 2025/02/24 0:27 f → 00:27
調整検出: ryo4ryo4n66 2025/02/27 0:03 f → 00:03
調整検出: kimoppy126 2025/03/06 7:29 s → 07:29
調整検出: kimoppy126 2025/03/06 9:25 f → 09:25
調整検出: kimoppy126 2025/03/09 8:38 s → 08:38
調整検出: theoj246 2025/03/10 0:07 f → 00:07
調整検出: ryo4ryo4n66 2025/03/10 0:26 f → 00:26
調整検出: theoj246 2025/03/10 9:58 s → 09:58
調整検出: ryo4ryo4n66 2025/03/11 1:03 f -3:35 → 01:03
調整検出: theoj246 2025/03/11 1:09 f → 01:09
調整検出: theoj246 2025/03/11 9:47 s → 09:47
調整検出: theoj246 2025/03/12 0:07 f → 00:07
調整検出: theoj246 2025/03/18 0:25 f 20:20 → 00:25
調整検出: ryo4ryo4n66 2025/03/18 0:32 f 20:20 → 00:32
調整検出: ryo4ryo4n66 2025/03/18 0:32 s → 00:32
調整検出: theoj246 2025/03/18 1:13 s → 01:13
調整検出: theoj246 2025/03/18 1:35 f → 01:35
調整検出: ryo4ryo4n66 2025/03/18 1:50 f → 01:50
調整検出: ryo4ryo4n66 2025/03/22 1:18 s → 01:18
調整検出: ryo4ryo4n66 2025/03/22 2:09 f → 02:09
調整検出: theoj246 2025/03/22 5:06 f → 05:06
調整検出: theoj246 2025/03/24 0:11 f → 00:11
調整検出: theoj246 2025/03/26 0:11 s → 00:11
調整検出: theoj246 2025/03/26 1:07 f → 01:07
調整検出: ryo4ryo4n66 2025/03/26 1:11 s → 01:11
調整検出: ryo4ryo4n66 2025/03/26 1:59 f ＋ 180 → 01:59
調整検出: theoj246 2025/03/28 0:42 f → 00:42
調整検出: ryo4ryo4n66 2025/03/28 0:45 s → 00:45
調整検出: ryo4ryo4n66 2025/03/28 2:41 f → 02:41
調整検出: theoj246 2025/03/31 9:12 s → 09:12
調整検出: ryo4ryo4n66 2025/04/01 0:46 f → 00:46
調整検出: ryo4ryo4n66 2025/04/03 1:16 f → 01:16
調整検出: theoj246 2025/04/04 0:37 f → 00:37
調整検出: theoj246 2025/04/05 0:44 f → 00:44
調整検出: theoj246 2025/04/07 0:30 s → 00:30
調整検出: theoj246 2025/04/07 2:20 f → 02:20
調整検出: ryo4ryo4n66 2025/04/08 0:05 s → 00:05
調整検出: ryo4ryo4n66 2025/04/08 0:35 f → 00:35
調整検出: theoj246 2025/04/09 1:01 f → 01:01
調整検出: theoj246 2025/04/10 0:14 s → 00:14
調整検出: theoj246 2025/04/10 0:39 f → 00:39
調整検出: kimoppy126 2025/04/14 1:31 f → 01:31
調整検出: theoj246 2025/04/16 0:02 f → 00:02
調整検出: kimoppy126 2025/04/20 4:05 f → 04:05
調整検出: theoj246 2025/04/21 1:29 f → 01:29
調整検出: ryo4ryo4n66 2025/04/22 0:31 s → 00:31
調整検出: theoj246 2025/04/22 0:45 f → 00:45
調整検出: ryo4ryo4n66 2025/04/22 1:04 f → 01:04
調整検出: ryo4ryo4n66 2025/04/23 0:49 f → 00:49
調整検出: theoj246 2025/04/23 1:33 f → 01:33
調整検出: theoj246 2025/04/23 9:52 s → 09:52
調整検出: theoj246 2025/04/25 0:19 f → 00:19
調整検出: theoj246 2025/04/30 0:14 s → 00:14
調整検出: theoj246 2025/04/30 2:13 f → 02:13
調整検出: theoj246 2025/05/03 1:37 f → 01:37
調整検出: theoj246 2025/05/08 0:54 f → 00:54
調整検出: theoj246 2025/05/09 0:38 f → 00:38
調整検出: ryo4ryo4n66 2025/05/14 1:57 s → 01:57
調整検出: ryo4ryo4n66 2025/05/14 1:58 f60 → 01:58
調整検出: theoj246 2025/05/16 1:11 f → 01:11
調整検出: theoj246 2025/05/17 2:51 f → 02:51
調整検出: theoj246 2025/05/18 0:18 f → 00:18
調整検出: theoj246 2025/05/19 4:43 s → 04:43
調整検出: theoj246 2025/05/19 8:22 f → 08:22
調整検出: theoj246 2025/05/21 9:22 s → 09:22
調整検出: theoj246 2025/05/22 9:16 s → 09:16
調整検出: ryo4ryo4n66 2025/05/23 0:40 s → 00:40
調整検出: ryo4ryo4n66 2025/05/23 2:15 f → 02:15
調整検出: theoj246 2025/05/23 9:34 s → 09:34
調整検出: ryo4ryo4n66 2025/05/24 0:09 s → 00:09
調整検出: ryo4ryo4n66 2025/05/24 1:17 f → 01:17
調整検出: theoj246 2025/05/24 8:51 s → 08:51
調整検出: theoj246 2025/05/26 8:47 s → 08:47
調整検出: ryo4ryo4n66 2025/05/27 1:36 s → 01:36
調整検出: ryo4ryo4n66 2025/05/27 3:04 f → 03:04
調整検出: kimoppy126 2025/05/28 0:03 f 5/25 19:00 → 00:03
調整検出: theoj246 2025/05/28 0:43 f → 00:43
調整検出: theoj246 2025/05/28 9:56 s → 09:56
調整検出: theoj246 2025/05/29 0:41 s → 00:41
調整検出: theoj246 2025/05/29 2:22 f → 02:22
調整検出: ryo4ryo4n66 2025/05/31 0:58 f → 00:58
調整検出: ryo4ryo4n66 2025/06/02 0:08 s → 00:08
調整検出: ryo4ryo4n66 2025/06/02 2:12 f → 02:12
調整検出: hinako.tsutsumi2525 2025/06/05 1:51 s → 01:51
調整検出: theoj246 2025/06/05 1:57 f → 01:57
調整検出: hinako.tsutsumi2525 2025/06/05 2:28 f → 02:28
調整検出: ujwal.kumar252725 2025/06/05 8:00 f 23:30 → 08:00
調整検出: hinako.tsutsumi2525 2025/06/06 2:15 s → 02:15
調整検出: hinako.tsutsumi2525 2025/06/06 3:24 f → 03:24
調整検出: hinako.tsutsumi2525 2025/06/07 0:22 s → 00:22
調整検出: hinako.tsutsumi2525 2025/06/07 0:57 f → 00:57
調整検出: hinako.tsutsumi2525 2025/06/07 1:45 s → 01:45
調整検出: hinako.tsutsumi2525 2025/06/07 2:08 f → 02:08
調整検出: ujwal.kumar252725 2025/06/09 9:32 f 17:30 → 09:32
調整検出: theoj246 2025/06/10 3:09 f 2:00 → 03:09
調整検出: hinako.tsutsumi2525 2025/06/11 1:05 s → 01:05
調整検出: theoj246 2025/06/11 1:43 f → 01:43
調整検出: hinako.tsutsumi2525 2025/06/11 1:53 f → 01:53
調整検出: ujwal.kumar252725 2025/06/14 8:15 f 11:30 → 08:15
調整検出: hinako.tsutsumi2525 2025/06/16 9:05 s → 09:05
調整検出: ryo4ryo4n66 2025/06/17 1:47 s → 01:47
調整検出: hinako.tsutsumi2525 2025/06/17 2:00 s → 02:00
調整検出: hinako.tsutsumi2525 2025/06/17 2:53 f → 02:53
調整検出: ryo4ryo4n66 2025/06/17 3:51 f → 03:51
調整検出: hinako.tsutsumi2525 2025/06/18 1:32 s → 01:32
調整検出: theoj246 2025/06/18 2:21 f → 02:21
調整検出: hinako.tsutsumi2525 2025/06/18 2:36 f → 02:36
調整検出: hinako.tsutsumi2525 2025/06/19 1:27 s → 01:27
調整検出: hinako.tsutsumi2525 2025/06/19 4:03 f → 04:03
調整検出: hinako.tsutsumi2525 2025/06/20 0:02 s → 00:02
調整検出: hinako.tsutsumi2525 2025/06/20 0:37 f → 00:37
調整検出: hinako.tsutsumi2525 2025/06/21 0:08 s → 00:08
調整検出: theoj246 2025/06/21 0:58 s → 00:58
調整検出: theoj246 2025/06/21 1:56 f → 01:56
調整検出: hinako.tsutsumi2525 2025/06/21 2:19 f → 02:19
調整検出: hinako.tsutsumi2525 2025/06/22 1:56 s → 01:56
調整検出: hinako.tsutsumi2525 2025/06/22 2:39 f → 02:39
調整検出: hinako.tsutsumi2525 2025/06/23 9:43 s → 09:43
調整検出: kouki0802.ao 2025/06/24 0:43 s 00:00 → 00:43
調整検出: kouki0802.ao 2025/06/24 0:44 f 00:30 → 00:44
調整検出: theoj246 2025/06/24 2:31 f → 02:31
調整検出: theoj246 2025/06/25 0:57 f → 00:57
調整検出: ryo4ryo4n66 2025/06/26 0:37 s → 00:37
調整検出: hinako.tsutsumi2525 2025/06/26 1:12 s → 01:12
調整検出: ryo4ryo4n66 2025/06/26 2:23 f → 02:23
調整検出: hinako.tsutsumi2525 2025/06/26 3:48 f → 03:48
調整検出: hinako.tsutsumi2525 2025/06/26 4:44 s → 04:44
調整検出: hinako.tsutsumi2525 2025/06/26 4:51 f → 04:51
調整検出: theoj246 2025/06/29 0:33 f → 00:33
調整検出: hinako.tsutsumi2525 2025/06/29 2:00 s → 02:00
調整検出: hinako.tsutsumi2525 2025/06/29 2:17 f → 02:17
調整検出: kimoppy126 2025/06/30 1:42 f → 01:42
調整検出: theoj246 2025/06/30 2:55 f → 02:55
調整検出: hinako.tsutsumi2525 2025/07/01 2:46 s → 02:46
調整検出: hinako.tsutsumi2525 2025/07/01 4:05 f → 04:05
調整検出: hinako.tsutsumi2525 2025/07/02 9:27 s → 09:27
調整検出: theoj246 2025/07/04 4:17 f → 04:17
調整検出: theoj246 2025/07/04 4:59 s → 04:59
調整検出: theoj246 2025/07/04 6:48 f → 06:48
調整検出: theoj246 2025/07/04 7:20 s → 07:20
調整検出: theoj246 2025/07/04 7:53 f → 07:53
調整検出: hinako.tsutsumi2525 2025/07/07 3:46 s → 03:46
調整検出: hinako.tsutsumi2525 2025/07/07 4:09 f → 04:09
調整検出: hinako.tsutsumi2525 2025/07/08 0:54 s → 00:54
調整検出: hinako.tsutsumi2525 2025/07/08 2:03 f → 02:03
調整検出: ryo4ryo4n66 2025/07/09 0:36 f → 00:36
調整検出: kimoppy126 2025/07/09 0:57 s → 00:57
調整検出: hinako.tsutsumi2525 2025/07/09 9:50 s → 09:50
調整検出: ryo4ryo4n66 2025/07/10 0:14 s → 00:14
調整検出: ryo4ryo4n66 2025/07/10 1:04 f → 01:04
調整検出: kouki0802.ao 2025/07/11 1:30 s 1:00 → 01:30
調整検出: kouki0802.ao 2025/07/11 2:50 f → 02:50
調整検出: theoj246 2025/07/15 0:12 f → 00:12
調整検出: ryo4ryo4n66 2025/07/17 1:12 s → 01:12
調整検出: ryo4ryo4n66 2025/07/17 1:46 f +72 → 01:46
調整検出: hinako.tsutsumi2525 2025/07/19 1:44 s → 01:44
調整検出: hinako.tsutsumi2525 2025/07/19 2:32 f → 02:32
調整検出: kouki0802.ao 2025/07/19 2:40 s +20 → 02:40
調整検出: kouki0802.ao 2025/07/19 3:17 f → 03:17
調整検出: kouki0802.ao 2025/07/21 0:16 s → 00:16
調整検出: kouki0802.ao 2025/07/21 0:52 f → 00:52
調整検出: hinako.tsutsumi2525 2025/07/23 3:56 s → 03:56
調整検出: hinako.tsutsumi2525 2025/07/23 4:28 f → 04:28
調整検出: theoj246 2025/07/25 1:20 f → 01:20
調整検出: hinako.tsutsumi2525 2025/07/25 2:42 s → 02:42
調整検出: ryo4ryo4n66 2025/07/25 2:46 f → 02:46
調整検出: hinako.tsutsumi2525 2025/07/25 4:14 f → 04:14
調整検出: erin.isozu 2025/07/26 0:34 f → 00:34
調整検出: theoj246 2025/07/27 0:17 s → 00:17
調整検出: theoj246 2025/07/27 2:32 f → 02:32
調整検出: hinako.tsutsumi2525 2025/07/28 1:19 s → 01:19
調整検出: hinako.tsutsumi2525 2025/07/28 2:37 f → 02:37
調整検出: yuta.takasu 2025/07/28 9:14 s aoki → 09:14
調整検出: yuta.takasu 2025/07/28 9:26 f aoki → 09:26
調整検出: kouki0802.ao 2025/07/30 0:14 f 18:21 → 00:14
調整検出: ryo4ryo4n66 2025/07/30 0:16 f → 00:16
調整検出: kouki0802.ao 2025/07/30 0:17 s → 00:17
調整検出: kouki0802.ao 2025/07/30 1:57 f → 01:57
調整検出: ryo4ryo4n66 2025/07/31 0:40 s → 00:40
調整検出: ryo4ryo4n66 2025/07/31 3:35 f → 03:35
調整検出: yuta.takasu 2025/07/31 9:19 s aoki → 09:19
調整検出: yuta.takasu 2025/07/31 9:34 f aoki → 09:34
調整検出: hinako.tsutsumi2525 2025/07/31 9:38 s → 09:38
調整検出: kouki0802.ao 2025/08/01 0:13 f → 00:13
調整検出: kimoppy126 2025/08/01 0:16 s → 00:16
調整検出: ryo4ryo4n66 2025/08/04 0:19 s → 00:19
調整検出: ryo4ryo4n66 2025/08/04 1:10 f +90 → 01:10
調整検出: erin.isozu 2025/08/05 1:52 f → 01:52
メッセージから調整検出: f-20 → -20分調整
調整検出: marikou180522 2025/08/06 19:39 f-20 → 19:19
調整検出: ryo4ryo4n66 2025/08/07 0:57 s → 00:57
調整検出: marikou180522 2025/08/07 1:01 f → 01:01
調整検出: erin.isozu 2025/08/07 2:07 s → 02:07
調整検出: ryo4ryo4n66 2025/08/07 3:14 f → 03:14
調整検出: erin.isozu 2025/08/07 4:12 f → 04:12
メッセージから調整検出: s+60 → 60分調整
調整検出: marikou180522 2025/08/07 19:32 s+60 → 18:32
メッセージから調整検出: s+20 → 20分調整
調整検出: marikou180522 2025/08/07 23:58 s+20 → 23:38
調整検出: ryo4ryo4n66 2025/08/08 0:36 s → 00:36
調整検出: marikou180522 2025/08/08 0:47 f → 00:47
調整検出: theoj246 2025/08/08 1:38 f → 01:38
調整検出: ryo4ryo4n66 2025/08/08 4:40 f → 04:40
調整検出: marikou180522 2025/08/08 6:04 s → 06:04
調整検出: marikou180522 2025/08/08 8:00 f → 08:00
メッセージから調整検出: f-45 → -45分調整
調整検出: marikou180522 2025/08/08 19:30 f-45 → 18:45
調整検出: erin.isozu 2025/08/09 0:17 s → 00:17
調整検出: ryo4ryo4n66 2025/08/09 0:48 s → 00:48
調整検出: erin.isozu 2025/08/09 1:50 f → 01:50
調整検出: ryo4ryo4n66 2025/08/09 2:52 f → 02:52
調整検出: erin.isozu 2025/08/09 4:44 s → 04:44
調整検出: erin.isozu 2025/08/09 6:08 f -40 → 06:08
調整検出: theoj246 2025/08/09 9:30 s → 09:30
調整検出: erin.isozu 2025/08/10 0:14 f → 00:14
調整検出: erin.isozu 2025/08/10 0:46 s → 00:46
調整検出: erin.isozu 2025/08/10 2:09 f → 02:09
調整検出: erin.isozu 2025/08/10 4:12 s → 04:12
調整検出: erin.isozu 2025/08/10 6:33 f → 06:33
調整検出: kouki0802.ao 2025/08/11 0:10 f → 00:10
調整検出: erin.isozu 2025/08/11 1:04 f → 01:04
メッセージから調整検出: s+90 → 90分調整
調整検出: marikou180522 2025/08/11 1:55 s+90 → 00:25
警告: Yohei Watanabe - 開始時刻なしの終了 2024/06/21 21:30
警告: Yohei Watanabe - 連続する開始時刻を検出、前のセッションを自動終了
警告: deerveryone - 開始時刻なしの終了 2024/09/05 18:54
警告: deerveryone - 開始時刻なしの終了 2024/09/05 21:10
警告: info - 開始時刻なしの終了 2024/10/31 18:03
警告: info - 連続する開始時刻を検出、前のセッションを自動終了
エラー: info - 24時間超過を検出 2024/12/14 09:17 → 2025/05/20 13:44 = 226347分
警告: info - 開始時刻なしの終了 2025/07/18 21:49
情報: info - 未完了のセッション 2025/07/18 21:51
警告: theoj246 - 連続する開始時刻を検出、前のセッションを自動終了
警告: theoj246 - 開始時刻なしの終了 2025/03/06 16:51
警告: theoj246 - 連続する開始時刻を検出、前のセッションを自動終了
警告: theoj246 - 開始時刻なしの終了 2025/03/10 17:58
警告: theoj246 - 開始時刻なしの終了 2025/03/10 19:05
警告: theoj246 - 連続する開始時刻を検出、前のセッションを自動終了
警告: theoj246 - 開始時刻なしの終了 2025/03/11 01:09
警告: theoj246 - 連続する開始時刻を検出、前のセッションを自動終了
警告: theoj246 - 連続する開始時刻を検出、前のセッションを自動終了
エラー: theoj246 - 24時間超過を検出 2025/07/12 15:51 → 2025/07/14 10:34 = 2563分
警告: theoj246 - 連続する開始時刻を検出、前のセッションを自動終了
警告: theoj246 - 開始時刻なしの終了 2025/08/06 13:33
エラー: ryo4ryo4n66 - 24時間超過を検出 2024/11/02 13:59 → 2024/11/03 15:36 = 1537分
警告: ryo4ryo4n66 - 連続する開始時刻を検出、前のセッションを自動終了
警告: ryo4ryo4n66 - 連続する開始時刻を検出、前のセッションを自動終了
警告: ryo4ryo4n66 - 開始時刻なしの終了 2025/03/11 14:15
警告: ryo4ryo4n66 - 連続する開始時刻を検出、前のセッションを自動終了
警告: ryo4ryo4n66 - 開始時刻なしの終了 2025/03/26 17:50
警告: ryo4ryo4n66 - 連続する開始時刻を検出、前のセッションを自動終了
警告: ryo4ryo4n66 - 連続する開始時刻を検出、前のセッションを自動終了
エラー: ryo4ryo4n66 - 24時間超過を検出 2025/05/10 15:56 → 2025/05/12 13:03 = 2707分
警告: ryo4ryo4n66 - 開始時刻なしの終了 2025/06/13 19:47
警告: ryo4ryo4n66 - 開始時刻なしの終了 2025/07/09 13:35
情報: A - 未完了のセッション 2024/09/25 13:22
警告: osaryo523778 - 連続する開始時刻を検出、前のセッションを自動終了
エラー: kimoppy126 - 24時間超過を検出 2025/05/25 15:05 → 2025/05/28 00:03 = 3418分
警告: kimoppy126 - 連続する開始時刻を検出、前のセッションを自動終了
警告: kimoppy126 - 連続する開始時刻を検出、前のセッションを自動終了
警告: kimoppy126 - 連続する開始時刻を検出、前のセッションを自動終了
警告: kimoppy126 - 連続する開始時刻を検出、前のセッションを自動終了
情報: kimoppy126 - 未完了のセッション 2025/08/01 00:16
警告: yuta.takasu - 連続する開始時刻を検出、前のセッションを自動終了
警告: yuta.takasu - 連続する開始時刻を検出、前のセッションを自動終了
警告: yuta.takasu - 連続する開始時刻を検出、前のセッションを自動終了
警告: hinako.tsutsumi2525 - 開始時刻なしの終了 2025/06/23 14:49
警告: ujwal.kumar252725 - 連続する開始時刻を検出、前のセッションを自動終了
警告: ujwal.kumar252725 - 開始時刻なしの終了 2025/07/10 23:18
警告: ujwal.kumar252725 - 開始時刻なしの終了 2025/07/15 18:31
警告: ujwal.kumar252725 - 開始時刻なしの終了 2025/07/16 11:59
警告: ujwal.kumar252725 - 開始時刻なしの終了 2025/07/18 21:49
警告: ujwal.kumar252725 - 連続する開始時刻を検出、前のセッションを自動終了
警告: ujwal.kumar252725 - 連続する開始時刻を検出、前のセッションを自動終了
情報: ujwal.kumar252725 - 未完了のセッション 2025/07/18 21:51
警告: kouki0802.ao - 開始時刻なしの終了 2025/06/20 17:11
警告: kouki0802.ao - 開始時刻なしの終了 2025/06/28 18:25
警告: kouki0802.ao - 開始時刻なしの終了 2025/07/03 17:13
エラー: kouki0802.ao - 24時間超過を検出 2025/07/04 17:50 → 2025/07/05 17:59 = 1449分
警告: kouki0802.ao - 連続する開始時刻を検出、前のセッションを自動終了
警告: kouki0802.ao - 連続する開始時刻を検出、前のセッションを自動終了
警告: kouki0802.ao - 開始時刻なしの終了 2025/08/05 18:18
警告: marikou180522 - 連続する開始時刻を検出、前のセッションを自動終了
情報: marikou180522 - 未完了のセッション 2025/08/11 00:25
INFO:     127.0.0.1:51560 - "GET /subpage/daily-chart?days=31&top_users=15 HTTP/1.1" 200 OK
調整検出: Yohei Watanabe 2024/06/16 3:10 終了 → 03:10
調整検出: Yohei Watanabe 2024/06/27 0:07 開始 → 00:07
調整検出: Yohei Watanabe 2024/06/27 2:03 終了 → 02:03
調整検出: deerveryone 2024/07/12 8:50 開始：EB関連Notion管理（修正） → 08:50
調整検出: deerveryone 2024/07/12 9:20 終了 → 09:20
調整検出: lyuki093 2024/07/16 8:57 開始 → 08:57
調整検出: deerveryone 2024/07/16 9:38 開始 → 09:38
調整検出: deerveryone 2024/08/21 7:54 開始 → 07:54
調整検出: deerveryone 2024/08/21 9:02 終了 → 09:02
調整検出: deerveryone 2024/08/28 8:52 開始 → 08:52
調整検出: theoj246 2024/09/06 8:22 開始 → 08:22
調整検出: deerveryone 2024/09/06 9:20 開始（08:20に修正） → 09:20
調整検出: theoj246 2024/09/06 9:31 終了 → 09:31
調整検出: deerveryone 2024/09/09 9:45 開始 → 09:45
調整検出: deerveryone 2024/09/11 8:56 開始 → 08:56
調整検出: theoj246 2024/09/11 9:59 開始 → 09:59
調整検出: deerveryone 2024/09/11 9:40 終了 9:40 → 09:40
調整検出: theoj246 2024/09/18 0:16 終了 → 00:16
調整検出: deerveryone 2024/09/18 8:51 開始 → 08:51
調整検出: ryo4ryo4n66 2024/09/18 9:32 開始 → 09:32
調整検出: theoj246 2024/09/19 0:19 開始 → 00:19
調整検出: theoj246 2024/09/19 0:47 終了 → 00:47
調整検出: theoj246 2024/09/19 8:53 開始 → 08:53
調整検出: deerveryone 2024/09/21 9:15 開始 → 09:15
調整検出: ryo4ryo4n66 2024/09/21 9:38 開始 → 09:38
調整検出: ryo4ryo4n66 2024/09/23 0:23 開始 → 00:23
調整検出: deerveryone 2024/09/23 9:00 終了 → 09:00
調整検出: theoj246 2024/09/24 9:04 開始 → 09:04
調整検出: theoj246 2024/09/24 9:32 終了 → 09:32
調整検出: theoj246 2024/09/25 8:51 開始 → 08:51
調整検出: deerveryone 2024/09/27 9:08 開始 → 09:08
調整検出: theoj246 2024/10/06 0:45 開始 → 00:45
調整検出: theoj246 2024/10/06 1:46 終了 → 01:46
調整検出: theoj246 2024/10/07 0:05 終了 → 00:05
調整検出: theoj246 2024/10/09 0:52 開始 → 00:52
調整検出: theoj246 2024/10/09 1:19 終了 → 01:19
調整検出: theoj246 2024/10/09 9:06 開始 → 09:06
調整検出: theoj246 2024/10/09 9:58 終了 → 09:58
調整検出: theoj246 2024/10/11 9:23 開始 → 09:23
調整検出: theoj246 2024/10/13 0:29 開始 → 00:29
調整検出: theoj246 2024/10/13 1:29 終了 → 01:29
調整検出: theoj246 2024/10/13 9:31 開始 → 09:31
調整検出: osaryo523778 2024/10/17 1:18 終了 → 01:18
調整検出: theoj246 2024/10/17 8:58 開始 → 08:58
調整検出: theoj246 2024/10/17 9:43 終了 → 09:43
調整検出: osaryo523778 2024/10/18 0:00 終了 → 00:00
調整検出: theoj246 2024/10/18 9:11 開始 → 09:11
調整検出: theoj246 2024/10/20 9:53 開始 → 09:53
調整検出: osaryo523778 2024/10/21 1:10 終了 → 01:10
調整検出: osaryo523778 2024/10/21 8:03 開始 → 08:03
調整検出: theoj246 2024/10/23 8:43 開始 → 08:43
調整検出: theoj246 2024/10/23 9:40 終了 → 09:40
調整検出: osaryo523778 2024/10/26 2:53 s → 02:53
調整検出: osaryo523778 2024/10/26 4:53 f → 04:53
調整検出: theoj246 2024/10/27 0:24 s → 00:24
調整検出: theoj246 2024/10/27 1:30 f → 01:30
調整検出: theoj246 2024/10/28 0:17 s → 00:17
調整検出: theoj246 2024/10/28 1:34 f → 01:34
調整検出: ryo4ryo4n66 2024/10/29 0:57 f → 00:57
調整検出: theoj246 2024/11/04 0:02 s → 00:02
調整検出: theoj246 2024/11/04 0:18 f → 00:18
調整検出: theoj246 2024/11/08 0:51 f → 00:51
調整検出: theoj246 2024/11/10 1:26 f → 01:26
調整検出: ryo4ryo4n66 2024/11/12 0:15 f → 00:15
調整検出: osaryo523778 2024/11/16 1:34 s → 01:34
調整検出: ryo4ryo4n66 2024/11/16 2:52 f → 02:52
調整検出: osaryo523778 2024/11/16 4:21 f → 04:21
調整検出: osaryo523778 2024/11/17 0:43 f → 00:43
調整検出: theoj246 2024/11/18 0:13 s → 00:13
調整検出: theoj246 2024/11/18 0:41 f → 00:41
調整検出: theoj246 2024/11/21 0:49 f → 00:49
調整検出: theoj246 2024/11/23 2:08 f → 02:08
調整検出: theoj246 2024/11/24 1:11 f → 01:11
調整検出: osaryo523778 2024/11/26 0:26 f → 00:26
調整検出: theoj246 2024/11/28 0:49 f → 00:49
調整検出: theoj246 2024/11/29 1:33 f → 01:33
調整検出: osaryo523778 2024/12/03 1:49 f → 01:49
調整検出: ryo4ryo4n66 2024/12/06 0:53 s → 00:53
調整検出: ryo4ryo4n66 2024/12/06 2:20 f → 02:20
調整検出: osaryo523778 2024/12/10 1:17 s → 01:17
調整検出: osaryo523778 2024/12/10 3:27 f → 03:27
調整検出: theoj246 2024/12/10 8:32 s → 08:32
調整検出: theoj246 2024/12/11 9:46 s → 09:46
調整検出: theoj246 2024/12/14 9:01 s → 09:01
調整検出: info 2024/12/14 9:17 s → 09:17
調整検出: ryo4ryo4n66 2024/12/15 0:09 f → 00:09
調整検出: theoj246 2024/12/16 0:52 f → 00:52
調整検出: theoj246 2024/12/16 8:42 s → 08:42
調整検出: theoj246 2024/12/17 0:04 f → 00:04
調整検出: theoj246 2024/12/18 8:53 f -30s → 08:53
調整検出: theoj246 2024/12/18 8:53 s → 08:53
調整検出: theoj246 2024/12/19 1:03 f 22:00 → 01:03
調整検出: theoj246 2024/12/19 9:34 s → 09:34
調整検出: theoj246 2024/12/20 9:01 s → 09:01
調整検出: theoj246 2024/12/20 9:51 f → 09:51
調整検出: theoj246 2024/12/22 0:34 f → 00:34
調整検出: theoj246 2024/12/22 9:36 s → 09:36
調整検出: theoj246 2024/12/24 9:46 s → 09:46
調整検出: theoj246 2025/01/04 0:40 f → 00:40
調整検出: theoj246 2025/01/04 9:58 s → 09:58
調整検出: theoj246 2025/01/10 0:35 f → 00:35
調整検出: theoj246 2025/01/13 0:47 f → 00:47
調整検出: osaryo523778 2025/01/14 0:58 f → 00:58
調整検出: theoj246 2025/01/16 9:09 f - 21:00 → 09:09
調整検出: theoj246 2025/01/20 9:16 s → 09:16
調整検出: theoj246 2025/01/20 9:49 f → 09:49
調整検出: theoj246 2025/01/27 9:03 s → 09:03
調整検出: ryo4ryo4n66 2025/01/30 0:02 s → 00:02
調整検出: ryo4ryo4n66 2025/01/30 3:07 f → 03:07
調整検出: theoj246 2025/02/11 1:17 s → 01:17
調整検出: theoj246 2025/02/11 1:40 f → 01:40
調整検出: theoj246 2025/02/12 0:27 f → 00:27
調整検出: theoj246 2025/02/13 9:21 s → 09:21
調整検出: theoj246 2025/02/19 9:07 s → 09:07
調整検出: theoj246 2025/02/24 0:27 f → 00:27
調整検出: ryo4ryo4n66 2025/02/27 0:03 f → 00:03
調整検出: kimoppy126 2025/03/06 7:29 s → 07:29
調整検出: kimoppy126 2025/03/06 9:25 f → 09:25
調整検出: kimoppy126 2025/03/09 8:38 s → 08:38
調整検出: theoj246 2025/03/10 0:07 f → 00:07
調整検出: ryo4ryo4n66 2025/03/10 0:26 f → 00:26
調整検出: theoj246 2025/03/10 9:58 s → 09:58
調整検出: ryo4ryo4n66 2025/03/11 1:03 f -3:35 → 01:03
調整検出: theoj246 2025/03/11 1:09 f → 01:09
調整検出: theoj246 2025/03/11 9:47 s → 09:47
調整検出: theoj246 2025/03/12 0:07 f → 00:07
調整検出: theoj246 2025/03/18 0:25 f 20:20 → 00:25
調整検出: ryo4ryo4n66 2025/03/18 0:32 f 20:20 → 00:32
調整検出: ryo4ryo4n66 2025/03/18 0:32 s → 00:32
調整検出: theoj246 2025/03/18 1:13 s → 01:13
調整検出: theoj246 2025/03/18 1:35 f → 01:35
調整検出: ryo4ryo4n66 2025/03/18 1:50 f → 01:50
調整検出: ryo4ryo4n66 2025/03/22 1:18 s → 01:18
調整検出: ryo4ryo4n66 2025/03/22 2:09 f → 02:09
調整検出: theoj246 2025/03/22 5:06 f → 05:06
調整検出: theoj246 2025/03/24 0:11 f → 00:11
調整検出: theoj246 2025/03/26 0:11 s → 00:11
調整検出: theoj246 2025/03/26 1:07 f → 01:07
調整検出: ryo4ryo4n66 2025/03/26 1:11 s → 01:11
調整検出: ryo4ryo4n66 2025/03/26 1:59 f ＋ 180 → 01:59
調整検出: theoj246 2025/03/28 0:42 f → 00:42
調整検出: ryo4ryo4n66 2025/03/28 0:45 s → 00:45
調整検出: ryo4ryo4n66 2025/03/28 2:41 f → 02:41
調整検出: theoj246 2025/03/31 9:12 s → 09:12
調整検出: ryo4ryo4n66 2025/04/01 0:46 f → 00:46
調整検出: ryo4ryo4n66 2025/04/03 1:16 f → 01:16
調整検出: theoj246 2025/04/04 0:37 f → 00:37
調整検出: theoj246 2025/04/05 0:44 f → 00:44
調整検出: theoj246 2025/04/07 0:30 s → 00:30
調整検出: theoj246 2025/04/07 2:20 f → 02:20
調整検出: ryo4ryo4n66 2025/04/08 0:05 s → 00:05
調整検出: ryo4ryo4n66 2025/04/08 0:35 f → 00:35
調整検出: theoj246 2025/04/09 1:01 f → 01:01
調整検出: theoj246 2025/04/10 0:14 s → 00:14
調整検出: theoj246 2025/04/10 0:39 f → 00:39
調整検出: kimoppy126 2025/04/14 1:31 f → 01:31
調整検出: theoj246 2025/04/16 0:02 f → 00:02
調整検出: kimoppy126 2025/04/20 4:05 f → 04:05
調整検出: theoj246 2025/04/21 1:29 f → 01:29
調整検出: ryo4ryo4n66 2025/04/22 0:31 s → 00:31
調整検出: theoj246 2025/04/22 0:45 f → 00:45
調整検出: ryo4ryo4n66 2025/04/22 1:04 f → 01:04
調整検出: ryo4ryo4n66 2025/04/23 0:49 f → 00:49
調整検出: theoj246 2025/04/23 1:33 f → 01:33
調整検出: theoj246 2025/04/23 9:52 s → 09:52
調整検出: theoj246 2025/04/25 0:19 f → 00:19
調整検出: theoj246 2025/04/30 0:14 s → 00:14
調整検出: theoj246 2025/04/30 2:13 f → 02:13
調整検出: theoj246 2025/05/03 1:37 f → 01:37
調整検出: theoj246 2025/05/08 0:54 f → 00:54
調整検出: theoj246 2025/05/09 0:38 f → 00:38
調整検出: ryo4ryo4n66 2025/05/14 1:57 s → 01:57
調整検出: ryo4ryo4n66 2025/05/14 1:58 f60 → 01:58
調整検出: theoj246 2025/05/16 1:11 f → 01:11
調整検出: theoj246 2025/05/17 2:51 f → 02:51
調整検出: theoj246 2025/05/18 0:18 f → 00:18
調整検出: theoj246 2025/05/19 4:43 s → 04:43
調整検出: theoj246 2025/05/19 8:22 f → 08:22
調整検出: theoj246 2025/05/21 9:22 s → 09:22
調整検出: theoj246 2025/05/22 9:16 s → 09:16
調整検出: ryo4ryo4n66 2025/05/23 0:40 s → 00:40
調整検出: ryo4ryo4n66 2025/05/23 2:15 f → 02:15
調整検出: theoj246 2025/05/23 9:34 s → 09:34
調整検出: ryo4ryo4n66 2025/05/24 0:09 s → 00:09
調整検出: ryo4ryo4n66 2025/05/24 1:17 f → 01:17
調整検出: theoj246 2025/05/24 8:51 s → 08:51
調整検出: theoj246 2025/05/26 8:47 s → 08:47
調整検出: ryo4ryo4n66 2025/05/27 1:36 s → 01:36
調整検出: ryo4ryo4n66 2025/05/27 3:04 f → 03:04
調整検出: kimoppy126 2025/05/28 0:03 f 5/25 19:00 → 00:03
調整検出: theoj246 2025/05/28 0:43 f → 00:43
調整検出: theoj246 2025/05/28 9:56 s → 09:56
調整検出: theoj246 2025/05/29 0:41 s → 00:41
調整検出: theoj246 2025/05/29 2:22 f → 02:22
調整検出: ryo4ryo4n66 2025/05/31 0:58 f → 00:58
調整検出: ryo4ryo4n66 2025/06/02 0:08 s → 00:08
調整検出: ryo4ryo4n66 2025/06/02 2:12 f → 02:12
調整検出: hinako.tsutsumi2525 2025/06/05 1:51 s → 01:51
調整検出: theoj246 2025/06/05 1:57 f → 01:57
調整検出: hinako.tsutsumi2525 2025/06/05 2:28 f → 02:28
調整検出: ujwal.kumar252725 2025/06/05 8:00 f 23:30 → 08:00
調整検出: hinako.tsutsumi2525 2025/06/06 2:15 s → 02:15
調整検出: hinako.tsutsumi2525 2025/06/06 3:24 f → 03:24
調整検出: hinako.tsutsumi2525 2025/06/07 0:22 s → 00:22
調整検出: hinako.tsutsumi2525 2025/06/07 0:57 f → 00:57
調整検出: hinako.tsutsumi2525 2025/06/07 1:45 s → 01:45
調整検出: hinako.tsutsumi2525 2025/06/07 2:08 f → 02:08
調整検出: ujwal.kumar252725 2025/06/09 9:32 f 17:30 → 09:32
調整検出: theoj246 2025/06/10 3:09 f 2:00 → 03:09
調整検出: hinako.tsutsumi2525 2025/06/11 1:05 s → 01:05
調整検出: theoj246 2025/06/11 1:43 f → 01:43
調整検出: hinako.tsutsumi2525 2025/06/11 1:53 f → 01:53
調整検出: ujwal.kumar252725 2025/06/14 8:15 f 11:30 → 08:15
調整検出: hinako.tsutsumi2525 2025/06/16 9:05 s → 09:05
調整検出: ryo4ryo4n66 2025/06/17 1:47 s → 01:47
調整検出: hinako.tsutsumi2525 2025/06/17 2:00 s → 02:00
調整検出: hinako.tsutsumi2525 2025/06/17 2:53 f → 02:53
調整検出: ryo4ryo4n66 2025/06/17 3:51 f → 03:51
調整検出: hinako.tsutsumi2525 2025/06/18 1:32 s → 01:32
調整検出: theoj246 2025/06/18 2:21 f → 02:21
調整検出: hinako.tsutsumi2525 2025/06/18 2:36 f → 02:36
調整検出: hinako.tsutsumi2525 2025/06/19 1:27 s → 01:27
調整検出: hinako.tsutsumi2525 2025/06/19 4:03 f → 04:03
調整検出: hinako.tsutsumi2525 2025/06/20 0:02 s → 00:02
調整検出: hinako.tsutsumi2525 2025/06/20 0:37 f → 00:37
調整検出: hinako.tsutsumi2525 2025/06/21 0:08 s → 00:08
調整検出: theoj246 2025/06/21 0:58 s → 00:58
調整検出: theoj246 2025/06/21 1:56 f → 01:56
調整検出: hinako.tsutsumi2525 2025/06/21 2:19 f → 02:19
調整検出: hinako.tsutsumi2525 2025/06/22 1:56 s → 01:56
調整検出: hinako.tsutsumi2525 2025/06/22 2:39 f → 02:39
調整検出: hinako.tsutsumi2525 2025/06/23 9:43 s → 09:43
調整検出: kouki0802.ao 2025/06/24 0:43 s 00:00 → 00:43
調整検出: kouki0802.ao 2025/06/24 0:44 f 00:30 → 00:44
調整検出: theoj246 2025/06/24 2:31 f → 02:31
調整検出: theoj246 2025/06/25 0:57 f → 00:57
調整検出: ryo4ryo4n66 2025/06/26 0:37 s → 00:37
調整検出: hinako.tsutsumi2525 2025/06/26 1:12 s → 01:12
調整検出: ryo4ryo4n66 2025/06/26 2:23 f → 02:23
調整検出: hinako.tsutsumi2525 2025/06/26 3:48 f → 03:48
調整検出: hinako.tsutsumi2525 2025/06/26 4:44 s → 04:44
調整検出: hinako.tsutsumi2525 2025/06/26 4:51 f → 04:51
調整検出: theoj246 2025/06/29 0:33 f → 00:33
調整検出: hinako.tsutsumi2525 2025/06/29 2:00 s → 02:00
調整検出: hinako.tsutsumi2525 2025/06/29 2:17 f → 02:17
調整検出: kimoppy126 2025/06/30 1:42 f → 01:42
調整検出: theoj246 2025/06/30 2:55 f → 02:55
調整検出: hinako.tsutsumi2525 2025/07/01 2:46 s → 02:46
調整検出: hinako.tsutsumi2525 2025/07/01 4:05 f → 04:05
調整検出: hinako.tsutsumi2525 2025/07/02 9:27 s → 09:27
調整検出: theoj246 2025/07/04 4:17 f → 04:17
調整検出: theoj246 2025/07/04 4:59 s → 04:59
調整検出: theoj246 2025/07/04 6:48 f → 06:48
調整検出: theoj246 2025/07/04 7:20 s → 07:20
調整検出: theoj246 2025/07/04 7:53 f → 07:53
調整検出: hinako.tsutsumi2525 2025/07/07 3:46 s → 03:46
調整検出: hinako.tsutsumi2525 2025/07/07 4:09 f → 04:09
調整検出: hinako.tsutsumi2525 2025/07/08 0:54 s → 00:54
調整検出: hinako.tsutsumi2525 2025/07/08 2:03 f → 02:03
調整検出: ryo4ryo4n66 2025/07/09 0:36 f → 00:36
調整検出: kimoppy126 2025/07/09 0:57 s → 00:57
調整検出: hinako.tsutsumi2525 2025/07/09 9:50 s → 09:50
調整検出: ryo4ryo4n66 2025/07/10 0:14 s → 00:14
調整検出: ryo4ryo4n66 2025/07/10 1:04 f → 01:04
調整検出: kouki0802.ao 2025/07/11 1:30 s 1:00 → 01:30
調整検出: kouki0802.ao 2025/07/11 2:50 f → 02:50
調整検出: theoj246 2025/07/15 0:12 f → 00:12
調整検出: ryo4ryo4n66 2025/07/17 1:12 s → 01:12
調整検出: ryo4ryo4n66 2025/07/17 1:46 f +72 → 01:46
調整検出: hinako.tsutsumi2525 2025/07/19 1:44 s → 01:44
調整検出: hinako.tsutsumi2525 2025/07/19 2:32 f → 02:32
調整検出: kouki0802.ao 2025/07/19 2:40 s +20 → 02:40
調整検出: kouki0802.ao 2025/07/19 3:17 f → 03:17
調整検出: kouki0802.ao 2025/07/21 0:16 s → 00:16
調整検出: kouki0802.ao 2025/07/21 0:52 f → 00:52
調整検出: hinako.tsutsumi2525 2025/07/23 3:56 s → 03:56
調整検出: hinako.tsutsumi2525 2025/07/23 4:28 f → 04:28
調整検出: theoj246 2025/07/25 1:20 f → 01:20
調整検出: hinako.tsutsumi2525 2025/07/25 2:42 s → 02:42
調整検出: ryo4ryo4n66 2025/07/25 2:46 f → 02:46
調整検出: hinako.tsutsumi2525 2025/07/25 4:14 f → 04:14
調整検出: erin.isozu 2025/07/26 0:34 f → 00:34
調整検出: theoj246 2025/07/27 0:17 s → 00:17
調整検出: theoj246 2025/07/27 2:32 f → 02:32
調整検出: hinako.tsutsumi2525 2025/07/28 1:19 s → 01:19
調整検出: hinako.tsutsumi2525 2025/07/28 2:37 f → 02:37
調整検出: yuta.takasu 2025/07/28 9:14 s aoki → 09:14
調整検出: yuta.takasu 2025/07/28 9:26 f aoki → 09:26
調整検出: kouki0802.ao 2025/07/30 0:14 f 18:21 → 00:14
調整検出: ryo4ryo4n66 2025/07/30 0:16 f → 00:16
調整検出: kouki0802.ao 2025/07/30 0:17 s → 00:17
調整検出: kouki0802.ao 2025/07/30 1:57 f → 01:57
調整検出: ryo4ryo4n66 2025/07/31 0:40 s → 00:40
調整検出: ryo4ryo4n66 2025/07/31 3:35 f → 03:35
調整検出: yuta.takasu 2025/07/31 9:19 s aoki → 09:19
調整検出: yuta.takasu 2025/07/31 9:34 f aoki → 09:34
調整検出: hinako.tsutsumi2525 2025/07/31 9:38 s → 09:38
調整検出: kouki0802.ao 2025/08/01 0:13 f → 00:13
調整検出: kimoppy126 2025/08/01 0:16 s → 00:16
調整検出: ryo4ryo4n66 2025/08/04 0:19 s → 00:19
調整検出: ryo4ryo4n66 2025/08/04 1:10 f +90 → 01:10
調整検出: erin.isozu 2025/08/05 1:52 f → 01:52
メッセージから調整検出: f-20 → -20分調整
調整検出: marikou180522 2025/08/06 19:39 f-20 → 19:19
調整検出: ryo4ryo4n66 2025/08/07 0:57 s → 00:57
調整検出: marikou180522 2025/08/07 1:01 f → 01:01
調整検出: erin.isozu 2025/08/07 2:07 s → 02:07
調整検出: ryo4ryo4n66 2025/08/07 3:14 f → 03:14
調整検出: erin.isozu 2025/08/07 4:12 f → 04:12
メッセージから調整検出: s+60 → 60分調整
調整検出: marikou180522 2025/08/07 19:32 s+60 → 18:32
メッセージから調整検出: s+20 → 20分調整
調整検出: marikou180522 2025/08/07 23:58 s+20 → 23:38
調整検出: ryo4ryo4n66 2025/08/08 0:36 s → 00:36
調整検出: marikou180522 2025/08/08 0:47 f → 00:47
調整検出: theoj246 2025/08/08 1:38 f → 01:38
調整検出: ryo4ryo4n66 2025/08/08 4:40 f → 04:40
調整検出: marikou180522 2025/08/08 6:04 s → 06:04
調整検出: marikou180522 2025/08/08 8:00 f → 08:00
メッセージから調整検出: f-45 → -45分調整
調整検出: marikou180522 2025/08/08 19:30 f-45 → 18:45
調整検出: erin.isozu 2025/08/09 0:17 s → 00:17
調整検出: ryo4ryo4n66 2025/08/09 0:48 s → 00:48
調整検出: erin.isozu 2025/08/09 1:50 f → 01:50
調整検出: ryo4ryo4n66 2025/08/09 2:52 f → 02:52
調整検出: erin.isozu 2025/08/09 4:44 s → 04:44
調整検出: erin.isozu 2025/08/09 6:08 f -40 → 06:08
調整検出: theoj246 2025/08/09 9:30 s → 09:30
調整検出: erin.isozu 2025/08/10 0:14 f → 00:14
調整検出: erin.isozu 2025/08/10 0:46 s → 00:46
調整検出: erin.isozu 2025/08/10 2:09 f → 02:09
調整検出: erin.isozu 2025/08/10 4:12 s → 04:12
調整検出: erin.isozu 2025/08/10 6:33 f → 06:33
調整検出: kouki0802.ao 2025/08/11 0:10 f → 00:10
調整検出: erin.isozu 2025/08/11 1:04 f → 01:04
メッセージから調整検出: s+90 → 90分調整
調整検出: marikou180522 2025/08/11 1:55 s+90 → 00:25
警告: Yohei Watanabe - 開始時刻なしの終了 2024/06/21 21:30
警告: Yohei Watanabe - 連続する開始時刻を検出、前のセッションを自動終了
警告: deerveryone - 開始時刻なしの終了 2024/09/05 18:54
警告: deerveryone - 開始時刻なしの終了 2024/09/05 21:10
警告: info - 開始時刻なしの終了 2024/10/31 18:03
警告: info - 連続する開始時刻を検出、前のセッションを自動終了
エラー: info - 24時間超過を検出 2024/12/14 09:17 → 2025/05/20 13:44 = 226347分
警告: info - 開始時刻なしの終了 2025/07/18 21:49
情報: info - 未完了のセッション 2025/07/18 21:51
警告: theoj246 - 連続する開始時刻を検出、前のセッションを自動終了
警告: theoj246 - 開始時刻なしの終了 2025/03/06 16:51
警告: theoj246 - 連続する開始時刻を検出、前のセッションを自動終了
警告: theoj246 - 開始時刻なしの終了 2025/03/10 17:58
警告: theoj246 - 開始時刻なしの終了 2025/03/10 19:05
警告: theoj246 - 連続する開始時刻を検出、前のセッションを自動終了
警告: theoj246 - 開始時刻なしの終了 2025/03/11 01:09
警告: theoj246 - 連続する開始時刻を検出、前のセッションを自動終了
警告: theoj246 - 連続する開始時刻を検出、前のセッションを自動終了
エラー: theoj246 - 24時間超過を検出 2025/07/12 15:51 → 2025/07/14 10:34 = 2563分
警告: theoj246 - 連続する開始時刻を検出、前のセッションを自動終了
警告: theoj246 - 開始時刻なしの終了 2025/08/06 13:33
エラー: ryo4ryo4n66 - 24時間超過を検出 2024/11/02 13:59 → 2024/11/03 15:36 = 1537分
警告: ryo4ryo4n66 - 連続する開始時刻を検出、前のセッションを自動終了
警告: ryo4ryo4n66 - 連続する開始時刻を検出、前のセッションを自動終了
警告: ryo4ryo4n66 - 開始時刻なしの終了 2025/03/11 14:15
警告: ryo4ryo4n66 - 連続する開始時刻を検出、前のセッションを自動終了
警告: ryo4ryo4n66 - 開始時刻なしの終了 2025/03/26 17:50
警告: ryo4ryo4n66 - 連続する開始時刻を検出、前のセッションを自動終了
警告: ryo4ryo4n66 - 連続する開始時刻を検出、前のセッションを自動終了
エラー: ryo4ryo4n66 - 24時間超過を検出 2025/05/10 15:56 → 2025/05/12 13:03 = 2707分
警告: ryo4ryo4n66 - 開始時刻なしの終了 2025/06/13 19:47
警告: ryo4ryo4n66 - 開始時刻なしの終了 2025/07/09 13:35
情報: A - 未完了のセッション 2024/09/25 13:22
警告: osaryo523778 - 連続する開始時刻を検出、前のセッションを自動終了
エラー: kimoppy126 - 24時間超過を検出 2025/05/25 15:05 → 2025/05/28 00:03 = 3418分
警告: kimoppy126 - 連続する開始時刻を検出、前のセッションを自動終了
警告: kimoppy126 - 連続する開始時刻を検出、前のセッションを自動終了
警告: kimoppy126 - 連続する開始時刻を検出、前のセッションを自動終了
警告: kimoppy126 - 連続する開始時刻を検出、前のセッションを自動終了
情報: kimoppy126 - 未完了のセッション 2025/08/01 00:16
警告: yuta.takasu - 連続する開始時刻を検出、前のセッションを自動終了
警告: yuta.takasu - 連続する開始時刻を検出、前のセッションを自動終了
警告: yuta.takasu - 連続する開始時刻を検出、前のセッションを自動終了
警告: hinako.tsutsumi2525 - 開始時刻なしの終了 2025/06/23 14:49
警告: ujwal.kumar252725 - 連続する開始時刻を検出、前のセッションを自動終了
警告: ujwal.kumar252725 - 開始時刻なしの終了 2025/07/10 23:18
警告: ujwal.kumar252725 - 開始時刻なしの終了 2025/07/15 18:31
警告: ujwal.kumar252725 - 開始時刻なしの終了 2025/07/16 11:59
警告: ujwal.kumar252725 - 開始時刻なしの終了 2025/07/18 21:49
警告: ujwal.kumar252725 - 連続する開始時刻を検出、前のセッションを自動終了
警告: ujwal.kumar252725 - 連続する開始時刻を検出、前のセッションを自動終了
情報: ujwal.kumar252725 - 未完了のセッション 2025/07/18 21:51
警告: kouki0802.ao - 開始時刻なしの終了 2025/06/20 17:11
警告: kouki0802.ao - 開始時刻なしの終了 2025/06/28 18:25
警告: kouki0802.ao - 開始時刻なしの終了 2025/07/03 17:13
エラー: kouki0802.ao - 24時間超過を検出 2025/07/04 17:50 → 2025/07/05 17:59 = 1449分
警告: kouki0802.ao - 連続する開始時刻を検出、前のセッションを自動終了
警告: kouki0802.ao - 連続する開始時刻を検出、前のセッションを自動終了
警告: kouki0802.ao - 開始時刻なしの終了 2025/08/05 18:18
警告: marikou180522 - 連続する開始時刻を検出、前のセッションを自動終了
情報: marikou180522 - 未完了のセッション 2025/08/11 00:25
INFO:     127.0.0.1:51710 - "GET /subpage/daily-chart?days=31&top_users=15 HTTP/1.1" 200 OK
調整検出: Yohei Watanabe 2024/06/16 3:10 終了 → 03:10
調整検出: Yohei Watanabe 2024/06/27 0:07 開始 → 00:07
調整検出: Yohei Watanabe 2024/06/27 2:03 終了 → 02:03
調整検出: deerveryone 2024/07/12 8:50 開始：EB関連Notion管理（修正） → 08:50
調整検出: deerveryone 2024/07/12 9:20 終了 → 09:20
調整検出: lyuki093 2024/07/16 8:57 開始 → 08:57
調整検出: deerveryone 2024/07/16 9:38 開始 → 09:38
調整検出: deerveryone 2024/08/21 7:54 開始 → 07:54
調整検出: deerveryone 2024/08/21 9:02 終了 → 09:02
調整検出: deerveryone 2024/08/28 8:52 開始 → 08:52
調整検出: theoj246 2024/09/06 8:22 開始 → 08:22
調整検出: deerveryone 2024/09/06 9:20 開始（08:20に修正） → 09:20
調整検出: theoj246 2024/09/06 9:31 終了 → 09:31
調整検出: deerveryone 2024/09/09 9:45 開始 → 09:45
調整検出: deerveryone 2024/09/11 8:56 開始 → 08:56
調整検出: theoj246 2024/09/11 9:59 開始 → 09:59
調整検出: deerveryone 2024/09/11 9:40 終了 9:40 → 09:40
調整検出: theoj246 2024/09/18 0:16 終了 → 00:16
調整検出: deerveryone 2024/09/18 8:51 開始 → 08:51
調整検出: ryo4ryo4n66 2024/09/18 9:32 開始 → 09:32
調整検出: theoj246 2024/09/19 0:19 開始 → 00:19
調整検出: theoj246 2024/09/19 0:47 終了 → 00:47
調整検出: theoj246 2024/09/19 8:53 開始 → 08:53
調整検出: deerveryone 2024/09/21 9:15 開始 → 09:15
調整検出: ryo4ryo4n66 2024/09/21 9:38 開始 → 09:38
調整検出: ryo4ryo4n66 2024/09/23 0:23 開始 → 00:23
調整検出: deerveryone 2024/09/23 9:00 終了 → 09:00
調整検出: theoj246 2024/09/24 9:04 開始 → 09:04
調整検出: theoj246 2024/09/24 9:32 終了 → 09:32
調整検出: theoj246 2024/09/25 8:51 開始 → 08:51
調整検出: deerveryone 2024/09/27 9:08 開始 → 09:08
調整検出: theoj246 2024/10/06 0:45 開始 → 00:45
調整検出: theoj246 2024/10/06 1:46 終了 → 01:46
調整検出: theoj246 2024/10/07 0:05 終了 → 00:05
調整検出: theoj246 2024/10/09 0:52 開始 → 00:52
調整検出: theoj246 2024/10/09 1:19 終了 → 01:19
調整検出: theoj246 2024/10/09 9:06 開始 → 09:06
調整検出: theoj246 2024/10/09 9:58 終了 → 09:58
調整検出: theoj246 2024/10/11 9:23 開始 → 09:23
調整検出: theoj246 2024/10/13 0:29 開始 → 00:29
調整検出: theoj246 2024/10/13 1:29 終了 → 01:29
調整検出: theoj246 2024/10/13 9:31 開始 → 09:31
調整検出: osaryo523778 2024/10/17 1:18 終了 → 01:18
調整検出: theoj246 2024/10/17 8:58 開始 → 08:58
調整検出: theoj246 2024/10/17 9:43 終了 → 09:43
調整検出: osaryo523778 2024/10/18 0:00 終了 → 00:00
調整検出: theoj246 2024/10/18 9:11 開始 → 09:11
調整検出: theoj246 2024/10/20 9:53 開始 → 09:53
調整検出: osaryo523778 2024/10/21 1:10 終了 → 01:10
調整検出: osaryo523778 2024/10/21 8:03 開始 → 08:03
調整検出: theoj246 2024/10/23 8:43 開始 → 08:43
調整検出: theoj246 2024/10/23 9:40 終了 → 09:40
調整検出: osaryo523778 2024/10/26 2:53 s → 02:53
調整検出: osaryo523778 2024/10/26 4:53 f → 04:53
調整検出: theoj246 2024/10/27 0:24 s → 00:24
調整検出: theoj246 2024/10/27 1:30 f → 01:30
調整検出: theoj246 2024/10/28 0:17 s → 00:17
調整検出: theoj246 2024/10/28 1:34 f → 01:34
調整検出: ryo4ryo4n66 2024/10/29 0:57 f → 00:57
調整検出: theoj246 2024/11/04 0:02 s → 00:02
調整検出: theoj246 2024/11/04 0:18 f → 00:18
調整検出: theoj246 2024/11/08 0:51 f → 00:51
調整検出: theoj246 2024/11/10 1:26 f → 01:26
調整検出: ryo4ryo4n66 2024/11/12 0:15 f → 00:15
調整検出: osaryo523778 2024/11/16 1:34 s → 01:34
調整検出: ryo4ryo4n66 2024/11/16 2:52 f → 02:52
調整検出: osaryo523778 2024/11/16 4:21 f → 04:21
調整検出: osaryo523778 2024/11/17 0:43 f → 00:43
調整検出: theoj246 2024/11/18 0:13 s → 00:13
調整検出: theoj246 2024/11/18 0:41 f → 00:41
調整検出: theoj246 2024/11/21 0:49 f → 00:49
調整検出: theoj246 2024/11/23 2:08 f → 02:08
調整検出: theoj246 2024/11/24 1:11 f → 01:11
調整検出: osaryo523778 2024/11/26 0:26 f → 00:26
調整検出: theoj246 2024/11/28 0:49 f → 00:49
調整検出: theoj246 2024/11/29 1:33 f → 01:33
調整検出: osaryo523778 2024/12/03 1:49 f → 01:49
調整検出: ryo4ryo4n66 2024/12/06 0:53 s → 00:53
調整検出: ryo4ryo4n66 2024/12/06 2:20 f → 02:20
調整検出: osaryo523778 2024/12/10 1:17 s → 01:17
調整検出: osaryo523778 2024/12/10 3:27 f → 03:27
調整検出: theoj246 2024/12/10 8:32 s → 08:32
調整検出: theoj246 2024/12/11 9:46 s → 09:46
調整検出: theoj246 2024/12/14 9:01 s → 09:01
調整検出: info 2024/12/14 9:17 s → 09:17
調整検出: ryo4ryo4n66 2024/12/15 0:09 f → 00:09
調整検出: theoj246 2024/12/16 0:52 f → 00:52
調整検出: theoj246 2024/12/16 8:42 s → 08:42
調整検出: theoj246 2024/12/17 0:04 f → 00:04
調整検出: theoj246 2024/12/18 8:53 f -30s → 08:53
調整検出: theoj246 2024/12/18 8:53 s → 08:53
調整検出: theoj246 2024/12/19 1:03 f 22:00 → 01:03
調整検出: theoj246 2024/12/19 9:34 s → 09:34
調整検出: theoj246 2024/12/20 9:01 s → 09:01
調整検出: theoj246 2024/12/20 9:51 f → 09:51
調整検出: theoj246 2024/12/22 0:34 f → 00:34
調整検出: theoj246 2024/12/22 9:36 s → 09:36
調整検出: theoj246 2024/12/24 9:46 s → 09:46
調整検出: theoj246 2025/01/04 0:40 f → 00:40
調整検出: theoj246 2025/01/04 9:58 s → 09:58
調整検出: theoj246 2025/01/10 0:35 f → 00:35
調整検出: theoj246 2025/01/13 0:47 f → 00:47
調整検出: osaryo523778 2025/01/14 0:58 f → 00:58
調整検出: theoj246 2025/01/16 9:09 f - 21:00 → 09:09
調整検出: theoj246 2025/01/20 9:16 s → 09:16
調整検出: theoj246 2025/01/20 9:49 f → 09:49
調整検出: theoj246 2025/01/27 9:03 s → 09:03
調整検出: ryo4ryo4n66 2025/01/30 0:02 s → 00:02
調整検出: ryo4ryo4n66 2025/01/30 3:07 f → 03:07
調整検出: theoj246 2025/02/11 1:17 s → 01:17
調整検出: theoj246 2025/02/11 1:40 f → 01:40
調整検出: theoj246 2025/02/12 0:27 f → 00:27
調整検出: theoj246 2025/02/13 9:21 s → 09:21
調整検出: theoj246 2025/02/19 9:07 s → 09:07
調整検出: theoj246 2025/02/24 0:27 f → 00:27
調整検出: ryo4ryo4n66 2025/02/27 0:03 f → 00:03
調整検出: kimoppy126 2025/03/06 7:29 s → 07:29
調整検出: kimoppy126 2025/03/06 9:25 f → 09:25
調整検出: kimoppy126 2025/03/09 8:38 s → 08:38
調整検出: theoj246 2025/03/10 0:07 f → 00:07
調整検出: ryo4ryo4n66 2025/03/10 0:26 f → 00:26
調整検出: theoj246 2025/03/10 9:58 s → 09:58
調整検出: ryo4ryo4n66 2025/03/11 1:03 f -3:35 → 01:03
調整検出: theoj246 2025/03/11 1:09 f → 01:09
調整検出: theoj246 2025/03/11 9:47 s → 09:47
調整検出: theoj246 2025/03/12 0:07 f → 00:07
調整検出: theoj246 2025/03/18 0:25 f 20:20 → 00:25
調整検出: ryo4ryo4n66 2025/03/18 0:32 f 20:20 → 00:32
調整検出: ryo4ryo4n66 2025/03/18 0:32 s → 00:32
調整検出: theoj246 2025/03/18 1:13 s → 01:13
調整検出: theoj246 2025/03/18 1:35 f → 01:35
調整検出: ryo4ryo4n66 2025/03/18 1:50 f → 01:50
調整検出: ryo4ryo4n66 2025/03/22 1:18 s → 01:18
調整検出: ryo4ryo4n66 2025/03/22 2:09 f → 02:09
調整検出: theoj246 2025/03/22 5:06 f → 05:06
調整検出: theoj246 2025/03/24 0:11 f → 00:11
調整検出: theoj246 2025/03/26 0:11 s → 00:11
調整検出: theoj246 2025/03/26 1:07 f → 01:07
調整検出: ryo4ryo4n66 2025/03/26 1:11 s → 01:11
調整検出: ryo4ryo4n66 2025/03/26 1:59 f ＋ 180 → 01:59
調整検出: theoj246 2025/03/28 0:42 f → 00:42
調整検出: ryo4ryo4n66 2025/03/28 0:45 s → 00:45
調整検出: ryo4ryo4n66 2025/03/28 2:41 f → 02:41
調整検出: theoj246 2025/03/31 9:12 s → 09:12
調整検出: ryo4ryo4n66 2025/04/01 0:46 f → 00:46
調整検出: ryo4ryo4n66 2025/04/03 1:16 f → 01:16
調整検出: theoj246 2025/04/04 0:37 f → 00:37
調整検出: theoj246 2025/04/05 0:44 f → 00:44
調整検出: theoj246 2025/04/07 0:30 s → 00:30
調整検出: theoj246 2025/04/07 2:20 f → 02:20
調整検出: ryo4ryo4n66 2025/04/08 0:05 s → 00:05
調整検出: ryo4ryo4n66 2025/04/08 0:35 f → 00:35
調整検出: theoj246 2025/04/09 1:01 f → 01:01
調整検出: theoj246 2025/04/10 0:14 s → 00:14
調整検出: theoj246 2025/04/10 0:39 f → 00:39
調整検出: kimoppy126 2025/04/14 1:31 f → 01:31
調整検出: theoj246 2025/04/16 0:02 f → 00:02
調整検出: kimoppy126 2025/04/20 4:05 f → 04:05
調整検出: theoj246 2025/04/21 1:29 f → 01:29
調整検出: ryo4ryo4n66 2025/04/22 0:31 s → 00:31
調整検出: theoj246 2025/04/22 0:45 f → 00:45
調整検出: ryo4ryo4n66 2025/04/22 1:04 f → 01:04
調整検出: ryo4ryo4n66 2025/04/23 0:49 f → 00:49
調整検出: theoj246 2025/04/23 1:33 f → 01:33
調整検出: theoj246 2025/04/23 9:52 s → 09:52
調整検出: theoj246 2025/04/25 0:19 f → 00:19
調整検出: theoj246 2025/04/30 0:14 s → 00:14
調整検出: theoj246 2025/04/30 2:13 f → 02:13
調整検出: theoj246 2025/05/03 1:37 f → 01:37
調整検出: theoj246 2025/05/08 0:54 f → 00:54
調整検出: theoj246 2025/05/09 0:38 f → 00:38
調整検出: ryo4ryo4n66 2025/05/14 1:57 s → 01:57
調整検出: ryo4ryo4n66 2025/05/14 1:58 f60 → 01:58
調整検出: theoj246 2025/05/16 1:11 f → 01:11
調整検出: theoj246 2025/05/17 2:51 f → 02:51
調整検出: theoj246 2025/05/18 0:18 f → 00:18
調整検出: theoj246 2025/05/19 4:43 s → 04:43
調整検出: theoj246 2025/05/19 8:22 f → 08:22
調整検出: theoj246 2025/05/21 9:22 s → 09:22
調整検出: theoj246 2025/05/22 9:16 s → 09:16
調整検出: ryo4ryo4n66 2025/05/23 0:40 s → 00:40
調整検出: ryo4ryo4n66 2025/05/23 2:15 f → 02:15
調整検出: theoj246 2025/05/23 9:34 s → 09:34
調整検出: ryo4ryo4n66 2025/05/24 0:09 s → 00:09
調整検出: ryo4ryo4n66 2025/05/24 1:17 f → 01:17
調整検出: theoj246 2025/05/24 8:51 s → 08:51
調整検出: theoj246 2025/05/26 8:47 s → 08:47
調整検出: ryo4ryo4n66 2025/05/27 1:36 s → 01:36
調整検出: ryo4ryo4n66 2025/05/27 3:04 f → 03:04
調整検出: kimoppy126 2025/05/28 0:03 f 5/25 19:00 → 00:03
調整検出: theoj246 2025/05/28 0:43 f → 00:43
調整検出: theoj246 2025/05/28 9:56 s → 09:56
調整検出: theoj246 2025/05/29 0:41 s → 00:41
調整検出: theoj246 2025/05/29 2:22 f → 02:22
調整検出: ryo4ryo4n66 2025/05/31 0:58 f → 00:58
調整検出: ryo4ryo4n66 2025/06/02 0:08 s → 00:08
調整検出: ryo4ryo4n66 2025/06/02 2:12 f → 02:12
調整検出: hinako.tsutsumi2525 2025/06/05 1:51 s → 01:51
調整検出: theoj246 2025/06/05 1:57 f → 01:57
調整検出: hinako.tsutsumi2525 2025/06/05 2:28 f → 02:28
調整検出: ujwal.kumar252725 2025/06/05 8:00 f 23:30 → 08:00
調整検出: hinako.tsutsumi2525 2025/06/06 2:15 s → 02:15
調整検出: hinako.tsutsumi2525 2025/06/06 3:24 f → 03:24
調整検出: hinako.tsutsumi2525 2025/06/07 0:22 s → 00:22
調整検出: hinako.tsutsumi2525 2025/06/07 0:57 f → 00:57
調整検出: hinako.tsutsumi2525 2025/06/07 1:45 s → 01:45
調整検出: hinako.tsutsumi2525 2025/06/07 2:08 f → 02:08
調整検出: ujwal.kumar252725 2025/06/09 9:32 f 17:30 → 09:32
調整検出: theoj246 2025/06/10 3:09 f 2:00 → 03:09
調整検出: hinako.tsutsumi2525 2025/06/11 1:05 s → 01:05
調整検出: theoj246 2025/06/11 1:43 f → 01:43
調整検出: hinako.tsutsumi2525 2025/06/11 1:53 f → 01:53
調整検出: ujwal.kumar252725 2025/06/14 8:15 f 11:30 → 08:15
調整検出: hinako.tsutsumi2525 2025/06/16 9:05 s → 09:05
調整検出: ryo4ryo4n66 2025/06/17 1:47 s → 01:47
調整検出: hinako.tsutsumi2525 2025/06/17 2:00 s → 02:00
調整検出: hinako.tsutsumi2525 2025/06/17 2:53 f → 02:53
調整検出: ryo4ryo4n66 2025/06/17 3:51 f → 03:51
調整検出: hinako.tsutsumi2525 2025/06/18 1:32 s → 01:32
調整検出: theoj246 2025/06/18 2:21 f → 02:21
調整検出: hinako.tsutsumi2525 2025/06/18 2:36 f → 02:36
調整検出: hinako.tsutsumi2525 2025/06/19 1:27 s → 01:27
調整検出: hinako.tsutsumi2525 2025/06/19 4:03 f → 04:03
調整検出: hinako.tsutsumi2525 2025/06/20 0:02 s → 00:02
調整検出: hinako.tsutsumi2525 2025/06/20 0:37 f → 00:37
調整検出: hinako.tsutsumi2525 2025/06/21 0:08 s → 00:08
調整検出: theoj246 2025/06/21 0:58 s → 00:58
調整検出: theoj246 2025/06/21 1:56 f → 01:56
調整検出: hinako.tsutsumi2525 2025/06/21 2:19 f → 02:19
調整検出: hinako.tsutsumi2525 2025/06/22 1:56 s → 01:56
調整検出: hinako.tsutsumi2525 2025/06/22 2:39 f → 02:39
調整検出: hinako.tsutsumi2525 2025/06/23 9:43 s → 09:43
調整検出: kouki0802.ao 2025/06/24 0:43 s 00:00 → 00:43
調整検出: kouki0802.ao 2025/06/24 0:44 f 00:30 → 00:44
調整検出: theoj246 2025/06/24 2:31 f → 02:31
調整検出: theoj246 2025/06/25 0:57 f → 00:57
調整検出: ryo4ryo4n66 2025/06/26 0:37 s → 00:37
調整検出: hinako.tsutsumi2525 2025/06/26 1:12 s → 01:12
調整検出: ryo4ryo4n66 2025/06/26 2:23 f → 02:23
調整検出: hinako.tsutsumi2525 2025/06/26 3:48 f → 03:48
調整検出: hinako.tsutsumi2525 2025/06/26 4:44 s → 04:44
調整検出: hinako.tsutsumi2525 2025/06/26 4:51 f → 04:51
調整検出: theoj246 2025/06/29 0:33 f → 00:33
調整検出: hinako.tsutsumi2525 2025/06/29 2:00 s → 02:00
調整検出: hinako.tsutsumi2525 2025/06/29 2:17 f → 02:17
調整検出: kimoppy126 2025/06/30 1:42 f → 01:42
調整検出: theoj246 2025/06/30 2:55 f → 02:55
調整検出: hinako.tsutsumi2525 2025/07/01 2:46 s → 02:46
調整検出: hinako.tsutsumi2525 2025/07/01 4:05 f → 04:05
調整検出: hinako.tsutsumi2525 2025/07/02 9:27 s → 09:27
調整検出: theoj246 2025/07/04 4:17 f → 04:17
調整検出: theoj246 2025/07/04 4:59 s → 04:59
調整検出: theoj246 2025/07/04 6:48 f → 06:48
調整検出: theoj246 2025/07/04 7:20 s → 07:20
調整検出: theoj246 2025/07/04 7:53 f → 07:53
調整検出: hinako.tsutsumi2525 2025/07/07 3:46 s → 03:46
調整検出: hinako.tsutsumi2525 2025/07/07 4:09 f → 04:09
調整検出: hinako.tsutsumi2525 2025/07/08 0:54 s → 00:54
調整検出: hinako.tsutsumi2525 2025/07/08 2:03 f → 02:03
調整検出: ryo4ryo4n66 2025/07/09 0:36 f → 00:36
調整検出: kimoppy126 2025/07/09 0:57 s → 00:57
調整検出: hinako.tsutsumi2525 2025/07/09 9:50 s → 09:50
調整検出: ryo4ryo4n66 2025/07/10 0:14 s → 00:14
調整検出: ryo4ryo4n66 2025/07/10 1:04 f → 01:04
調整検出: kouki0802.ao 2025/07/11 1:30 s 1:00 → 01:30
調整検出: kouki0802.ao 2025/07/11 2:50 f → 02:50
調整検出: theoj246 2025/07/15 0:12 f → 00:12
調整検出: ryo4ryo4n66 2025/07/17 1:12 s → 01:12
調整検出: ryo4ryo4n66 2025/07/17 1:46 f +72 → 01:46
調整検出: hinako.tsutsumi2525 2025/07/19 1:44 s → 01:44
調整検出: hinako.tsutsumi2525 2025/07/19 2:32 f → 02:32
調整検出: kouki0802.ao 2025/07/19 2:40 s +20 → 02:40
調整検出: kouki0802.ao 2025/07/19 3:17 f → 03:17
調整検出: kouki0802.ao 2025/07/21 0:16 s → 00:16
調整検出: kouki0802.ao 2025/07/21 0:52 f → 00:52
調整検出: hinako.tsutsumi2525 2025/07/23 3:56 s → 03:56
調整検出: hinako.tsutsumi2525 2025/07/23 4:28 f → 04:28
調整検出: theoj246 2025/07/25 1:20 f → 01:20
調整検出: hinako.tsutsumi2525 2025/07/25 2:42 s → 02:42
調整検出: ryo4ryo4n66 2025/07/25 2:46 f → 02:46
調整検出: hinako.tsutsumi2525 2025/07/25 4:14 f → 04:14
調整検出: erin.isozu 2025/07/26 0:34 f → 00:34
調整検出: theoj246 2025/07/27 0:17 s → 00:17
調整検出: theoj246 2025/07/27 2:32 f → 02:32
調整検出: hinako.tsutsumi2525 2025/07/28 1:19 s → 01:19
調整検出: hinako.tsutsumi2525 2025/07/28 2:37 f → 02:37
調整検出: yuta.takasu 2025/07/28 9:14 s aoki → 09:14
調整検出: yuta.takasu 2025/07/28 9:26 f aoki → 09:26
調整検出: kouki0802.ao 2025/07/30 0:14 f 18:21 → 00:14
調整検出: ryo4ryo4n66 2025/07/30 0:16 f → 00:16
調整検出: kouki0802.ao 2025/07/30 0:17 s → 00:17
調整検出: kouki0802.ao 2025/07/30 1:57 f → 01:57
調整検出: ryo4ryo4n66 2025/07/31 0:40 s → 00:40
調整検出: ryo4ryo4n66 2025/07/31 3:35 f → 03:35
調整検出: yuta.takasu 2025/07/31 9:19 s aoki → 09:19
調整検出: yuta.takasu 2025/07/31 9:34 f aoki → 09:34
調整検出: hinako.tsutsumi2525 2025/07/31 9:38 s → 09:38
調整検出: kouki0802.ao 2025/08/01 0:13 f → 00:13
調整検出: kimoppy126 2025/08/01 0:16 s → 00:16
調整検出: ryo4ryo4n66 2025/08/04 0:19 s → 00:19
調整検出: ryo4ryo4n66 2025/08/04 1:10 f +90 → 01:10
調整検出: erin.isozu 2025/08/05 1:52 f → 01:52
メッセージから調整検出: f-20 → -20分調整
調整検出: marikou180522 2025/08/06 19:39 f-20 → 19:19
調整検出: ryo4ryo4n66 2025/08/07 0:57 s → 00:57
調整検出: marikou180522 2025/08/07 1:01 f → 01:01
調整検出: erin.isozu 2025/08/07 2:07 s → 02:07
調整検出: ryo4ryo4n66 2025/08/07 3:14 f → 03:14
調整検出: erin.isozu 2025/08/07 4:12 f → 04:12
メッセージから調整検出: s+60 → 60分調整
調整検出: marikou180522 2025/08/07 19:32 s+60 → 18:32
メッセージから調整検出: s+20 → 20分調整
調整検出: marikou180522 2025/08/07 23:58 s+20 → 23:38
調整検出: ryo4ryo4n66 2025/08/08 0:36 s → 00:36
調整検出: marikou180522 2025/08/08 0:47 f → 00:47
調整検出: theoj246 2025/08/08 1:38 f → 01:38
調整検出: ryo4ryo4n66 2025/08/08 4:40 f → 04:40
調整検出: marikou180522 2025/08/08 6:04 s → 06:04
調整検出: marikou180522 2025/08/08 8:00 f → 08:00
メッセージから調整検出: f-45 → -45分調整
調整検出: marikou180522 2025/08/08 19:30 f-45 → 18:45
調整検出: erin.isozu 2025/08/09 0:17 s → 00:17
調整検出: ryo4ryo4n66 2025/08/09 0:48 s → 00:48
調整検出: erin.isozu 2025/08/09 1:50 f → 01:50
調整検出: ryo4ryo4n66 2025/08/09 2:52 f → 02:52
調整検出: erin.isozu 2025/08/09 4:44 s → 04:44
調整検出: erin.isozu 2025/08/09 6:08 f -40 → 06:08
調整検出: theoj246 2025/08/09 9:30 s → 09:30
調整検出: erin.isozu 2025/08/10 0:14 f → 00:14
調整検出: erin.isozu 2025/08/10 0:46 s → 00:46
調整検出: erin.isozu 2025/08/10 2:09 f → 02:09
調整検出: erin.isozu 2025/08/10 4:12 s → 04:12
調整検出: erin.isozu 2025/08/10 6:33 f → 06:33
調整検出: kouki0802.ao 2025/08/11 0:10 f → 00:10
調整検出: erin.isozu 2025/08/11 1:04 f → 01:04
メッセージから調整検出: s+90 → 90分調整
調整検出: marikou180522 2025/08/11 1:55 s+90 → 00:25
警告: Yohei Watanabe - 開始時刻なしの終了 2024/06/21 21:30
警告: Yohei Watanabe - 連続する開始時刻を検出、前のセッションを自動終了
警告: deerveryone - 開始時刻なしの終了 2024/09/05 18:54
警告: deerveryone - 開始時刻なしの終了 2024/09/05 21:10
警告: info - 開始時刻なしの終了 2024/10/31 18:03
警告: info - 連続する開始時刻を検出、前のセッションを自動終了
エラー: info - 24時間超過を検出 2024/12/14 09:17 → 2025/05/20 13:44 = 226347分
警告: info - 開始時刻なしの終了 2025/07/18 21:49
情報: info - 未完了のセッション 2025/07/18 21:51
警告: theoj246 - 連続する開始時刻を検出、前のセッションを自動終了
警告: theoj246 - 開始時刻なしの終了 2025/03/06 16:51
警告: theoj246 - 連続する開始時刻を検出、前のセッションを自動終了
警告: theoj246 - 開始時刻なしの終了 2025/03/10 17:58
警告: theoj246 - 開始時刻なしの終了 2025/03/10 19:05
警告: theoj246 - 連続する開始時刻を検出、前のセッションを自動終了
警告: theoj246 - 開始時刻なしの終了 2025/03/11 01:09
警告: theoj246 - 連続する開始時刻を検出、前のセッションを自動終了
警告: theoj246 - 連続する開始時刻を検出、前のセッションを自動終了
エラー: theoj246 - 24時間超過を検出 2025/07/12 15:51 → 2025/07/14 10:34 = 2563分
警告: theoj246 - 連続する開始時刻を検出、前のセッションを自動終了
警告: theoj246 - 開始時刻なしの終了 2025/08/06 13:33
エラー: ryo4ryo4n66 - 24時間超過を検出 2024/11/02 13:59 → 2024/11/03 15:36 = 1537分
警告: ryo4ryo4n66 - 連続する開始時刻を検出、前のセッションを自動終了
警告: ryo4ryo4n66 - 連続する開始時刻を検出、前のセッションを自動終了
警告: ryo4ryo4n66 - 開始時刻なしの終了 2025/03/11 14:15
警告: ryo4ryo4n66 - 連続する開始時刻を検出、前のセッションを自動終了
警告: ryo4ryo4n66 - 開始時刻なしの終了 2025/03/26 17:50
警告: ryo4ryo4n66 - 連続する開始時刻を検出、前のセッションを自動終了
警告: ryo4ryo4n66 - 連続する開始時刻を検出、前のセッションを自動終了
エラー: ryo4ryo4n66 - 24時間超過を検出 2025/05/10 15:56 → 2025/05/12 13:03 = 2707分
警告: ryo4ryo4n66 - 開始時刻なしの終了 2025/06/13 19:47
警告: ryo4ryo4n66 - 開始時刻なしの終了 2025/07/09 13:35
情報: A - 未完了のセッション 2024/09/25 13:22
警告: osaryo523778 - 連続する開始時刻を検出、前のセッションを自動終了
エラー: kimoppy126 - 24時間超過を検出 2025/05/25 15:05 → 2025/05/28 00:03 = 3418分
警告: kimoppy126 - 連続する開始時刻を検出、前のセッションを自動終了
警告: kimoppy126 - 連続する開始時刻を検出、前のセッションを自動終了
警告: kimoppy126 - 連続する開始時刻を検出、前のセッションを自動終了
警告: kimoppy126 - 連続する開始時刻を検出、前のセッションを自動終了
情報: kimoppy126 - 未完了のセッション 2025/08/01 00:16
警告: yuta.takasu - 連続する開始時刻を検出、前のセッションを自動終了
警告: yuta.takasu - 連続する開始時刻を検出、前のセッションを自動終了
警告: yuta.takasu - 連続する開始時刻を検出、前のセッションを自動終了
警告: hinako.tsutsumi2525 - 開始時刻なしの終了 2025/06/23 14:49
警告: ujwal.kumar252725 - 連続する開始時刻を検出、前のセッションを自動終了
警告: ujwal.kumar252725 - 開始時刻なしの終了 2025/07/10 23:18
警告: ujwal.kumar252725 - 開始時刻なしの終了 2025/07/15 18:31
警告: ujwal.kumar252725 - 開始時刻なしの終了 2025/07/16 11:59
警告: ujwal.kumar252725 - 開始時刻なしの終了 2025/07/18 21:49
警告: ujwal.kumar252725 - 連続する開始時刻を検出、前のセッションを自動終了
警告: ujwal.kumar252725 - 連続する開始時刻を検出、前のセッションを自動終了
情報: ujwal.kumar252725 - 未完了のセッション 2025/07/18 21:51
警告: kouki0802.ao - 開始時刻なしの終了 2025/06/20 17:11
警告: kouki0802.ao - 開始時刻なしの終了 2025/06/28 18:25
警告: kouki0802.ao - 開始時刻なしの終了 2025/07/03 17:13
エラー: kouki0802.ao - 24時間超過を検出 2025/07/04 17:50 → 2025/07/05 17:59 = 1449分
警告: kouki0802.ao - 連続する開始時刻を検出、前のセッションを自動終了
警告: kouki0802.ao - 連続する開始時刻を検出、前のセッションを自動終了
警告: kouki0802.ao - 開始時刻なしの終了 2025/08/05 18:18
警告: marikou180522 - 連続する開始時刻を検出、前のセッションを自動終了
情報: marikou180522 - 未完了のセッション 2025/08/11 00:25
INFO:     127.0.0.1:51834 - "GET /subpage/daily-chart?days=31&top_users=15 HTTP/1.1" 200 OK
調整検出: Yohei Watanabe 2024/06/16 3:10 終了 → 03:10
調整検出: Yohei Watanabe 2024/06/27 0:07 開始 → 00:07
調整検出: Yohei Watanabe 2024/06/27 2:03 終了 → 02:03
調整検出: deerveryone 2024/07/12 8:50 開始：EB関連Notion管理（修正） → 08:50
調整検出: deerveryone 2024/07/12 9:20 終了 → 09:20
調整検出: lyuki093 2024/07/16 8:57 開始 → 08:57
調整検出: deerveryone 2024/07/16 9:38 開始 → 09:38
調整検出: deerveryone 2024/08/21 7:54 開始 → 07:54
調整検出: deerveryone 2024/08/21 9:02 終了 → 09:02
調整検出: deerveryone 2024/08/28 8:52 開始 → 08:52
調整検出: theoj246 2024/09/06 8:22 開始 → 08:22
調整検出: deerveryone 2024/09/06 9:20 開始（08:20に修正） → 09:20
調整検出: theoj246 2024/09/06 9:31 終了 → 09:31
調整検出: deerveryone 2024/09/09 9:45 開始 → 09:45
調整検出: deerveryone 2024/09/11 8:56 開始 → 08:56
調整検出: theoj246 2024/09/11 9:59 開始 → 09:59
調整検出: deerveryone 2024/09/11 9:40 終了 9:40 → 09:40
調整検出: theoj246 2024/09/18 0:16 終了 → 00:16
調整検出: deerveryone 2024/09/18 8:51 開始 → 08:51
調整検出: ryo4ryo4n66 2024/09/18 9:32 開始 → 09:32
調整検出: theoj246 2024/09/19 0:19 開始 → 00:19
調整検出: theoj246 2024/09/19 0:47 終了 → 00:47
調整検出: theoj246 2024/09/19 8:53 開始 → 08:53
調整検出: deerveryone 2024/09/21 9:15 開始 → 09:15
調整検出: ryo4ryo4n66 2024/09/21 9:38 開始 → 09:38
調整検出: ryo4ryo4n66 2024/09/23 0:23 開始 → 00:23
調整検出: deerveryone 2024/09/23 9:00 終了 → 09:00
調整検出: theoj246 2024/09/24 9:04 開始 → 09:04
調整検出: theoj246 2024/09/24 9:32 終了 → 09:32
調整検出: theoj246 2024/09/25 8:51 開始 → 08:51
調整検出: deerveryone 2024/09/27 9:08 開始 → 09:08
調整検出: theoj246 2024/10/06 0:45 開始 → 00:45
調整検出: theoj246 2024/10/06 1:46 終了 → 01:46
調整検出: theoj246 2024/10/07 0:05 終了 → 00:05
調整検出: theoj246 2024/10/09 0:52 開始 → 00:52
調整検出: theoj246 2024/10/09 1:19 終了 → 01:19
調整検出: theoj246 2024/10/09 9:06 開始 → 09:06
調整検出: theoj246 2024/10/09 9:58 終了 → 09:58
調整検出: theoj246 2024/10/11 9:23 開始 → 09:23
調整検出: theoj246 2024/10/13 0:29 開始 → 00:29
調整検出: theoj246 2024/10/13 1:29 終了 → 01:29
調整検出: theoj246 2024/10/13 9:31 開始 → 09:31
調整検出: osaryo523778 2024/10/17 1:18 終了 → 01:18
調整検出: theoj246 2024/10/17 8:58 開始 → 08:58
調整検出: theoj246 2024/10/17 9:43 終了 → 09:43
調整検出: osaryo523778 2024/10/18 0:00 終了 → 00:00
調整検出: theoj246 2024/10/18 9:11 開始 → 09:11
調整検出: theoj246 2024/10/20 9:53 開始 → 09:53
調整検出: osaryo523778 2024/10/21 1:10 終了 → 01:10
調整検出: osaryo523778 2024/10/21 8:03 開始 → 08:03
調整検出: theoj246 2024/10/23 8:43 開始 → 08:43
調整検出: theoj246 2024/10/23 9:40 終了 → 09:40
調整検出: osaryo523778 2024/10/26 2:53 s → 02:53
調整検出: osaryo523778 2024/10/26 4:53 f → 04:53
調整検出: theoj246 2024/10/27 0:24 s → 00:24
調整検出: theoj246 2024/10/27 1:30 f → 01:30
調整検出: theoj246 2024/10/28 0:17 s → 00:17
調整検出: theoj246 2024/10/28 1:34 f → 01:34
調整検出: ryo4ryo4n66 2024/10/29 0:57 f → 00:57
調整検出: theoj246 2024/11/04 0:02 s → 00:02
調整検出: theoj246 2024/11/04 0:18 f → 00:18
調整検出: theoj246 2024/11/08 0:51 f → 00:51
調整検出: theoj246 2024/11/10 1:26 f → 01:26
調整検出: ryo4ryo4n66 2024/11/12 0:15 f → 00:15
調整検出: osaryo523778 2024/11/16 1:34 s → 01:34
調整検出: ryo4ryo4n66 2024/11/16 2:52 f → 02:52
調整検出: osaryo523778 2024/11/16 4:21 f → 04:21
調整検出: osaryo523778 2024/11/17 0:43 f → 00:43
調整検出: theoj246 2024/11/18 0:13 s → 00:13
調整検出: theoj246 2024/11/18 0:41 f → 00:41
調整検出: theoj246 2024/11/21 0:49 f → 00:49
調整検出: theoj246 2024/11/23 2:08 f → 02:08
調整検出: theoj246 2024/11/24 1:11 f → 01:11
調整検出: osaryo523778 2024/11/26 0:26 f → 00:26
調整検出: theoj246 2024/11/28 0:49 f → 00:49
調整検出: theoj246 2024/11/29 1:33 f → 01:33
調整検出: osaryo523778 2024/12/03 1:49 f → 01:49
調整検出: ryo4ryo4n66 2024/12/06 0:53 s → 00:53
調整検出: ryo4ryo4n66 2024/12/06 2:20 f → 02:20
調整検出: osaryo523778 2024/12/10 1:17 s → 01:17
調整検出: osaryo523778 2024/12/10 3:27 f → 03:27
調整検出: theoj246 2024/12/10 8:32 s → 08:32
調整検出: theoj246 2024/12/11 9:46 s → 09:46
調整検出: theoj246 2024/12/14 9:01 s → 09:01
調整検出: info 2024/12/14 9:17 s → 09:17
調整検出: ryo4ryo4n66 2024/12/15 0:09 f → 00:09
調整検出: theoj246 2024/12/16 0:52 f → 00:52
調整検出: theoj246 2024/12/16 8:42 s → 08:42
調整検出: theoj246 2024/12/17 0:04 f → 00:04
調整検出: theoj246 2024/12/18 8:53 f -30s → 08:53
調整検出: theoj246 2024/12/18 8:53 s → 08:53
調整検出: theoj246 2024/12/19 1:03 f 22:00 → 01:03
調整検出: theoj246 2024/12/19 9:34 s → 09:34
調整検出: theoj246 2024/12/20 9:01 s → 09:01
調整検出: theoj246 2024/12/20 9:51 f → 09:51
調整検出: theoj246 2024/12/22 0:34 f → 00:34
調整検出: theoj246 2024/12/22 9:36 s → 09:36
調整検出: theoj246 2024/12/24 9:46 s → 09:46
調整検出: theoj246 2025/01/04 0:40 f → 00:40
調整検出: theoj246 2025/01/04 9:58 s → 09:58
調整検出: theoj246 2025/01/10 0:35 f → 00:35
調整検出: theoj246 2025/01/13 0:47 f → 00:47
調整検出: osaryo523778 2025/01/14 0:58 f → 00:58
調整検出: theoj246 2025/01/16 9:09 f - 21:00 → 09:09
調整検出: theoj246 2025/01/20 9:16 s → 09:16
調整検出: theoj246 2025/01/20 9:49 f → 09:49
調整検出: theoj246 2025/01/27 9:03 s → 09:03
調整検出: ryo4ryo4n66 2025/01/30 0:02 s → 00:02
調整検出: ryo4ryo4n66 2025/01/30 3:07 f → 03:07
調整検出: theoj246 2025/02/11 1:17 s → 01:17
調整検出: theoj246 2025/02/11 1:40 f → 01:40
調整検出: theoj246 2025/02/12 0:27 f → 00:27
調整検出: theoj246 2025/02/13 9:21 s → 09:21
調整検出: theoj246 2025/02/19 9:07 s → 09:07
調整検出: theoj246 2025/02/24 0:27 f → 00:27
調整検出: ryo4ryo4n66 2025/02/27 0:03 f → 00:03
調整検出: kimoppy126 2025/03/06 7:29 s → 07:29
調整検出: kimoppy126 2025/03/06 9:25 f → 09:25
調整検出: kimoppy126 2025/03/09 8:38 s → 08:38
調整検出: theoj246 2025/03/10 0:07 f → 00:07
調整検出: ryo4ryo4n66 2025/03/10 0:26 f → 00:26
調整検出: theoj246 2025/03/10 9:58 s → 09:58
調整検出: ryo4ryo4n66 2025/03/11 1:03 f -3:35 → 01:03
調整検出: theoj246 2025/03/11 1:09 f → 01:09
調整検出: theoj246 2025/03/11 9:47 s → 09:47
調整検出: theoj246 2025/03/12 0:07 f → 00:07
調整検出: theoj246 2025/03/18 0:25 f 20:20 → 00:25
調整検出: ryo4ryo4n66 2025/03/18 0:32 f 20:20 → 00:32
調整検出: ryo4ryo4n66 2025/03/18 0:32 s → 00:32
調整検出: theoj246 2025/03/18 1:13 s → 01:13
調整検出: theoj246 2025/03/18 1:35 f → 01:35
調整検出: ryo4ryo4n66 2025/03/18 1:50 f → 01:50
調整検出: ryo4ryo4n66 2025/03/22 1:18 s → 01:18
調整検出: ryo4ryo4n66 2025/03/22 2:09 f → 02:09
調整検出: theoj246 2025/03/22 5:06 f → 05:06
調整検出: theoj246 2025/03/24 0:11 f → 00:11
調整検出: theoj246 2025/03/26 0:11 s → 00:11
調整検出: theoj246 2025/03/26 1:07 f → 01:07
調整検出: ryo4ryo4n66 2025/03/26 1:11 s → 01:11
調整検出: ryo4ryo4n66 2025/03/26 1:59 f ＋ 180 → 01:59
調整検出: theoj246 2025/03/28 0:42 f → 00:42
調整検出: ryo4ryo4n66 2025/03/28 0:45 s → 00:45
調整検出: ryo4ryo4n66 2025/03/28 2:41 f → 02:41
調整検出: theoj246 2025/03/31 9:12 s → 09:12
調整検出: ryo4ryo4n66 2025/04/01 0:46 f → 00:46
調整検出: ryo4ryo4n66 2025/04/03 1:16 f → 01:16
調整検出: theoj246 2025/04/04 0:37 f → 00:37
調整検出: theoj246 2025/04/05 0:44 f → 00:44
調整検出: theoj246 2025/04/07 0:30 s → 00:30
調整検出: theoj246 2025/04/07 2:20 f → 02:20
調整検出: ryo4ryo4n66 2025/04/08 0:05 s → 00:05
調整検出: ryo4ryo4n66 2025/04/08 0:35 f → 00:35
調整検出: theoj246 2025/04/09 1:01 f → 01:01
調整検出: theoj246 2025/04/10 0:14 s → 00:14
調整検出: theoj246 2025/04/10 0:39 f → 00:39
調整検出: kimoppy126 2025/04/14 1:31 f → 01:31
調整検出: theoj246 2025/04/16 0:02 f → 00:02
調整検出: kimoppy126 2025/04/20 4:05 f → 04:05
調整検出: theoj246 2025/04/21 1:29 f → 01:29
調整検出: ryo4ryo4n66 2025/04/22 0:31 s → 00:31
調整検出: theoj246 2025/04/22 0:45 f → 00:45
調整検出: ryo4ryo4n66 2025/04/22 1:04 f → 01:04
調整検出: ryo4ryo4n66 2025/04/23 0:49 f → 00:49
調整検出: theoj246 2025/04/23 1:33 f → 01:33
調整検出: theoj246 2025/04/23 9:52 s → 09:52
調整検出: theoj246 2025/04/25 0:19 f → 00:19
調整検出: theoj246 2025/04/30 0:14 s → 00:14
調整検出: theoj246 2025/04/30 2:13 f → 02:13
調整検出: theoj246 2025/05/03 1:37 f → 01:37
調整検出: theoj246 2025/05/08 0:54 f → 00:54
調整検出: theoj246 2025/05/09 0:38 f → 00:38
調整検出: ryo4ryo4n66 2025/05/14 1:57 s → 01:57
調整検出: ryo4ryo4n66 2025/05/14 1:58 f60 → 01:58
調整検出: theoj246 2025/05/16 1:11 f → 01:11
調整検出: theoj246 2025/05/17 2:51 f → 02:51
調整検出: theoj246 2025/05/18 0:18 f → 00:18
調整検出: theoj246 2025/05/19 4:43 s → 04:43
調整検出: theoj246 2025/05/19 8:22 f → 08:22
調整検出: theoj246 2025/05/21 9:22 s → 09:22
調整検出: theoj246 2025/05/22 9:16 s → 09:16
調整検出: ryo4ryo4n66 2025/05/23 0:40 s → 00:40
調整検出: ryo4ryo4n66 2025/05/23 2:15 f → 02:15
調整検出: theoj246 2025/05/23 9:34 s → 09:34
調整検出: ryo4ryo4n66 2025/05/24 0:09 s → 00:09
調整検出: ryo4ryo4n66 2025/05/24 1:17 f → 01:17
調整検出: theoj246 2025/05/24 8:51 s → 08:51
調整検出: theoj246 2025/05/26 8:47 s → 08:47
調整検出: ryo4ryo4n66 2025/05/27 1:36 s → 01:36
調整検出: ryo4ryo4n66 2025/05/27 3:04 f → 03:04
調整検出: kimoppy126 2025/05/28 0:03 f 5/25 19:00 → 00:03
調整検出: theoj246 2025/05/28 0:43 f → 00:43
調整検出: theoj246 2025/05/28 9:56 s → 09:56
調整検出: theoj246 2025/05/29 0:41 s → 00:41
調整検出: theoj246 2025/05/29 2:22 f → 02:22
調整検出: ryo4ryo4n66 2025/05/31 0:58 f → 00:58
調整検出: ryo4ryo4n66 2025/06/02 0:08 s → 00:08
調整検出: ryo4ryo4n66 2025/06/02 2:12 f → 02:12
調整検出: hinako.tsutsumi2525 2025/06/05 1:51 s → 01:51
調整検出: theoj246 2025/06/05 1:57 f → 01:57
調整検出: hinako.tsutsumi2525 2025/06/05 2:28 f → 02:28
調整検出: ujwal.kumar252725 2025/06/05 8:00 f 23:30 → 08:00
調整検出: hinako.tsutsumi2525 2025/06/06 2:15 s → 02:15
調整検出: hinako.tsutsumi2525 2025/06/06 3:24 f → 03:24
調整検出: hinako.tsutsumi2525 2025/06/07 0:22 s → 00:22
調整検出: hinako.tsutsumi2525 2025/06/07 0:57 f → 00:57
調整検出: hinako.tsutsumi2525 2025/06/07 1:45 s → 01:45
調整検出: hinako.tsutsumi2525 2025/06/07 2:08 f → 02:08
調整検出: ujwal.kumar252725 2025/06/09 9:32 f 17:30 → 09:32
調整検出: theoj246 2025/06/10 3:09 f 2:00 → 03:09
調整検出: hinako.tsutsumi2525 2025/06/11 1:05 s → 01:05
調整検出: theoj246 2025/06/11 1:43 f → 01:43
調整検出: hinako.tsutsumi2525 2025/06/11 1:53 f → 01:53
調整検出: ujwal.kumar252725 2025/06/14 8:15 f 11:30 → 08:15
調整検出: hinako.tsutsumi2525 2025/06/16 9:05 s → 09:05
調整検出: ryo4ryo4n66 2025/06/17 1:47 s → 01:47
調整検出: hinako.tsutsumi2525 2025/06/17 2:00 s → 02:00
調整検出: hinako.tsutsumi2525 2025/06/17 2:53 f → 02:53
調整検出: ryo4ryo4n66 2025/06/17 3:51 f → 03:51
調整検出: hinako.tsutsumi2525 2025/06/18 1:32 s → 01:32
調整検出: theoj246 2025/06/18 2:21 f → 02:21
調整検出: hinako.tsutsumi2525 2025/06/18 2:36 f → 02:36
調整検出: hinako.tsutsumi2525 2025/06/19 1:27 s → 01:27
調整検出: hinako.tsutsumi2525 2025/06/19 4:03 f → 04:03
調整検出: hinako.tsutsumi2525 2025/06/20 0:02 s → 00:02
調整検出: hinako.tsutsumi2525 2025/06/20 0:37 f → 00:37
調整検出: hinako.tsutsumi2525 2025/06/21 0:08 s → 00:08
調整検出: theoj246 2025/06/21 0:58 s → 00:58
調整検出: theoj246 2025/06/21 1:56 f → 01:56
調整検出: hinako.tsutsumi2525 2025/06/21 2:19 f → 02:19
調整検出: hinako.tsutsumi2525 2025/06/22 1:56 s → 01:56
調整検出: hinako.tsutsumi2525 2025/06/22 2:39 f → 02:39
調整検出: hinako.tsutsumi2525 2025/06/23 9:43 s → 09:43
調整検出: kouki0802.ao 2025/06/24 0:43 s 00:00 → 00:43
調整検出: kouki0802.ao 2025/06/24 0:44 f 00:30 → 00:44
調整検出: theoj246 2025/06/24 2:31 f → 02:31
調整検出: theoj246 2025/06/25 0:57 f → 00:57
調整検出: ryo4ryo4n66 2025/06/26 0:37 s → 00:37
調整検出: hinako.tsutsumi2525 2025/06/26 1:12 s → 01:12
調整検出: ryo4ryo4n66 2025/06/26 2:23 f → 02:23
調整検出: hinako.tsutsumi2525 2025/06/26 3:48 f → 03:48
調整検出: hinako.tsutsumi2525 2025/06/26 4:44 s → 04:44
調整検出: hinako.tsutsumi2525 2025/06/26 4:51 f → 04:51
調整検出: theoj246 2025/06/29 0:33 f → 00:33
調整検出: hinako.tsutsumi2525 2025/06/29 2:00 s → 02:00
調整検出: hinako.tsutsumi2525 2025/06/29 2:17 f → 02:17
調整検出: kimoppy126 2025/06/30 1:42 f → 01:42
調整検出: theoj246 2025/06/30 2:55 f → 02:55
調整検出: hinako.tsutsumi2525 2025/07/01 2:46 s → 02:46
調整検出: hinako.tsutsumi2525 2025/07/01 4:05 f → 04:05
調整検出: hinako.tsutsumi2525 2025/07/02 9:27 s → 09:27
調整検出: theoj246 2025/07/04 4:17 f → 04:17
調整検出: theoj246 2025/07/04 4:59 s → 04:59
調整検出: theoj246 2025/07/04 6:48 f → 06:48
調整検出: theoj246 2025/07/04 7:20 s → 07:20
調整検出: theoj246 2025/07/04 7:53 f → 07:53
調整検出: hinako.tsutsumi2525 2025/07/07 3:46 s → 03:46
調整検出: hinako.tsutsumi2525 2025/07/07 4:09 f → 04:09
調整検出: hinako.tsutsumi2525 2025/07/08 0:54 s → 00:54
調整検出: hinako.tsutsumi2525 2025/07/08 2:03 f → 02:03
調整検出: ryo4ryo4n66 2025/07/09 0:36 f → 00:36
調整検出: kimoppy126 2025/07/09 0:57 s → 00:57
調整検出: hinako.tsutsumi2525 2025/07/09 9:50 s → 09:50
調整検出: ryo4ryo4n66 2025/07/10 0:14 s → 00:14
調整検出: ryo4ryo4n66 2025/07/10 1:04 f → 01:04
調整検出: kouki0802.ao 2025/07/11 1:30 s 1:00 → 01:30
調整検出: kouki0802.ao 2025/07/11 2:50 f → 02:50
調整検出: theoj246 2025/07/15 0:12 f → 00:12
調整検出: ryo4ryo4n66 2025/07/17 1:12 s → 01:12
調整検出: ryo4ryo4n66 2025/07/17 1:46 f +72 → 01:46
調整検出: hinako.tsutsumi2525 2025/07/19 1:44 s → 01:44
調整検出: hinako.tsutsumi2525 2025/07/19 2:32 f → 02:32
調整検出: kouki0802.ao 2025/07/19 2:40 s +20 → 02:40
調整検出: kouki0802.ao 2025/07/19 3:17 f → 03:17
調整検出: kouki0802.ao 2025/07/21 0:16 s → 00:16
調整検出: kouki0802.ao 2025/07/21 0:52 f → 00:52
調整検出: hinako.tsutsumi2525 2025/07/23 3:56 s → 03:56
調整検出: hinako.tsutsumi2525 2025/07/23 4:28 f → 04:28
調整検出: theoj246 2025/07/25 1:20 f → 01:20
調整検出: hinako.tsutsumi2525 2025/07/25 2:42 s → 02:42
調整検出: ryo4ryo4n66 2025/07/25 2:46 f → 02:46
調整検出: hinako.tsutsumi2525 2025/07/25 4:14 f → 04:14
調整検出: erin.isozu 2025/07/26 0:34 f → 00:34
調整検出: theoj246 2025/07/27 0:17 s → 00:17
調整検出: theoj246 2025/07/27 2:32 f → 02:32
調整検出: hinako.tsutsumi2525 2025/07/28 1:19 s → 01:19
調整検出: hinako.tsutsumi2525 2025/07/28 2:37 f → 02:37
調整検出: yuta.takasu 2025/07/28 9:14 s aoki → 09:14
調整検出: yuta.takasu 2025/07/28 9:26 f aoki → 09:26
調整検出: kouki0802.ao 2025/07/30 0:14 f 18:21 → 00:14
調整検出: ryo4ryo4n66 2025/07/30 0:16 f → 00:16
調整検出: kouki0802.ao 2025/07/30 0:17 s → 00:17
調整検出: kouki0802.ao 2025/07/30 1:57 f → 01:57
調整検出: ryo4ryo4n66 2025/07/31 0:40 s → 00:40
調整検出: ryo4ryo4n66 2025/07/31 3:35 f → 03:35
調整検出: yuta.takasu 2025/07/31 9:19 s aoki → 09:19
調整検出: yuta.takasu 2025/07/31 9:34 f aoki → 09:34
調整検出: hinako.tsutsumi2525 2025/07/31 9:38 s → 09:38
調整検出: kouki0802.ao 2025/08/01 0:13 f → 00:13
調整検出: kimoppy126 2025/08/01 0:16 s → 00:16
調整検出: ryo4ryo4n66 2025/08/04 0:19 s → 00:19
調整検出: ryo4ryo4n66 2025/08/04 1:10 f +90 → 01:10
調整検出: erin.isozu 2025/08/05 1:52 f → 01:52
メッセージから調整検出: f-20 → -20分調整
調整検出: marikou180522 2025/08/06 19:39 f-20 → 19:19
調整検出: ryo4ryo4n66 2025/08/07 0:57 s → 00:57
調整検出: marikou180522 2025/08/07 1:01 f → 01:01
調整検出: erin.isozu 2025/08/07 2:07 s → 02:07
調整検出: ryo4ryo4n66 2025/08/07 3:14 f → 03:14
調整検出: erin.isozu 2025/08/07 4:12 f → 04:12
メッセージから調整検出: s+60 → 60分調整
調整検出: marikou180522 2025/08/07 19:32 s+60 → 18:32
メッセージから調整検出: s+20 → 20分調整
調整検出: marikou180522 2025/08/07 23:58 s+20 → 23:38
調整検出: ryo4ryo4n66 2025/08/08 0:36 s → 00:36
調整検出: marikou180522 2025/08/08 0:47 f → 00:47
調整検出: theoj246 2025/08/08 1:38 f → 01:38
調整検出: ryo4ryo4n66 2025/08/08 4:40 f → 04:40
調整検出: marikou180522 2025/08/08 6:04 s → 06:04
調整検出: marikou180522 2025/08/08 8:00 f → 08:00
メッセージから調整検出: f-45 → -45分調整
調整検出: marikou180522 2025/08/08 19:30 f-45 → 18:45
調整検出: erin.isozu 2025/08/09 0:17 s → 00:17
調整検出: ryo4ryo4n66 2025/08/09 0:48 s → 00:48
調整検出: erin.isozu 2025/08/09 1:50 f → 01:50
調整検出: ryo4ryo4n66 2025/08/09 2:52 f → 02:52
調整検出: erin.isozu 2025/08/09 4:44 s → 04:44
調整検出: erin.isozu 2025/08/09 6:08 f -40 → 06:08
調整検出: theoj246 2025/08/09 9:30 s → 09:30
調整検出: erin.isozu 2025/08/10 0:14 f → 00:14
調整検出: erin.isozu 2025/08/10 0:46 s → 00:46
調整検出: erin.isozu 2025/08/10 2:09 f → 02:09
調整検出: erin.isozu 2025/08/10 4:12 s → 04:12
調整検出: erin.isozu 2025/08/10 6:33 f → 06:33
調整検出: kouki0802.ao 2025/08/11 0:10 f → 00:10
調整検出: erin.isozu 2025/08/11 1:04 f → 01:04
メッセージから調整検出: s+90 → 90分調整
調整検出: marikou180522 2025/08/11 1:55 s+90 → 00:25
警告: Yohei Watanabe - 開始時刻なしの終了 2024/06/21 21:30
警告: Yohei Watanabe - 連続する開始時刻を検出、前のセッションを自動終了
警告: deerveryone - 開始時刻なしの終了 2024/09/05 18:54
警告: deerveryone - 開始時刻なしの終了 2024/09/05 21:10
警告: info - 開始時刻なしの終了 2024/10/31 18:03
警告: info - 連続する開始時刻を検出、前のセッションを自動終了
エラー: info - 24時間超過を検出 2024/12/14 09:17 → 2025/05/20 13:44 = 226347分
警告: info - 開始時刻なしの終了 2025/07/18 21:49
情報: info - 未完了のセッション 2025/07/18 21:51
警告: theoj246 - 連続する開始時刻を検出、前のセッションを自動終了
警告: theoj246 - 開始時刻なしの終了 2025/03/06 16:51
警告: theoj246 - 連続する開始時刻を検出、前のセッションを自動終了
警告: theoj246 - 開始時刻なしの終了 2025/03/10 17:58
警告: theoj246 - 開始時刻なしの終了 2025/03/10 19:05
警告: theoj246 - 連続する開始時刻を検出、前のセッションを自動終了
警告: theoj246 - 開始時刻なしの終了 2025/03/11 01:09
警告: theoj246 - 連続する開始時刻を検出、前のセッションを自動終了
警告: theoj246 - 連続する開始時刻を検出、前のセッションを自動終了
エラー: theoj246 - 24時間超過を検出 2025/07/12 15:51 → 2025/07/14 10:34 = 2563分
警告: theoj246 - 連続する開始時刻を検出、前のセッションを自動終了
警告: theoj246 - 開始時刻なしの終了 2025/08/06 13:33
エラー: ryo4ryo4n66 - 24時間超過を検出 2024/11/02 13:59 → 2024/11/03 15:36 = 1537分
警告: ryo4ryo4n66 - 連続する開始時刻を検出、前のセッションを自動終了
警告: ryo4ryo4n66 - 連続する開始時刻を検出、前のセッションを自動終了
警告: ryo4ryo4n66 - 開始時刻なしの終了 2025/03/11 14:15
警告: ryo4ryo4n66 - 連続する開始時刻を検出、前のセッションを自動終了
警告: ryo4ryo4n66 - 開始時刻なしの終了 2025/03/26 17:50
警告: ryo4ryo4n66 - 連続する開始時刻を検出、前のセッションを自動終了
警告: ryo4ryo4n66 - 連続する開始時刻を検出、前のセッションを自動終了
エラー: ryo4ryo4n66 - 24時間超過を検出 2025/05/10 15:56 → 2025/05/12 13:03 = 2707分
警告: ryo4ryo4n66 - 開始時刻なしの終了 2025/06/13 19:47
警告: ryo4ryo4n66 - 開始時刻なしの終了 2025/07/09 13:35
情報: A - 未完了のセッション 2024/09/25 13:22
警告: osaryo523778 - 連続する開始時刻を検出、前のセッションを自動終了
エラー: kimoppy126 - 24時間超過を検出 2025/05/25 15:05 → 2025/05/28 00:03 = 3418分
警告: kimoppy126 - 連続する開始時刻を検出、前のセッションを自動終了
警告: kimoppy126 - 連続する開始時刻を検出、前のセッションを自動終了
警告: kimoppy126 - 連続する開始時刻を検出、前のセッションを自動終了
警告: kimoppy126 - 連続する開始時刻を検出、前のセッションを自動終了
情報: kimoppy126 - 未完了のセッション 2025/08/01 00:16
警告: yuta.takasu - 連続する開始時刻を検出、前のセッションを自動終了
警告: yuta.takasu - 連続する開始時刻を検出、前のセッションを自動終了
警告: yuta.takasu - 連続する開始時刻を検出、前のセッションを自動終了
警告: hinako.tsutsumi2525 - 開始時刻なしの終了 2025/06/23 14:49
警告: ujwal.kumar252725 - 連続する開始時刻を検出、前のセッションを自動終了
警告: ujwal.kumar252725 - 開始時刻なしの終了 2025/07/10 23:18
警告: ujwal.kumar252725 - 開始時刻なしの終了 2025/07/15 18:31
警告: ujwal.kumar252725 - 開始時刻なしの終了 2025/07/16 11:59
警告: ujwal.kumar252725 - 開始時刻なしの終了 2025/07/18 21:49
警告: ujwal.kumar252725 - 連続する開始時刻を検出、前のセッションを自動終了
警告: ujwal.kumar252725 - 連続する開始時刻を検出、前のセッションを自動終了
情報: ujwal.kumar252725 - 未完了のセッション 2025/07/18 21:51
警告: kouki0802.ao - 開始時刻なしの終了 2025/06/20 17:11
警告: kouki0802.ao - 開始時刻なしの終了 2025/06/28 18:25
警告: kouki0802.ao - 開始時刻なしの終了 2025/07/03 17:13
エラー: kouki0802.ao - 24時間超過を検出 2025/07/04 17:50 → 2025/07/05 17:59 = 1449分
警告: kouki0802.ao - 連続する開始時刻を検出、前のセッションを自動終了
警告: kouki0802.ao - 連続する開始時刻を検出、前のセッションを自動終了
警告: kouki0802.ao - 開始時刻なしの終了 2025/08/05 18:18
警告: marikou180522 - 連続する開始時刻を検出、前のセッションを自動終了
情報: marikou180522 - 未完了のセッション 2025/08/11 00:25
INFO:     127.0.0.1:51926 - "GET /subpage/daily-chart?days=31&top_users=15 HTTP/1.1" 200 OK
INFO:     127.0.0.1:51927 - "GET /monitor/status HTTP/1.1" 200 OK
調整検出: Yohei Watanabe 2024/06/16 3:10 終了 → 03:10
調整検出: Yohei Watanabe 2024/06/27 0:07 開始 → 00:07
調整検出: Yohei Watanabe 2024/06/27 2:03 終了 → 02:03
調整検出: deerveryone 2024/07/12 8:50 開始：EB関連Notion管理（修正） → 08:50
調整検出: deerveryone 2024/07/12 9:20 終了 → 09:20
調整検出: lyuki093 2024/07/16 8:57 開始 → 08:57
調整検出: deerveryone 2024/07/16 9:38 開始 → 09:38
調整検出: deerveryone 2024/08/21 7:54 開始 → 07:54
調整検出: deerveryone 2024/08/21 9:02 終了 → 09:02
調整検出: deerveryone 2024/08/28 8:52 開始 → 08:52
調整検出: theoj246 2024/09/06 8:22 開始 → 08:22
調整検出: deerveryone 2024/09/06 9:20 開始（08:20に修正） → 09:20
調整検出: theoj246 2024/09/06 9:31 終了 → 09:31
調整検出: deerveryone 2024/09/09 9:45 開始 → 09:45
調整検出: deerveryone 2024/09/11 8:56 開始 → 08:56
調整検出: theoj246 2024/09/11 9:59 開始 → 09:59
調整検出: deerveryone 2024/09/11 9:40 終了 9:40 → 09:40
調整検出: theoj246 2024/09/18 0:16 終了 → 00:16
調整検出: deerveryone 2024/09/18 8:51 開始 → 08:51
調整検出: ryo4ryo4n66 2024/09/18 9:32 開始 → 09:32
調整検出: theoj246 2024/09/19 0:19 開始 → 00:19
調整検出: theoj246 2024/09/19 0:47 終了 → 00:47
調整検出: theoj246 2024/09/19 8:53 開始 → 08:53
調整検出: deerveryone 2024/09/21 9:15 開始 → 09:15
調整検出: ryo4ryo4n66 2024/09/21 9:38 開始 → 09:38
調整検出: ryo4ryo4n66 2024/09/23 0:23 開始 → 00:23
調整検出: deerveryone 2024/09/23 9:00 終了 → 09:00
調整検出: theoj246 2024/09/24 9:04 開始 → 09:04
調整検出: theoj246 2024/09/24 9:32 終了 → 09:32
調整検出: theoj246 2024/09/25 8:51 開始 → 08:51
調整検出: deerveryone 2024/09/27 9:08 開始 → 09:08
調整検出: theoj246 2024/10/06 0:45 開始 → 00:45
調整検出: theoj246 2024/10/06 1:46 終了 → 01:46
調整検出: theoj246 2024/10/07 0:05 終了 → 00:05
調整検出: theoj246 2024/10/09 0:52 開始 → 00:52
調整検出: theoj246 2024/10/09 1:19 終了 → 01:19
調整検出: theoj246 2024/10/09 9:06 開始 → 09:06
調整検出: theoj246 2024/10/09 9:58 終了 → 09:58
調整検出: theoj246 2024/10/11 9:23 開始 → 09:23
調整検出: theoj246 2024/10/13 0:29 開始 → 00:29
調整検出: theoj246 2024/10/13 1:29 終了 → 01:29
調整検出: theoj246 2024/10/13 9:31 開始 → 09:31
調整検出: osaryo523778 2024/10/17 1:18 終了 → 01:18
調整検出: theoj246 2024/10/17 8:58 開始 → 08:58
調整検出: theoj246 2024/10/17 9:43 終了 → 09:43
調整検出: osaryo523778 2024/10/18 0:00 終了 → 00:00
調整検出: theoj246 2024/10/18 9:11 開始 → 09:11
調整検出: theoj246 2024/10/20 9:53 開始 → 09:53
調整検出: osaryo523778 2024/10/21 1:10 終了 → 01:10
調整検出: osaryo523778 2024/10/21 8:03 開始 → 08:03
調整検出: theoj246 2024/10/23 8:43 開始 → 08:43
調整検出: theoj246 2024/10/23 9:40 終了 → 09:40
調整検出: osaryo523778 2024/10/26 2:53 s → 02:53
調整検出: osaryo523778 2024/10/26 4:53 f → 04:53
調整検出: theoj246 2024/10/27 0:24 s → 00:24
調整検出: theoj246 2024/10/27 1:30 f → 01:30
調整検出: theoj246 2024/10/28 0:17 s → 00:17
調整検出: theoj246 2024/10/28 1:34 f → 01:34
調整検出: ryo4ryo4n66 2024/10/29 0:57 f → 00:57
調整検出: theoj246 2024/11/04 0:02 s → 00:02
調整検出: theoj246 2024/11/04 0:18 f → 00:18
調整検出: theoj246 2024/11/08 0:51 f → 00:51
調整検出: theoj246 2024/11/10 1:26 f → 01:26
調整検出: ryo4ryo4n66 2024/11/12 0:15 f → 00:15
調整検出: osaryo523778 2024/11/16 1:34 s → 01:34
調整検出: ryo4ryo4n66 2024/11/16 2:52 f → 02:52
調整検出: osaryo523778 2024/11/16 4:21 f → 04:21
調整検出: osaryo523778 2024/11/17 0:43 f → 00:43
調整検出: theoj246 2024/11/18 0:13 s → 00:13
調整検出: theoj246 2024/11/18 0:41 f → 00:41
調整検出: theoj246 2024/11/21 0:49 f → 00:49
調整検出: theoj246 2024/11/23 2:08 f → 02:08
調整検出: theoj246 2024/11/24 1:11 f → 01:11
調整検出: osaryo523778 2024/11/26 0:26 f → 00:26
調整検出: theoj246 2024/11/28 0:49 f → 00:49
調整検出: theoj246 2024/11/29 1:33 f → 01:33
調整検出: osaryo523778 2024/12/03 1:49 f → 01:49
調整検出: ryo4ryo4n66 2024/12/06 0:53 s → 00:53
調整検出: ryo4ryo4n66 2024/12/06 2:20 f → 02:20
調整検出: osaryo523778 2024/12/10 1:17 s → 01:17
調整検出: osaryo523778 2024/12/10 3:27 f → 03:27
調整検出: theoj246 2024/12/10 8:32 s → 08:32
調整検出: theoj246 2024/12/11 9:46 s → 09:46
調整検出: theoj246 2024/12/14 9:01 s → 09:01
調整検出: info 2024/12/14 9:17 s → 09:17
調整検出: ryo4ryo4n66 2024/12/15 0:09 f → 00:09
調整検出: theoj246 2024/12/16 0:52 f → 00:52
調整検出: theoj246 2024/12/16 8:42 s → 08:42
調整検出: theoj246 2024/12/17 0:04 f → 00:04
調整検出: theoj246 2024/12/18 8:53 f -30s → 08:53
調整検出: theoj246 2024/12/18 8:53 s → 08:53
調整検出: theoj246 2024/12/19 1:03 f 22:00 → 01:03
調整検出: theoj246 2024/12/19 9:34 s → 09:34
調整検出: theoj246 2024/12/20 9:01 s → 09:01
調整検出: theoj246 2024/12/20 9:51 f → 09:51
調整検出: theoj246 2024/12/22 0:34 f → 00:34
調整検出: theoj246 2024/12/22 9:36 s → 09:36
調整検出: theoj246 2024/12/24 9:46 s → 09:46
調整検出: theoj246 2025/01/04 0:40 f → 00:40
調整検出: theoj246 2025/01/04 9:58 s → 09:58
調整検出: theoj246 2025/01/10 0:35 f → 00:35
調整検出: theoj246 2025/01/13 0:47 f → 00:47
調整検出: osaryo523778 2025/01/14 0:58 f → 00:58
調整検出: theoj246 2025/01/16 9:09 f - 21:00 → 09:09
調整検出: theoj246 2025/01/20 9:16 s → 09:16
調整検出: theoj246 2025/01/20 9:49 f → 09:49
調整検出: theoj246 2025/01/27 9:03 s → 09:03
調整検出: ryo4ryo4n66 2025/01/30 0:02 s → 00:02
調整検出: ryo4ryo4n66 2025/01/30 3:07 f → 03:07
調整検出: theoj246 2025/02/11 1:17 s → 01:17
調整検出: theoj246 2025/02/11 1:40 f → 01:40
調整検出: theoj246 2025/02/12 0:27 f → 00:27
調整検出: theoj246 2025/02/13 9:21 s → 09:21
調整検出: theoj246 2025/02/19 9:07 s → 09:07
調整検出: theoj246 2025/02/24 0:27 f → 00:27
調整検出: ryo4ryo4n66 2025/02/27 0:03 f → 00:03
調整検出: kimoppy126 2025/03/06 7:29 s → 07:29
調整検出: kimoppy126 2025/03/06 9:25 f → 09:25
調整検出: kimoppy126 2025/03/09 8:38 s → 08:38
調整検出: theoj246 2025/03/10 0:07 f → 00:07
調整検出: ryo4ryo4n66 2025/03/10 0:26 f → 00:26
調整検出: theoj246 2025/03/10 9:58 s → 09:58
調整検出: ryo4ryo4n66 2025/03/11 1:03 f -3:35 → 01:03
調整検出: theoj246 2025/03/11 1:09 f → 01:09
調整検出: theoj246 2025/03/11 9:47 s → 09:47
調整検出: theoj246 2025/03/12 0:07 f → 00:07
調整検出: theoj246 2025/03/18 0:25 f 20:20 → 00:25
調整検出: ryo4ryo4n66 2025/03/18 0:32 f 20:20 → 00:32
調整検出: ryo4ryo4n66 2025/03/18 0:32 s → 00:32
調整検出: theoj246 2025/03/18 1:13 s → 01:13
調整検出: theoj246 2025/03/18 1:35 f → 01:35
調整検出: ryo4ryo4n66 2025/03/18 1:50 f → 01:50
調整検出: ryo4ryo4n66 2025/03/22 1:18 s → 01:18
調整検出: ryo4ryo4n66 2025/03/22 2:09 f → 02:09
調整検出: theoj246 2025/03/22 5:06 f → 05:06
調整検出: theoj246 2025/03/24 0:11 f → 00:11
調整検出: theoj246 2025/03/26 0:11 s → 00:11
調整検出: theoj246 2025/03/26 1:07 f → 01:07
調整検出: ryo4ryo4n66 2025/03/26 1:11 s → 01:11
調整検出: ryo4ryo4n66 2025/03/26 1:59 f ＋ 180 → 01:59
調整検出: theoj246 2025/03/28 0:42 f → 00:42
調整検出: ryo4ryo4n66 2025/03/28 0:45 s → 00:45
調整検出: ryo4ryo4n66 2025/03/28 2:41 f → 02:41
調整検出: theoj246 2025/03/31 9:12 s → 09:12
調整検出: ryo4ryo4n66 2025/04/01 0:46 f → 00:46
調整検出: ryo4ryo4n66 2025/04/03 1:16 f → 01:16
調整検出: theoj246 2025/04/04 0:37 f → 00:37
調整検出: theoj246 2025/04/05 0:44 f → 00:44
調整検出: theoj246 2025/04/07 0:30 s → 00:30
調整検出: theoj246 2025/04/07 2:20 f → 02:20
調整検出: ryo4ryo4n66 2025/04/08 0:05 s → 00:05
調整検出: ryo4ryo4n66 2025/04/08 0:35 f → 00:35
調整検出: theoj246 2025/04/09 1:01 f → 01:01
調整検出: theoj246 2025/04/10 0:14 s → 00:14
調整検出: theoj246 2025/04/10 0:39 f → 00:39
調整検出: kimoppy126 2025/04/14 1:31 f → 01:31
調整検出: theoj246 2025/04/16 0:02 f → 00:02
調整検出: kimoppy126 2025/04/20 4:05 f → 04:05
調整検出: theoj246 2025/04/21 1:29 f → 01:29
調整検出: ryo4ryo4n66 2025/04/22 0:31 s → 00:31
調整検出: theoj246 2025/04/22 0:45 f → 00:45
調整検出: ryo4ryo4n66 2025/04/22 1:04 f → 01:04
調整検出: ryo4ryo4n66 2025/04/23 0:49 f → 00:49
調整検出: theoj246 2025/04/23 1:33 f → 01:33
調整検出: theoj246 2025/04/23 9:52 s → 09:52
調整検出: theoj246 2025/04/25 0:19 f → 00:19
調整検出: theoj246 2025/04/30 0:14 s → 00:14
調整検出: theoj246 2025/04/30 2:13 f → 02:13
調整検出: theoj246 2025/05/03 1:37 f → 01:37
調整検出: theoj246 2025/05/08 0:54 f → 00:54
調整検出: theoj246 2025/05/09 0:38 f → 00:38
調整検出: ryo4ryo4n66 2025/05/14 1:57 s → 01:57
調整検出: ryo4ryo4n66 2025/05/14 1:58 f60 → 01:58
調整検出: theoj246 2025/05/16 1:11 f → 01:11
調整検出: theoj246 2025/05/17 2:51 f → 02:51
調整検出: theoj246 2025/05/18 0:18 f → 00:18
調整検出: theoj246 2025/05/19 4:43 s → 04:43
調整検出: theoj246 2025/05/19 8:22 f → 08:22
調整検出: theoj246 2025/05/21 9:22 s → 09:22
調整検出: theoj246 2025/05/22 9:16 s → 09:16
調整検出: ryo4ryo4n66 2025/05/23 0:40 s → 00:40
調整検出: ryo4ryo4n66 2025/05/23 2:15 f → 02:15
調整検出: theoj246 2025/05/23 9:34 s → 09:34
調整検出: ryo4ryo4n66 2025/05/24 0:09 s → 00:09
調整検出: ryo4ryo4n66 2025/05/24 1:17 f → 01:17
調整検出: theoj246 2025/05/24 8:51 s → 08:51
調整検出: theoj246 2025/05/26 8:47 s → 08:47
調整検出: ryo4ryo4n66 2025/05/27 1:36 s → 01:36
調整検出: ryo4ryo4n66 2025/05/27 3:04 f → 03:04
調整検出: kimoppy126 2025/05/28 0:03 f 5/25 19:00 → 00:03
調整検出: theoj246 2025/05/28 0:43 f → 00:43
調整検出: theoj246 2025/05/28 9:56 s → 09:56
調整検出: theoj246 2025/05/29 0:41 s → 00:41
調整検出: theoj246 2025/05/29 2:22 f → 02:22
調整検出: ryo4ryo4n66 2025/05/31 0:58 f → 00:58
調整検出: ryo4ryo4n66 2025/06/02 0:08 s → 00:08
調整検出: ryo4ryo4n66 2025/06/02 2:12 f → 02:12
調整検出: hinako.tsutsumi2525 2025/06/05 1:51 s → 01:51
調整検出: theoj246 2025/06/05 1:57 f → 01:57
調整検出: hinako.tsutsumi2525 2025/06/05 2:28 f → 02:28
調整検出: ujwal.kumar252725 2025/06/05 8:00 f 23:30 → 08:00
調整検出: hinako.tsutsumi2525 2025/06/06 2:15 s → 02:15
調整検出: hinako.tsutsumi2525 2025/06/06 3:24 f → 03:24
調整検出: hinako.tsutsumi2525 2025/06/07 0:22 s → 00:22
調整検出: hinako.tsutsumi2525 2025/06/07 0:57 f → 00:57
調整検出: hinako.tsutsumi2525 2025/06/07 1:45 s → 01:45
調整検出: hinako.tsutsumi2525 2025/06/07 2:08 f → 02:08
調整検出: ujwal.kumar252725 2025/06/09 9:32 f 17:30 → 09:32
調整検出: theoj246 2025/06/10 3:09 f 2:00 → 03:09
調整検出: hinako.tsutsumi2525 2025/06/11 1:05 s → 01:05
調整検出: theoj246 2025/06/11 1:43 f → 01:43
調整検出: hinako.tsutsumi2525 2025/06/11 1:53 f → 01:53
調整検出: ujwal.kumar252725 2025/06/14 8:15 f 11:30 → 08:15
調整検出: hinako.tsutsumi2525 2025/06/16 9:05 s → 09:05
調整検出: ryo4ryo4n66 2025/06/17 1:47 s → 01:47
調整検出: hinako.tsutsumi2525 2025/06/17 2:00 s → 02:00
調整検出: hinako.tsutsumi2525 2025/06/17 2:53 f → 02:53
調整検出: ryo4ryo4n66 2025/06/17 3:51 f → 03:51
調整検出: hinako.tsutsumi2525 2025/06/18 1:32 s → 01:32
調整検出: theoj246 2025/06/18 2:21 f → 02:21
調整検出: hinako.tsutsumi2525 2025/06/18 2:36 f → 02:36
調整検出: hinako.tsutsumi2525 2025/06/19 1:27 s → 01:27
調整検出: hinako.tsutsumi2525 2025/06/19 4:03 f → 04:03
調整検出: hinako.tsutsumi2525 2025/06/20 0:02 s → 00:02
調整検出: hinako.tsutsumi2525 2025/06/20 0:37 f → 00:37
調整検出: hinako.tsutsumi2525 2025/06/21 0:08 s → 00:08
調整検出: theoj246 2025/06/21 0:58 s → 00:58
調整検出: theoj246 2025/06/21 1:56 f → 01:56
調整検出: hinako.tsutsumi2525 2025/06/21 2:19 f → 02:19
調整検出: hinako.tsutsumi2525 2025/06/22 1:56 s → 01:56
調整検出: hinako.tsutsumi2525 2025/06/22 2:39 f → 02:39
調整検出: hinako.tsutsumi2525 2025/06/23 9:43 s → 09:43
調整検出: kouki0802.ao 2025/06/24 0:43 s 00:00 → 00:43
調整検出: kouki0802.ao 2025/06/24 0:44 f 00:30 → 00:44
調整検出: theoj246 2025/06/24 2:31 f → 02:31
調整検出: theoj246 2025/06/25 0:57 f → 00:57
調整検出: ryo4ryo4n66 2025/06/26 0:37 s → 00:37
調整検出: hinako.tsutsumi2525 2025/06/26 1:12 s → 01:12
調整検出: ryo4ryo4n66 2025/06/26 2:23 f → 02:23
調整検出: hinako.tsutsumi2525 2025/06/26 3:48 f → 03:48
調整検出: hinako.tsutsumi2525 2025/06/26 4:44 s → 04:44
調整検出: hinako.tsutsumi2525 2025/06/26 4:51 f → 04:51
調整検出: theoj246 2025/06/29 0:33 f → 00:33
調整検出: hinako.tsutsumi2525 2025/06/29 2:00 s → 02:00
調整検出: hinako.tsutsumi2525 2025/06/29 2:17 f → 02:17
調整検出: kimoppy126 2025/06/30 1:42 f → 01:42
調整検出: theoj246 2025/06/30 2:55 f → 02:55
調整検出: hinako.tsutsumi2525 2025/07/01 2:46 s → 02:46
調整検出: hinako.tsutsumi2525 2025/07/01 4:05 f → 04:05
調整検出: hinako.tsutsumi2525 2025/07/02 9:27 s → 09:27
調整検出: theoj246 2025/07/04 4:17 f → 04:17
調整検出: theoj246 2025/07/04 4:59 s → 04:59
調整検出: theoj246 2025/07/04 6:48 f → 06:48
調整検出: theoj246 2025/07/04 7:20 s → 07:20
調整検出: theoj246 2025/07/04 7:53 f → 07:53
調整検出: hinako.tsutsumi2525 2025/07/07 3:46 s → 03:46
調整検出: hinako.tsutsumi2525 2025/07/07 4:09 f → 04:09
調整検出: hinako.tsutsumi2525 2025/07/08 0:54 s → 00:54
調整検出: hinako.tsutsumi2525 2025/07/08 2:03 f → 02:03
調整検出: ryo4ryo4n66 2025/07/09 0:36 f → 00:36
調整検出: kimoppy126 2025/07/09 0:57 s → 00:57
調整検出: hinako.tsutsumi2525 2025/07/09 9:50 s → 09:50
調整検出: ryo4ryo4n66 2025/07/10 0:14 s → 00:14
調整検出: ryo4ryo4n66 2025/07/10 1:04 f → 01:04
調整検出: kouki0802.ao 2025/07/11 1:30 s 1:00 → 01:30
調整検出: kouki0802.ao 2025/07/11 2:50 f → 02:50
調整検出: theoj246 2025/07/15 0:12 f → 00:12
調整検出: ryo4ryo4n66 2025/07/17 1:12 s → 01:12
調整検出: ryo4ryo4n66 2025/07/17 1:46 f +72 → 01:46
調整検出: hinako.tsutsumi2525 2025/07/19 1:44 s → 01:44
調整検出: hinako.tsutsumi2525 2025/07/19 2:32 f → 02:32
調整検出: kouki0802.ao 2025/07/19 2:40 s +20 → 02:40
調整検出: kouki0802.ao 2025/07/19 3:17 f → 03:17
調整検出: kouki0802.ao 2025/07/21 0:16 s → 00:16
調整検出: kouki0802.ao 2025/07/21 0:52 f → 00:52
調整検出: hinako.tsutsumi2525 2025/07/23 3:56 s → 03:56
調整検出: hinako.tsutsumi2525 2025/07/23 4:28 f → 04:28
調整検出: theoj246 2025/07/25 1:20 f → 01:20
調整検出: hinako.tsutsumi2525 2025/07/25 2:42 s → 02:42
調整検出: ryo4ryo4n66 2025/07/25 2:46 f → 02:46
調整検出: hinako.tsutsumi2525 2025/07/25 4:14 f → 04:14
調整検出: erin.isozu 2025/07/26 0:34 f → 00:34
調整検出: theoj246 2025/07/27 0:17 s → 00:17
調整検出: theoj246 2025/07/27 2:32 f → 02:32
調整検出: hinako.tsutsumi2525 2025/07/28 1:19 s → 01:19
調整検出: hinako.tsutsumi2525 2025/07/28 2:37 f → 02:37
調整検出: yuta.takasu 2025/07/28 9:14 s aoki → 09:14
調整検出: yuta.takasu 2025/07/28 9:26 f aoki → 09:26
調整検出: kouki0802.ao 2025/07/30 0:14 f 18:21 → 00:14
調整検出: ryo4ryo4n66 2025/07/30 0:16 f → 00:16
調整検出: kouki0802.ao 2025/07/30 0:17 s → 00:17
調整検出: kouki0802.ao 2025/07/30 1:57 f → 01:57
調整検出: ryo4ryo4n66 2025/07/31 0:40 s → 00:40
調整検出: ryo4ryo4n66 2025/07/31 3:35 f → 03:35
調整検出: yuta.takasu 2025/07/31 9:19 s aoki → 09:19
調整検出: yuta.takasu 2025/07/31 9:34 f aoki → 09:34
調整検出: hinako.tsutsumi2525 2025/07/31 9:38 s → 09:38
調整検出: kouki0802.ao 2025/08/01 0:13 f → 00:13
調整検出: kimoppy126 2025/08/01 0:16 s → 00:16
調整検出: ryo4ryo4n66 2025/08/04 0:19 s → 00:19
調整検出: ryo4ryo4n66 2025/08/04 1:10 f +90 → 01:10
調整検出: erin.isozu 2025/08/05 1:52 f → 01:52
メッセージから調整検出: f-20 → -20分調整
調整検出: marikou180522 2025/08/06 19:39 f-20 → 19:19
調整検出: ryo4ryo4n66 2025/08/07 0:57 s → 00:57
調整検出: marikou180522 2025/08/07 1:01 f → 01:01
調整検出: erin.isozu 2025/08/07 2:07 s → 02:07
調整検出: ryo4ryo4n66 2025/08/07 3:14 f → 03:14
調整検出: erin.isozu 2025/08/07 4:12 f → 04:12
メッセージから調整検出: s+60 → 60分調整
調整検出: marikou180522 2025/08/07 19:32 s+60 → 18:32
メッセージから調整検出: s+20 → 20分調整
調整検出: marikou180522 2025/08/07 23:58 s+20 → 23:38
調整検出: ryo4ryo4n66 2025/08/08 0:36 s → 00:36
調整検出: marikou180522 2025/08/08 0:47 f → 00:47
調整検出: theoj246 2025/08/08 1:38 f → 01:38
調整検出: ryo4ryo4n66 2025/08/08 4:40 f → 04:40
調整検出: marikou180522 2025/08/08 6:04 s → 06:04
調整検出: marikou180522 2025/08/08 8:00 f → 08:00
メッセージから調整検出: f-45 → -45分調整
調整検出: marikou180522 2025/08/08 19:30 f-45 → 18:45
調整検出: erin.isozu 2025/08/09 0:17 s → 00:17
調整検出: ryo4ryo4n66 2025/08/09 0:48 s → 00:48
調整検出: erin.isozu 2025/08/09 1:50 f → 01:50
調整検出: ryo4ryo4n66 2025/08/09 2:52 f → 02:52
調整検出: erin.isozu 2025/08/09 4:44 s → 04:44
調整検出: erin.isozu 2025/08/09 6:08 f -40 → 06:08
調整検出: theoj246 2025/08/09 9:30 s → 09:30
調整検出: erin.isozu 2025/08/10 0:14 f → 00:14
調整検出: erin.isozu 2025/08/10 0:46 s → 00:46
調整検出: erin.isozu 2025/08/10 2:09 f → 02:09
調整検出: erin.isozu 2025/08/10 4:12 s → 04:12
調整検出: erin.isozu 2025/08/10 6:33 f → 06:33
調整検出: kouki0802.ao 2025/08/11 0:10 f → 00:10
調整検出: erin.isozu 2025/08/11 1:04 f → 01:04
メッセージから調整検出: s+90 → 90分調整
調整検出: marikou180522 2025/08/11 1:55 s+90 → 00:25
警告: Yohei Watanabe - 開始時刻なしの終了 2024/06/21 21:30
警告: Yohei Watanabe - 連続する開始時刻を検出、前のセッションを自動終了
警告: deerveryone - 開始時刻なしの終了 2024/09/05 18:54
警告: deerveryone - 開始時刻なしの終了 2024/09/05 21:10
警告: info - 開始時刻なしの終了 2024/10/31 18:03
警告: info - 連続する開始時刻を検出、前のセッションを自動終了
エラー: info - 24時間超過を検出 2024/12/14 09:17 → 2025/05/20 13:44 = 226347分
警告: info - 開始時刻なしの終了 2025/07/18 21:49
情報: info - 未完了のセッション 2025/07/18 21:51
警告: theoj246 - 連続する開始時刻を検出、前のセッションを自動終了
警告: theoj246 - 開始時刻なしの終了 2025/03/06 16:51
警告: theoj246 - 連続する開始時刻を検出、前のセッションを自動終了
警告: theoj246 - 開始時刻なしの終了 2025/03/10 17:58
警告: theoj246 - 開始時刻なしの終了 2025/03/10 19:05
警告: theoj246 - 連続する開始時刻を検出、前のセッションを自動終了
警告: theoj246 - 開始時刻なしの終了 2025/03/11 01:09
警告: theoj246 - 連続する開始時刻を検出、前のセッションを自動終了
警告: theoj246 - 連続する開始時刻を検出、前のセッションを自動終了
エラー: theoj246 - 24時間超過を検出 2025/07/12 15:51 → 2025/07/14 10:34 = 2563分
警告: theoj246 - 連続する開始時刻を検出、前のセッションを自動終了
警告: theoj246 - 開始時刻なしの終了 2025/08/06 13:33
エラー: ryo4ryo4n66 - 24時間超過を検出 2024/11/02 13:59 → 2024/11/03 15:36 = 1537分
警告: ryo4ryo4n66 - 連続する開始時刻を検出、前のセッションを自動終了
警告: ryo4ryo4n66 - 連続する開始時刻を検出、前のセッションを自動終了
警告: ryo4ryo4n66 - 開始時刻なしの終了 2025/03/11 14:15
警告: ryo4ryo4n66 - 連続する開始時刻を検出、前のセッションを自動終了
警告: ryo4ryo4n66 - 開始時刻なしの終了 2025/03/26 17:50
警告: ryo4ryo4n66 - 連続する開始時刻を検出、前のセッションを自動終了
警告: ryo4ryo4n66 - 連続する開始時刻を検出、前のセッションを自動終了
エラー: ryo4ryo4n66 - 24時間超過を検出 2025/05/10 15:56 → 2025/05/12 13:03 = 2707分
警告: ryo4ryo4n66 - 開始時刻なしの終了 2025/06/13 19:47
警告: ryo4ryo4n66 - 開始時刻なしの終了 2025/07/09 13:35
情報: A - 未完了のセッション 2024/09/25 13:22
警告: osaryo523778 - 連続する開始時刻を検出、前のセッションを自動終了
エラー: kimoppy126 - 24時間超過を検出 2025/05/25 15:05 → 2025/05/28 00:03 = 3418分
警告: kimoppy126 - 連続する開始時刻を検出、前のセッションを自動終了
警告: kimoppy126 - 連続する開始時刻を検出、前のセッションを自動終了
警告: kimoppy126 - 連続する開始時刻を検出、前のセッションを自動終了
警告: kimoppy126 - 連続する開始時刻を検出、前のセッションを自動終了
情報: kimoppy126 - 未完了のセッション 2025/08/01 00:16
警告: yuta.takasu - 連続する開始時刻を検出、前のセッションを自動終了
警告: yuta.takasu - 連続する開始時刻を検出、前のセッションを自動終了
警告: yuta.takasu - 連続する開始時刻を検出、前のセッションを自動終了
警告: hinako.tsutsumi2525 - 開始時刻なしの終了 2025/06/23 14:49
警告: ujwal.kumar252725 - 連続する開始時刻を検出、前のセッションを自動終了
警告: ujwal.kumar252725 - 開始時刻なしの終了 2025/07/10 23:18
警告: ujwal.kumar252725 - 開始時刻なしの終了 2025/07/15 18:31
警告: ujwal.kumar252725 - 開始時刻なしの終了 2025/07/16 11:59
警告: ujwal.kumar252725 - 開始時刻なしの終了 2025/07/18 21:49
警告: ujwal.kumar252725 - 連続する開始時刻を検出、前のセッションを自動終了
警告: ujwal.kumar252725 - 連続する開始時刻を検出、前のセッションを自動終了
情報: ujwal.kumar252725 - 未完了のセッション 2025/07/18 21:51
警告: kouki0802.ao - 開始時刻なしの終了 2025/06/20 17:11
警告: kouki0802.ao - 開始時刻なしの終了 2025/06/28 18:25
警告: kouki0802.ao - 開始時刻なしの終了 2025/07/03 17:13
エラー: kouki0802.ao - 24時間超過を検出 2025/07/04 17:50 → 2025/07/05 17:59 = 1449分
警告: kouki0802.ao - 連続する開始時刻を検出、前のセッションを自動終了
警告: kouki0802.ao - 連続する開始時刻を検出、前のセッションを自動終了
警告: kouki0802.ao - 開始時刻なしの終了 2025/08/05 18:18
警告: marikou180522 - 連続する開始時刻を検出、前のセッションを自動終了
情報: marikou180522 - 未完了のセッション 2025/08/11 00:25
INFO:     127.0.0.1:51927 - "GET /subpage/daily-chart?days=31&top_users=15 HTTP/1.1" 200 OK
INFO:     127.0.0.1:51926 - "GET /monitor/status HTTP/1.1" 200 OK
調整検出: Yohei Watanabe 2024/06/16 3:10 終了 → 03:10
調整検出: Yohei Watanabe 2024/06/27 0:07 開始 → 00:07
調整検出: Yohei Watanabe 2024/06/27 2:03 終了 → 02:03
調整検出: deerveryone 2024/07/12 8:50 開始：EB関連Notion管理（修正） → 08:50
調整検出: deerveryone 2024/07/12 9:20 終了 → 09:20
調整検出: lyuki093 2024/07/16 8:57 開始 → 08:57
調整検出: deerveryone 2024/07/16 9:38 開始 → 09:38
調整検出: deerveryone 2024/08/21 7:54 開始 → 07:54
調整検出: deerveryone 2024/08/21 9:02 終了 → 09:02
調整検出: deerveryone 2024/08/28 8:52 開始 → 08:52
調整検出: theoj246 2024/09/06 8:22 開始 → 08:22
調整検出: deerveryone 2024/09/06 9:20 開始（08:20に修正） → 09:20
調整検出: theoj246 2024/09/06 9:31 終了 → 09:31
調整検出: deerveryone 2024/09/09 9:45 開始 → 09:45
調整検出: deerveryone 2024/09/11 8:56 開始 → 08:56
調整検出: theoj246 2024/09/11 9:59 開始 → 09:59
調整検出: deerveryone 2024/09/11 9:40 終了 9:40 → 09:40
調整検出: theoj246 2024/09/18 0:16 終了 → 00:16
調整検出: deerveryone 2024/09/18 8:51 開始 → 08:51
調整検出: ryo4ryo4n66 2024/09/18 9:32 開始 → 09:32
調整検出: theoj246 2024/09/19 0:19 開始 → 00:19
調整検出: theoj246 2024/09/19 0:47 終了 → 00:47
調整検出: theoj246 2024/09/19 8:53 開始 → 08:53
調整検出: deerveryone 2024/09/21 9:15 開始 → 09:15
調整検出: ryo4ryo4n66 2024/09/21 9:38 開始 → 09:38
調整検出: ryo4ryo4n66 2024/09/23 0:23 開始 → 00:23
調整検出: deerveryone 2024/09/23 9:00 終了 → 09:00
調整検出: theoj246 2024/09/24 9:04 開始 → 09:04
調整検出: theoj246 2024/09/24 9:32 終了 → 09:32
調整検出: theoj246 2024/09/25 8:51 開始 → 08:51
調整検出: deerveryone 2024/09/27 9:08 開始 → 09:08
調整検出: theoj246 2024/10/06 0:45 開始 → 00:45
調整検出: theoj246 2024/10/06 1:46 終了 → 01:46
調整検出: theoj246 2024/10/07 0:05 終了 → 00:05
調整検出: theoj246 2024/10/09 0:52 開始 → 00:52
調整検出: theoj246 2024/10/09 1:19 終了 → 01:19
調整検出: theoj246 2024/10/09 9:06 開始 → 09:06
調整検出: theoj246 2024/10/09 9:58 終了 → 09:58
調整検出: theoj246 2024/10/11 9:23 開始 → 09:23
調整検出: theoj246 2024/10/13 0:29 開始 → 00:29
調整検出: theoj246 2024/10/13 1:29 終了 → 01:29
調整検出: theoj246 2024/10/13 9:31 開始 → 09:31
調整検出: osaryo523778 2024/10/17 1:18 終了 → 01:18
調整検出: theoj246 2024/10/17 8:58 開始 → 08:58
調整検出: theoj246 2024/10/17 9:43 終了 → 09:43
調整検出: osaryo523778 2024/10/18 0:00 終了 → 00:00
調整検出: theoj246 2024/10/18 9:11 開始 → 09:11
調整検出: theoj246 2024/10/20 9:53 開始 → 09:53
調整検出: osaryo523778 2024/10/21 1:10 終了 → 01:10
調整検出: osaryo523778 2024/10/21 8:03 開始 → 08:03
調整検出: theoj246 2024/10/23 8:43 開始 → 08:43
調整検出: theoj246 2024/10/23 9:40 終了 → 09:40
調整検出: osaryo523778 2024/10/26 2:53 s → 02:53
調整検出: osaryo523778 2024/10/26 4:53 f → 04:53
調整検出: theoj246 2024/10/27 0:24 s → 00:24
調整検出: theoj246 2024/10/27 1:30 f → 01:30
調整検出: theoj246 2024/10/28 0:17 s → 00:17
調整検出: theoj246 2024/10/28 1:34 f → 01:34
調整検出: ryo4ryo4n66 2024/10/29 0:57 f → 00:57
調整検出: theoj246 2024/11/04 0:02 s → 00:02
調整検出: theoj246 2024/11/04 0:18 f → 00:18
調整検出: theoj246 2024/11/08 0:51 f → 00:51
調整検出: theoj246 2024/11/10 1:26 f → 01:26
調整検出: ryo4ryo4n66 2024/11/12 0:15 f → 00:15
調整検出: osaryo523778 2024/11/16 1:34 s → 01:34
調整検出: ryo4ryo4n66 2024/11/16 2:52 f → 02:52
調整検出: osaryo523778 2024/11/16 4:21 f → 04:21
調整検出: osaryo523778 2024/11/17 0:43 f → 00:43
調整検出: theoj246 2024/11/18 0:13 s → 00:13
調整検出: theoj246 2024/11/18 0:41 f → 00:41
調整検出: theoj246 2024/11/21 0:49 f → 00:49
調整検出: theoj246 2024/11/23 2:08 f → 02:08
調整検出: theoj246 2024/11/24 1:11 f → 01:11
調整検出: osaryo523778 2024/11/26 0:26 f → 00:26
調整検出: theoj246 2024/11/28 0:49 f → 00:49
調整検出: theoj246 2024/11/29 1:33 f → 01:33
調整検出: osaryo523778 2024/12/03 1:49 f → 01:49
調整検出: ryo4ryo4n66 2024/12/06 0:53 s → 00:53
調整検出: ryo4ryo4n66 2024/12/06 2:20 f → 02:20
調整検出: osaryo523778 2024/12/10 1:17 s → 01:17
調整検出: osaryo523778 2024/12/10 3:27 f → 03:27
調整検出: theoj246 2024/12/10 8:32 s → 08:32
調整検出: theoj246 2024/12/11 9:46 s → 09:46
調整検出: theoj246 2024/12/14 9:01 s → 09:01
調整検出: info 2024/12/14 9:17 s → 09:17
調整検出: ryo4ryo4n66 2024/12/15 0:09 f → 00:09
調整検出: theoj246 2024/12/16 0:52 f → 00:52
調整検出: theoj246 2024/12/16 8:42 s → 08:42
調整検出: theoj246 2024/12/17 0:04 f → 00:04
調整検出: theoj246 2024/12/18 8:53 f -30s → 08:53
調整検出: theoj246 2024/12/18 8:53 s → 08:53
調整検出: theoj246 2024/12/19 1:03 f 22:00 → 01:03
調整検出: theoj246 2024/12/19 9:34 s → 09:34
調整検出: theoj246 2024/12/20 9:01 s → 09:01
調整検出: theoj246 2024/12/20 9:51 f → 09:51
調整検出: theoj246 2024/12/22 0:34 f → 00:34
調整検出: theoj246 2024/12/22 9:36 s → 09:36
調整検出: theoj246 2024/12/24 9:46 s → 09:46
調整検出: theoj246 2025/01/04 0:40 f → 00:40
調整検出: theoj246 2025/01/04 9:58 s → 09:58
調整検出: theoj246 2025/01/10 0:35 f → 00:35
調整検出: theoj246 2025/01/13 0:47 f → 00:47
調整検出: osaryo523778 2025/01/14 0:58 f → 00:58
調整検出: theoj246 2025/01/16 9:09 f - 21:00 → 09:09
調整検出: theoj246 2025/01/20 9:16 s → 09:16
調整検出: theoj246 2025/01/20 9:49 f → 09:49
調整検出: theoj246 2025/01/27 9:03 s → 09:03
調整検出: ryo4ryo4n66 2025/01/30 0:02 s → 00:02
調整検出: ryo4ryo4n66 2025/01/30 3:07 f → 03:07
調整検出: theoj246 2025/02/11 1:17 s → 01:17
調整検出: theoj246 2025/02/11 1:40 f → 01:40
調整検出: theoj246 2025/02/12 0:27 f → 00:27
調整検出: theoj246 2025/02/13 9:21 s → 09:21
調整検出: theoj246 2025/02/19 9:07 s → 09:07
調整検出: theoj246 2025/02/24 0:27 f → 00:27
調整検出: ryo4ryo4n66 2025/02/27 0:03 f → 00:03
調整検出: kimoppy126 2025/03/06 7:29 s → 07:29
調整検出: kimoppy126 2025/03/06 9:25 f → 09:25
調整検出: kimoppy126 2025/03/09 8:38 s → 08:38
調整検出: theoj246 2025/03/10 0:07 f → 00:07
調整検出: ryo4ryo4n66 2025/03/10 0:26 f → 00:26
調整検出: theoj246 2025/03/10 9:58 s → 09:58
調整検出: ryo4ryo4n66 2025/03/11 1:03 f -3:35 → 01:03
調整検出: theoj246 2025/03/11 1:09 f → 01:09
調整検出: theoj246 2025/03/11 9:47 s → 09:47
調整検出: theoj246 2025/03/12 0:07 f → 00:07
調整検出: theoj246 2025/03/18 0:25 f 20:20 → 00:25
調整検出: ryo4ryo4n66 2025/03/18 0:32 f 20:20 → 00:32
調整検出: ryo4ryo4n66 2025/03/18 0:32 s → 00:32
調整検出: theoj246 2025/03/18 1:13 s → 01:13
調整検出: theoj246 2025/03/18 1:35 f → 01:35
調整検出: ryo4ryo4n66 2025/03/18 1:50 f → 01:50
調整検出: ryo4ryo4n66 2025/03/22 1:18 s → 01:18
調整検出: ryo4ryo4n66 2025/03/22 2:09 f → 02:09
調整検出: theoj246 2025/03/22 5:06 f → 05:06
調整検出: theoj246 2025/03/24 0:11 f → 00:11
調整検出: theoj246 2025/03/26 0:11 s → 00:11
調整検出: theoj246 2025/03/26 1:07 f → 01:07
調整検出: ryo4ryo4n66 2025/03/26 1:11 s → 01:11
調整検出: ryo4ryo4n66 2025/03/26 1:59 f ＋ 180 → 01:59
調整検出: theoj246 2025/03/28 0:42 f → 00:42
調整検出: ryo4ryo4n66 2025/03/28 0:45 s → 00:45
調整検出: ryo4ryo4n66 2025/03/28 2:41 f → 02:41
調整検出: theoj246 2025/03/31 9:12 s → 09:12
調整検出: ryo4ryo4n66 2025/04/01 0:46 f → 00:46
調整検出: ryo4ryo4n66 2025/04/03 1:16 f → 01:16
調整検出: theoj246 2025/04/04 0:37 f → 00:37
調整検出: theoj246 2025/04/05 0:44 f → 00:44
調整検出: theoj246 2025/04/07 0:30 s → 00:30
調整検出: theoj246 2025/04/07 2:20 f → 02:20
調整検出: ryo4ryo4n66 2025/04/08 0:05 s → 00:05
調整検出: ryo4ryo4n66 2025/04/08 0:35 f → 00:35
調整検出: theoj246 2025/04/09 1:01 f → 01:01
調整検出: theoj246 2025/04/10 0:14 s → 00:14
調整検出: theoj246 2025/04/10 0:39 f → 00:39
調整検出: kimoppy126 2025/04/14 1:31 f → 01:31
調整検出: theoj246 2025/04/16 0:02 f → 00:02
調整検出: kimoppy126 2025/04/20 4:05 f → 04:05
調整検出: theoj246 2025/04/21 1:29 f → 01:29
調整検出: ryo4ryo4n66 2025/04/22 0:31 s → 00:31
調整検出: theoj246 2025/04/22 0:45 f → 00:45
調整検出: ryo4ryo4n66 2025/04/22 1:04 f → 01:04
調整検出: ryo4ryo4n66 2025/04/23 0:49 f → 00:49
調整検出: theoj246 2025/04/23 1:33 f → 01:33
調整検出: theoj246 2025/04/23 9:52 s → 09:52
調整検出: theoj246 2025/04/25 0:19 f → 00:19
調整検出: theoj246 2025/04/30 0:14 s → 00:14
調整検出: theoj246 2025/04/30 2:13 f → 02:13
調整検出: theoj246 2025/05/03 1:37 f → 01:37
調整検出: theoj246 2025/05/08 0:54 f → 00:54
調整検出: theoj246 2025/05/09 0:38 f → 00:38
調整検出: ryo4ryo4n66 2025/05/14 1:57 s → 01:57
調整検出: ryo4ryo4n66 2025/05/14 1:58 f60 → 01:58
調整検出: theoj246 2025/05/16 1:11 f → 01:11
調整検出: theoj246 2025/05/17 2:51 f → 02:51
調整検出: theoj246 2025/05/18 0:18 f → 00:18
調整検出: theoj246 2025/05/19 4:43 s → 04:43
調整検出: theoj246 2025/05/19 8:22 f → 08:22
調整検出: theoj246 2025/05/21 9:22 s → 09:22
調整検出: theoj246 2025/05/22 9:16 s → 09:16
調整検出: ryo4ryo4n66 2025/05/23 0:40 s → 00:40
調整検出: ryo4ryo4n66 2025/05/23 2:15 f → 02:15
調整検出: theoj246 2025/05/23 9:34 s → 09:34
調整検出: ryo4ryo4n66 2025/05/24 0:09 s → 00:09
調整検出: ryo4ryo4n66 2025/05/24 1:17 f → 01:17
調整検出: theoj246 2025/05/24 8:51 s → 08:51
調整検出: theoj246 2025/05/26 8:47 s → 08:47
調整検出: ryo4ryo4n66 2025/05/27 1:36 s → 01:36
調整検出: ryo4ryo4n66 2025/05/27 3:04 f → 03:04
調整検出: kimoppy126 2025/05/28 0:03 f 5/25 19:00 → 00:03
調整検出: theoj246 2025/05/28 0:43 f → 00:43
調整検出: theoj246 2025/05/28 9:56 s → 09:56
調整検出: theoj246 2025/05/29 0:41 s → 00:41
調整検出: theoj246 2025/05/29 2:22 f → 02:22
調整検出: ryo4ryo4n66 2025/05/31 0:58 f → 00:58
調整検出: ryo4ryo4n66 2025/06/02 0:08 s → 00:08
調整検出: ryo4ryo4n66 2025/06/02 2:12 f → 02:12
調整検出: hinako.tsutsumi2525 2025/06/05 1:51 s → 01:51
調整検出: theoj246 2025/06/05 1:57 f → 01:57
調整検出: hinako.tsutsumi2525 2025/06/05 2:28 f → 02:28
調整検出: ujwal.kumar252725 2025/06/05 8:00 f 23:30 → 08:00
調整検出: hinako.tsutsumi2525 2025/06/06 2:15 s → 02:15
調整検出: hinako.tsutsumi2525 2025/06/06 3:24 f → 03:24
調整検出: hinako.tsutsumi2525 2025/06/07 0:22 s → 00:22
調整検出: hinako.tsutsumi2525 2025/06/07 0:57 f → 00:57
調整検出: hinako.tsutsumi2525 2025/06/07 1:45 s → 01:45
調整検出: hinako.tsutsumi2525 2025/06/07 2:08 f → 02:08
調整検出: ujwal.kumar252725 2025/06/09 9:32 f 17:30 → 09:32
調整検出: theoj246 2025/06/10 3:09 f 2:00 → 03:09
調整検出: hinako.tsutsumi2525 2025/06/11 1:05 s → 01:05
調整検出: theoj246 2025/06/11 1:43 f → 01:43
調整検出: hinako.tsutsumi2525 2025/06/11 1:53 f → 01:53
調整検出: ujwal.kumar252725 2025/06/14 8:15 f 11:30 → 08:15
調整検出: hinako.tsutsumi2525 2025/06/16 9:05 s → 09:05
調整検出: ryo4ryo4n66 2025/06/17 1:47 s → 01:47
調整検出: hinako.tsutsumi2525 2025/06/17 2:00 s → 02:00
調整検出: hinako.tsutsumi2525 2025/06/17 2:53 f → 02:53
調整検出: ryo4ryo4n66 2025/06/17 3:51 f → 03:51
調整検出: hinako.tsutsumi2525 2025/06/18 1:32 s → 01:32
調整検出: theoj246 2025/06/18 2:21 f → 02:21
調整検出: hinako.tsutsumi2525 2025/06/18 2:36 f → 02:36
調整検出: hinako.tsutsumi2525 2025/06/19 1:27 s → 01:27
調整検出: hinako.tsutsumi2525 2025/06/19 4:03 f → 04:03
調整検出: hinako.tsutsumi2525 2025/06/20 0:02 s → 00:02
調整検出: hinako.tsutsumi2525 2025/06/20 0:37 f → 00:37
調整検出: hinako.tsutsumi2525 2025/06/21 0:08 s → 00:08
調整検出: theoj246 2025/06/21 0:58 s → 00:58
調整検出: theoj246 2025/06/21 1:56 f → 01:56
調整検出: hinako.tsutsumi2525 2025/06/21 2:19 f → 02:19
調整検出: hinako.tsutsumi2525 2025/06/22 1:56 s → 01:56
調整検出: hinako.tsutsumi2525 2025/06/22 2:39 f → 02:39
調整検出: hinako.tsutsumi2525 2025/06/23 9:43 s → 09:43
調整検出: kouki0802.ao 2025/06/24 0:43 s 00:00 → 00:43
調整検出: kouki0802.ao 2025/06/24 0:44 f 00:30 → 00:44
調整検出: theoj246 2025/06/24 2:31 f → 02:31
調整検出: theoj246 2025/06/25 0:57 f → 00:57
調整検出: ryo4ryo4n66 2025/06/26 0:37 s → 00:37
調整検出: hinako.tsutsumi2525 2025/06/26 1:12 s → 01:12
調整検出: ryo4ryo4n66 2025/06/26 2:23 f → 02:23
調整検出: hinako.tsutsumi2525 2025/06/26 3:48 f → 03:48
調整検出: hinako.tsutsumi2525 2025/06/26 4:44 s → 04:44
調整検出: hinako.tsutsumi2525 2025/06/26 4:51 f → 04:51
調整検出: theoj246 2025/06/29 0:33 f → 00:33
調整検出: hinako.tsutsumi2525 2025/06/29 2:00 s → 02:00
調整検出: hinako.tsutsumi2525 2025/06/29 2:17 f → 02:17
調整検出: kimoppy126 2025/06/30 1:42 f → 01:42
調整検出: theoj246 2025/06/30 2:55 f → 02:55
調整検出: hinako.tsutsumi2525 2025/07/01 2:46 s → 02:46
調整検出: hinako.tsutsumi2525 2025/07/01 4:05 f → 04:05
調整検出: hinako.tsutsumi2525 2025/07/02 9:27 s → 09:27
調整検出: theoj246 2025/07/04 4:17 f → 04:17
調整検出: theoj246 2025/07/04 4:59 s → 04:59
調整検出: theoj246 2025/07/04 6:48 f → 06:48
調整検出: theoj246 2025/07/04 7:20 s → 07:20
調整検出: theoj246 2025/07/04 7:53 f → 07:53
調整検出: hinako.tsutsumi2525 2025/07/07 3:46 s → 03:46
調整検出: hinako.tsutsumi2525 2025/07/07 4:09 f → 04:09
調整検出: hinako.tsutsumi2525 2025/07/08 0:54 s → 00:54
調整検出: hinako.tsutsumi2525 2025/07/08 2:03 f → 02:03
調整検出: ryo4ryo4n66 2025/07/09 0:36 f → 00:36
調整検出: kimoppy126 2025/07/09 0:57 s → 00:57
調整検出: hinako.tsutsumi2525 2025/07/09 9:50 s → 09:50
調整検出: ryo4ryo4n66 2025/07/10 0:14 s → 00:14
調整検出: ryo4ryo4n66 2025/07/10 1:04 f → 01:04
調整検出: kouki0802.ao 2025/07/11 1:30 s 1:00 → 01:30
調整検出: kouki0802.ao 2025/07/11 2:50 f → 02:50
調整検出: theoj246 2025/07/15 0:12 f → 00:12
調整検出: ryo4ryo4n66 2025/07/17 1:12 s → 01:12
調整検出: ryo4ryo4n66 2025/07/17 1:46 f +72 → 01:46
調整検出: hinako.tsutsumi2525 2025/07/19 1:44 s → 01:44
調整検出: hinako.tsutsumi2525 2025/07/19 2:32 f → 02:32
調整検出: kouki0802.ao 2025/07/19 2:40 s +20 → 02:40
調整検出: kouki0802.ao 2025/07/19 3:17 f → 03:17
調整検出: kouki0802.ao 2025/07/21 0:16 s → 00:16
調整検出: kouki0802.ao 2025/07/21 0:52 f → 00:52
調整検出: hinako.tsutsumi2525 2025/07/23 3:56 s → 03:56
調整検出: hinako.tsutsumi2525 2025/07/23 4:28 f → 04:28
調整検出: theoj246 2025/07/25 1:20 f → 01:20
調整検出: hinako.tsutsumi2525 2025/07/25 2:42 s → 02:42
調整検出: ryo4ryo4n66 2025/07/25 2:46 f → 02:46
調整検出: hinako.tsutsumi2525 2025/07/25 4:14 f → 04:14
調整検出: erin.isozu 2025/07/26 0:34 f → 00:34
調整検出: theoj246 2025/07/27 0:17 s → 00:17
調整検出: theoj246 2025/07/27 2:32 f → 02:32
調整検出: hinako.tsutsumi2525 2025/07/28 1:19 s → 01:19
調整検出: hinako.tsutsumi2525 2025/07/28 2:37 f → 02:37
調整検出: yuta.takasu 2025/07/28 9:14 s aoki → 09:14
調整検出: yuta.takasu 2025/07/28 9:26 f aoki → 09:26
調整検出: kouki0802.ao 2025/07/30 0:14 f 18:21 → 00:14
調整検出: ryo4ryo4n66 2025/07/30 0:16 f → 00:16
調整検出: kouki0802.ao 2025/07/30 0:17 s → 00:17
調整検出: kouki0802.ao 2025/07/30 1:57 f → 01:57
調整検出: ryo4ryo4n66 2025/07/31 0:40 s → 00:40
調整検出: ryo4ryo4n66 2025/07/31 3:35 f → 03:35
調整検出: yuta.takasu 2025/07/31 9:19 s aoki → 09:19
調整検出: yuta.takasu 2025/07/31 9:34 f aoki → 09:34
調整検出: hinako.tsutsumi2525 2025/07/31 9:38 s → 09:38
調整検出: kouki0802.ao 2025/08/01 0:13 f → 00:13
調整検出: kimoppy126 2025/08/01 0:16 s → 00:16
調整検出: ryo4ryo4n66 2025/08/04 0:19 s → 00:19
調整検出: ryo4ryo4n66 2025/08/04 1:10 f +90 → 01:10
調整検出: erin.isozu 2025/08/05 1:52 f → 01:52
メッセージから調整検出: f-20 → -20分調整
調整検出: marikou180522 2025/08/06 19:39 f-20 → 19:19
調整検出: ryo4ryo4n66 2025/08/07 0:57 s → 00:57
調整検出: marikou180522 2025/08/07 1:01 f → 01:01
調整検出: erin.isozu 2025/08/07 2:07 s → 02:07
調整検出: ryo4ryo4n66 2025/08/07 3:14 f → 03:14
調整検出: erin.isozu 2025/08/07 4:12 f → 04:12
メッセージから調整検出: s+60 → 60分調整
調整検出: marikou180522 2025/08/07 19:32 s+60 → 18:32
メッセージから調整検出: s+20 → 20分調整
調整検出: marikou180522 2025/08/07 23:58 s+20 → 23:38
調整検出: ryo4ryo4n66 2025/08/08 0:36 s → 00:36
調整検出: marikou180522 2025/08/08 0:47 f → 00:47
調整検出: theoj246 2025/08/08 1:38 f → 01:38
調整検出: ryo4ryo4n66 2025/08/08 4:40 f → 04:40
調整検出: marikou180522 2025/08/08 6:04 s → 06:04
調整検出: marikou180522 2025/08/08 8:00 f → 08:00
メッセージから調整検出: f-45 → -45分調整
調整検出: marikou180522 2025/08/08 19:30 f-45 → 18:45
調整検出: erin.isozu 2025/08/09 0:17 s → 00:17
調整検出: ryo4ryo4n66 2025/08/09 0:48 s → 00:48
調整検出: erin.isozu 2025/08/09 1:50 f → 01:50
調整検出: ryo4ryo4n66 2025/08/09 2:52 f → 02:52
調整検出: erin.isozu 2025/08/09 4:44 s → 04:44
調整検出: erin.isozu 2025/08/09 6:08 f -40 → 06:08
調整検出: theoj246 2025/08/09 9:30 s → 09:30
調整検出: erin.isozu 2025/08/10 0:14 f → 00:14
調整検出: erin.isozu 2025/08/10 0:46 s → 00:46
調整検出: erin.isozu 2025/08/10 2:09 f → 02:09
調整検出: erin.isozu 2025/08/10 4:12 s → 04:12
調整検出: erin.isozu 2025/08/10 6:33 f → 06:33
調整検出: kouki0802.ao 2025/08/11 0:10 f → 00:10
調整検出: erin.isozu 2025/08/11 1:04 f → 01:04
メッセージから調整検出: s+90 → 90分調整
調整検出: marikou180522 2025/08/11 1:55 s+90 → 00:25
警告: Yohei Watanabe - 開始時刻なしの終了 2024/06/21 21:30
警告: Yohei Watanabe - 連続する開始時刻を検出、前のセッションを自動終了
警告: deerveryone - 開始時刻なしの終了 2024/09/05 18:54
警告: deerveryone - 開始時刻なしの終了 2024/09/05 21:10
警告: info - 開始時刻なしの終了 2024/10/31 18:03
警告: info - 連続する開始時刻を検出、前のセッションを自動終了
エラー: info - 24時間超過を検出 2024/12/14 09:17 → 2025/05/20 13:44 = 226347分
警告: info - 開始時刻なしの終了 2025/07/18 21:49
情報: info - 未完了のセッション 2025/07/18 21:51
警告: theoj246 - 連続する開始時刻を検出、前のセッションを自動終了
警告: theoj246 - 開始時刻なしの終了 2025/03/06 16:51
警告: theoj246 - 連続する開始時刻を検出、前のセッションを自動終了
警告: theoj246 - 開始時刻なしの終了 2025/03/10 17:58
警告: theoj246 - 開始時刻なしの終了 2025/03/10 19:05
警告: theoj246 - 連続する開始時刻を検出、前のセッションを自動終了
警告: theoj246 - 開始時刻なしの終了 2025/03/11 01:09
警告: theoj246 - 連続する開始時刻を検出、前のセッションを自動終了
警告: theoj246 - 連続する開始時刻を検出、前のセッションを自動終了
エラー: theoj246 - 24時間超過を検出 2025/07/12 15:51 → 2025/07/14 10:34 = 2563分
警告: theoj246 - 連続する開始時刻を検出、前のセッションを自動終了
警告: theoj246 - 開始時刻なしの終了 2025/08/06 13:33
エラー: ryo4ryo4n66 - 24時間超過を検出 2024/11/02 13:59 → 2024/11/03 15:36 = 1537分
警告: ryo4ryo4n66 - 連続する開始時刻を検出、前のセッションを自動終了
警告: ryo4ryo4n66 - 連続する開始時刻を検出、前のセッションを自動終了
警告: ryo4ryo4n66 - 開始時刻なしの終了 2025/03/11 14:15
警告: ryo4ryo4n66 - 連続する開始時刻を検出、前のセッションを自動終了
警告: ryo4ryo4n66 - 開始時刻なしの終了 2025/03/26 17:50
警告: ryo4ryo4n66 - 連続する開始時刻を検出、前のセッションを自動終了
警告: ryo4ryo4n66 - 連続する開始時刻を検出、前のセッションを自動終了
エラー: ryo4ryo4n66 - 24時間超過を検出 2025/05/10 15:56 → 2025/05/12 13:03 = 2707分
警告: ryo4ryo4n66 - 開始時刻なしの終了 2025/06/13 19:47
警告: ryo4ryo4n66 - 開始時刻なしの終了 2025/07/09 13:35
情報: A - 未完了のセッション 2024/09/25 13:22
警告: osaryo523778 - 連続する開始時刻を検出、前のセッションを自動終了
エラー: kimoppy126 - 24時間超過を検出 2025/05/25 15:05 → 2025/05/28 00:03 = 3418分
警告: kimoppy126 - 連続する開始時刻を検出、前のセッションを自動終了
警告: kimoppy126 - 連続する開始時刻を検出、前のセッションを自動終了
警告: kimoppy126 - 連続する開始時刻を検出、前のセッションを自動終了
警告: kimoppy126 - 連続する開始時刻を検出、前のセッションを自動終了
情報: kimoppy126 - 未完了のセッション 2025/08/01 00:16
警告: yuta.takasu - 連続する開始時刻を検出、前のセッションを自動終了
警告: yuta.takasu - 連続する開始時刻を検出、前のセッションを自動終了
警告: yuta.takasu - 連続する開始時刻を検出、前のセッションを自動終了
警告: hinako.tsutsumi2525 - 開始時刻なしの終了 2025/06/23 14:49
警告: ujwal.kumar252725 - 連続する開始時刻を検出、前のセッションを自動終了
警告: ujwal.kumar252725 - 開始時刻なしの終了 2025/07/10 23:18
警告: ujwal.kumar252725 - 開始時刻なしの終了 2025/07/15 18:31
警告: ujwal.kumar252725 - 開始時刻なしの終了 2025/07/16 11:59
警告: ujwal.kumar252725 - 開始時刻なしの終了 2025/07/18 21:49
警告: ujwal.kumar252725 - 連続する開始時刻を検出、前のセッションを自動終了
警告: ujwal.kumar252725 - 連続する開始時刻を検出、前のセッションを自動終了
情報: ujwal.kumar252725 - 未完了のセッション 2025/07/18 21:51
警告: kouki0802.ao - 開始時刻なしの終了 2025/06/20 17:11
警告: kouki0802.ao - 開始時刻なしの終了 2025/06/28 18:25
警告: kouki0802.ao - 開始時刻なしの終了 2025/07/03 17:13
エラー: kouki0802.ao - 24時間超過を検出 2025/07/04 17:50 → 2025/07/05 17:59 = 1449分
警告: kouki0802.ao - 連続する開始時刻を検出、前のセッションを自動終了
警告: kouki0802.ao - 連続する開始時刻を検出、前のセッションを自動終了
警告: kouki0802.ao - 開始時刻なしの終了 2025/08/05 18:18
警告: marikou180522 - 連続する開始時刻を検出、前のセッションを自動終了
情報: marikou180522 - 未完了のセッション 2025/08/11 00:25
INFO:     127.0.0.1:52092 - "GET /subpage/daily-chart?days=31&top_users=15 HTTP/1.1" 200 OK
調整検出: Yohei Watanabe 2024/06/16 3:10 終了 → 03:10
調整検出: Yohei Watanabe 2024/06/27 0:07 開始 → 00:07
調整検出: Yohei Watanabe 2024/06/27 2:03 終了 → 02:03
調整検出: deerveryone 2024/07/12 8:50 開始：EB関連Notion管理（修正） → 08:50
調整検出: deerveryone 2024/07/12 9:20 終了 → 09:20
調整検出: lyuki093 2024/07/16 8:57 開始 → 08:57
調整検出: deerveryone 2024/07/16 9:38 開始 → 09:38
調整検出: deerveryone 2024/08/21 7:54 開始 → 07:54
調整検出: deerveryone 2024/08/21 9:02 終了 → 09:02
調整検出: deerveryone 2024/08/28 8:52 開始 → 08:52
調整検出: theoj246 2024/09/06 8:22 開始 → 08:22
調整検出: deerveryone 2024/09/06 9:20 開始（08:20に修正） → 09:20
調整検出: theoj246 2024/09/06 9:31 終了 → 09:31
調整検出: deerveryone 2024/09/09 9:45 開始 → 09:45
調整検出: deerveryone 2024/09/11 8:56 開始 → 08:56
調整検出: theoj246 2024/09/11 9:59 開始 → 09:59
調整検出: deerveryone 2024/09/11 9:40 終了 9:40 → 09:40
調整検出: theoj246 2024/09/18 0:16 終了 → 00:16
調整検出: deerveryone 2024/09/18 8:51 開始 → 08:51
調整検出: ryo4ryo4n66 2024/09/18 9:32 開始 → 09:32
調整検出: theoj246 2024/09/19 0:19 開始 → 00:19
調整検出: theoj246 2024/09/19 0:47 終了 → 00:47
調整検出: theoj246 2024/09/19 8:53 開始 → 08:53
調整検出: deerveryone 2024/09/21 9:15 開始 → 09:15
調整検出: ryo4ryo4n66 2024/09/21 9:38 開始 → 09:38
調整検出: ryo4ryo4n66 2024/09/23 0:23 開始 → 00:23
調整検出: deerveryone 2024/09/23 9:00 終了 → 09:00
調整検出: theoj246 2024/09/24 9:04 開始 → 09:04
調整検出: theoj246 2024/09/24 9:32 終了 → 09:32
調整検出: theoj246 2024/09/25 8:51 開始 → 08:51
調整検出: deerveryone 2024/09/27 9:08 開始 → 09:08
調整検出: theoj246 2024/10/06 0:45 開始 → 00:45
調整検出: theoj246 2024/10/06 1:46 終了 → 01:46
調整検出: theoj246 2024/10/07 0:05 終了 → 00:05
調整検出: theoj246 2024/10/09 0:52 開始 → 00:52
調整検出: theoj246 2024/10/09 1:19 終了 → 01:19
調整検出: theoj246 2024/10/09 9:06 開始 → 09:06
調整検出: theoj246 2024/10/09 9:58 終了 → 09:58
調整検出: theoj246 2024/10/11 9:23 開始 → 09:23
調整検出: theoj246 2024/10/13 0:29 開始 → 00:29
調整検出: theoj246 2024/10/13 1:29 終了 → 01:29
調整検出: theoj246 2024/10/13 9:31 開始 → 09:31
調整検出: osaryo523778 2024/10/17 1:18 終了 → 01:18
調整検出: theoj246 2024/10/17 8:58 開始 → 08:58
調整検出: theoj246 2024/10/17 9:43 終了 → 09:43
調整検出: osaryo523778 2024/10/18 0:00 終了 → 00:00
調整検出: theoj246 2024/10/18 9:11 開始 → 09:11
調整検出: theoj246 2024/10/20 9:53 開始 → 09:53
調整検出: osaryo523778 2024/10/21 1:10 終了 → 01:10
調整検出: osaryo523778 2024/10/21 8:03 開始 → 08:03
調整検出: theoj246 2024/10/23 8:43 開始 → 08:43
調整検出: theoj246 2024/10/23 9:40 終了 → 09:40
調整検出: osaryo523778 2024/10/26 2:53 s → 02:53
調整検出: osaryo523778 2024/10/26 4:53 f → 04:53
調整検出: theoj246 2024/10/27 0:24 s → 00:24
調整検出: theoj246 2024/10/27 1:30 f → 01:30
調整検出: theoj246 2024/10/28 0:17 s → 00:17
調整検出: theoj246 2024/10/28 1:34 f → 01:34
調整検出: ryo4ryo4n66 2024/10/29 0:57 f → 00:57
調整検出: theoj246 2024/11/04 0:02 s → 00:02
調整検出: theoj246 2024/11/04 0:18 f → 00:18
調整検出: theoj246 2024/11/08 0:51 f → 00:51
調整検出: theoj246 2024/11/10 1:26 f → 01:26
調整検出: ryo4ryo4n66 2024/11/12 0:15 f → 00:15
調整検出: osaryo523778 2024/11/16 1:34 s → 01:34
調整検出: ryo4ryo4n66 2024/11/16 2:52 f → 02:52
調整検出: osaryo523778 2024/11/16 4:21 f → 04:21
調整検出: osaryo523778 2024/11/17 0:43 f → 00:43
調整検出: theoj246 2024/11/18 0:13 s → 00:13
調整検出: theoj246 2024/11/18 0:41 f → 00:41
調整検出: theoj246 2024/11/21 0:49 f → 00:49
調整検出: theoj246 2024/11/23 2:08 f → 02:08
調整検出: theoj246 2024/11/24 1:11 f → 01:11
調整検出: osaryo523778 2024/11/26 0:26 f → 00:26
調整検出: theoj246 2024/11/28 0:49 f → 00:49
調整検出: theoj246 2024/11/29 1:33 f → 01:33
調整検出: osaryo523778 2024/12/03 1:49 f → 01:49
調整検出: ryo4ryo4n66 2024/12/06 0:53 s → 00:53
調整検出: ryo4ryo4n66 2024/12/06 2:20 f → 02:20
調整検出: osaryo523778 2024/12/10 1:17 s → 01:17
調整検出: osaryo523778 2024/12/10 3:27 f → 03:27
調整検出: theoj246 2024/12/10 8:32 s → 08:32
調整検出: theoj246 2024/12/11 9:46 s → 09:46
調整検出: theoj246 2024/12/14 9:01 s → 09:01
調整検出: info 2024/12/14 9:17 s → 09:17
調整検出: ryo4ryo4n66 2024/12/15 0:09 f → 00:09
調整検出: theoj246 2024/12/16 0:52 f → 00:52
調整検出: theoj246 2024/12/16 8:42 s → 08:42
調整検出: theoj246 2024/12/17 0:04 f → 00:04
調整検出: theoj246 2024/12/18 8:53 f -30s → 08:53
調整検出: theoj246 2024/12/18 8:53 s → 08:53
調整検出: theoj246 2024/12/19 1:03 f 22:00 → 01:03
調整検出: theoj246 2024/12/19 9:34 s → 09:34
調整検出: theoj246 2024/12/20 9:01 s → 09:01
調整検出: theoj246 2024/12/20 9:51 f → 09:51
調整検出: theoj246 2024/12/22 0:34 f → 00:34
調整検出: theoj246 2024/12/22 9:36 s → 09:36
調整検出: theoj246 2024/12/24 9:46 s → 09:46
調整検出: theoj246 2025/01/04 0:40 f → 00:40
調整検出: theoj246 2025/01/04 9:58 s → 09:58
調整検出: theoj246 2025/01/10 0:35 f → 00:35
調整検出: theoj246 2025/01/13 0:47 f → 00:47
調整検出: osaryo523778 2025/01/14 0:58 f → 00:58
調整検出: theoj246 2025/01/16 9:09 f - 21:00 → 09:09
調整検出: theoj246 2025/01/20 9:16 s → 09:16
調整検出: theoj246 2025/01/20 9:49 f → 09:49
調整検出: theoj246 2025/01/27 9:03 s → 09:03
調整検出: ryo4ryo4n66 2025/01/30 0:02 s → 00:02
調整検出: ryo4ryo4n66 2025/01/30 3:07 f → 03:07
調整検出: theoj246 2025/02/11 1:17 s → 01:17
調整検出: theoj246 2025/02/11 1:40 f → 01:40
調整検出: theoj246 2025/02/12 0:27 f → 00:27
調整検出: theoj246 2025/02/13 9:21 s → 09:21
調整検出: theoj246 2025/02/19 9:07 s → 09:07
調整検出: theoj246 2025/02/24 0:27 f → 00:27
調整検出: ryo4ryo4n66 2025/02/27 0:03 f → 00:03
調整検出: kimoppy126 2025/03/06 7:29 s → 07:29
調整検出: kimoppy126 2025/03/06 9:25 f → 09:25
調整検出: kimoppy126 2025/03/09 8:38 s → 08:38
調整検出: theoj246 2025/03/10 0:07 f → 00:07
調整検出: ryo4ryo4n66 2025/03/10 0:26 f → 00:26
調整検出: theoj246 2025/03/10 9:58 s → 09:58
調整検出: ryo4ryo4n66 2025/03/11 1:03 f -3:35 → 01:03
調整検出: theoj246 2025/03/11 1:09 f → 01:09
調整検出: theoj246 2025/03/11 9:47 s → 09:47
調整検出: theoj246 2025/03/12 0:07 f → 00:07
調整検出: theoj246 2025/03/18 0:25 f 20:20 → 00:25
調整検出: ryo4ryo4n66 2025/03/18 0:32 f 20:20 → 00:32
調整検出: ryo4ryo4n66 2025/03/18 0:32 s → 00:32
調整検出: theoj246 2025/03/18 1:13 s → 01:13
調整検出: theoj246 2025/03/18 1:35 f → 01:35
調整検出: ryo4ryo4n66 2025/03/18 1:50 f → 01:50
調整検出: ryo4ryo4n66 2025/03/22 1:18 s → 01:18
調整検出: ryo4ryo4n66 2025/03/22 2:09 f → 02:09
調整検出: theoj246 2025/03/22 5:06 f → 05:06
調整検出: theoj246 2025/03/24 0:11 f → 00:11
調整検出: theoj246 2025/03/26 0:11 s → 00:11
調整検出: theoj246 2025/03/26 1:07 f → 01:07
調整検出: ryo4ryo4n66 2025/03/26 1:11 s → 01:11
調整検出: ryo4ryo4n66 2025/03/26 1:59 f ＋ 180 → 01:59
調整検出: theoj246 2025/03/28 0:42 f → 00:42
調整検出: ryo4ryo4n66 2025/03/28 0:45 s → 00:45
調整検出: ryo4ryo4n66 2025/03/28 2:41 f → 02:41
調整検出: theoj246 2025/03/31 9:12 s → 09:12
調整検出: ryo4ryo4n66 2025/04/01 0:46 f → 00:46
調整検出: ryo4ryo4n66 2025/04/03 1:16 f → 01:16
調整検出: theoj246 2025/04/04 0:37 f → 00:37
調整検出: theoj246 2025/04/05 0:44 f → 00:44
調整検出: theoj246 2025/04/07 0:30 s → 00:30
調整検出: theoj246 2025/04/07 2:20 f → 02:20
調整検出: ryo4ryo4n66 2025/04/08 0:05 s → 00:05
調整検出: ryo4ryo4n66 2025/04/08 0:35 f → 00:35
調整検出: theoj246 2025/04/09 1:01 f → 01:01
調整検出: theoj246 2025/04/10 0:14 s → 00:14
調整検出: theoj246 2025/04/10 0:39 f → 00:39
調整検出: kimoppy126 2025/04/14 1:31 f → 01:31
調整検出: theoj246 2025/04/16 0:02 f → 00:02
調整検出: kimoppy126 2025/04/20 4:05 f → 04:05
調整検出: theoj246 2025/04/21 1:29 f → 01:29
調整検出: ryo4ryo4n66 2025/04/22 0:31 s → 00:31
調整検出: theoj246 2025/04/22 0:45 f → 00:45
調整検出: ryo4ryo4n66 2025/04/22 1:04 f → 01:04
調整検出: ryo4ryo4n66 2025/04/23 0:49 f → 00:49
調整検出: theoj246 2025/04/23 1:33 f → 01:33
調整検出: theoj246 2025/04/23 9:52 s → 09:52
調整検出: theoj246 2025/04/25 0:19 f → 00:19
調整検出: theoj246 2025/04/30 0:14 s → 00:14
調整検出: theoj246 2025/04/30 2:13 f → 02:13
調整検出: theoj246 2025/05/03 1:37 f → 01:37
調整検出: theoj246 2025/05/08 0:54 f → 00:54
調整検出: theoj246 2025/05/09 0:38 f → 00:38
調整検出: ryo4ryo4n66 2025/05/14 1:57 s → 01:57
調整検出: ryo4ryo4n66 2025/05/14 1:58 f60 → 01:58
調整検出: theoj246 2025/05/16 1:11 f → 01:11
調整検出: theoj246 2025/05/17 2:51 f → 02:51
調整検出: theoj246 2025/05/18 0:18 f → 00:18
調整検出: theoj246 2025/05/19 4:43 s → 04:43
調整検出: theoj246 2025/05/19 8:22 f → 08:22
調整検出: theoj246 2025/05/21 9:22 s → 09:22
調整検出: theoj246 2025/05/22 9:16 s → 09:16
調整検出: ryo4ryo4n66 2025/05/23 0:40 s → 00:40
調整検出: ryo4ryo4n66 2025/05/23 2:15 f → 02:15
調整検出: theoj246 2025/05/23 9:34 s → 09:34
調整検出: ryo4ryo4n66 2025/05/24 0:09 s → 00:09
調整検出: ryo4ryo4n66 2025/05/24 1:17 f → 01:17
調整検出: theoj246 2025/05/24 8:51 s → 08:51
調整検出: theoj246 2025/05/26 8:47 s → 08:47
調整検出: ryo4ryo4n66 2025/05/27 1:36 s → 01:36
調整検出: ryo4ryo4n66 2025/05/27 3:04 f → 03:04
調整検出: kimoppy126 2025/05/28 0:03 f 5/25 19:00 → 00:03
調整検出: theoj246 2025/05/28 0:43 f → 00:43
調整検出: theoj246 2025/05/28 9:56 s → 09:56
調整検出: theoj246 2025/05/29 0:41 s → 00:41
調整検出: theoj246 2025/05/29 2:22 f → 02:22
調整検出: ryo4ryo4n66 2025/05/31 0:58 f → 00:58
調整検出: ryo4ryo4n66 2025/06/02 0:08 s → 00:08
調整検出: ryo4ryo4n66 2025/06/02 2:12 f → 02:12
調整検出: hinako.tsutsumi2525 2025/06/05 1:51 s → 01:51
調整検出: theoj246 2025/06/05 1:57 f → 01:57
調整検出: hinako.tsutsumi2525 2025/06/05 2:28 f → 02:28
調整検出: ujwal.kumar252725 2025/06/05 8:00 f 23:30 → 08:00
調整検出: hinako.tsutsumi2525 2025/06/06 2:15 s → 02:15
調整検出: hinako.tsutsumi2525 2025/06/06 3:24 f → 03:24
調整検出: hinako.tsutsumi2525 2025/06/07 0:22 s → 00:22
調整検出: hinako.tsutsumi2525 2025/06/07 0:57 f → 00:57
調整検出: hinako.tsutsumi2525 2025/06/07 1:45 s → 01:45
調整検出: hinako.tsutsumi2525 2025/06/07 2:08 f → 02:08
調整検出: ujwal.kumar252725 2025/06/09 9:32 f 17:30 → 09:32
調整検出: theoj246 2025/06/10 3:09 f 2:00 → 03:09
調整検出: hinako.tsutsumi2525 2025/06/11 1:05 s → 01:05
調整検出: theoj246 2025/06/11 1:43 f → 01:43
調整検出: hinako.tsutsumi2525 2025/06/11 1:53 f → 01:53
調整検出: ujwal.kumar252725 2025/06/14 8:15 f 11:30 → 08:15
調整検出: hinako.tsutsumi2525 2025/06/16 9:05 s → 09:05
調整検出: ryo4ryo4n66 2025/06/17 1:47 s → 01:47
調整検出: hinako.tsutsumi2525 2025/06/17 2:00 s → 02:00
調整検出: hinako.tsutsumi2525 2025/06/17 2:53 f → 02:53
調整検出: ryo4ryo4n66 2025/06/17 3:51 f → 03:51
調整検出: hinako.tsutsumi2525 2025/06/18 1:32 s → 01:32
調整検出: theoj246 2025/06/18 2:21 f → 02:21
調整検出: hinako.tsutsumi2525 2025/06/18 2:36 f → 02:36
調整検出: hinako.tsutsumi2525 2025/06/19 1:27 s → 01:27
調整検出: hinako.tsutsumi2525 2025/06/19 4:03 f → 04:03
調整検出: hinako.tsutsumi2525 2025/06/20 0:02 s → 00:02
調整検出: hinako.tsutsumi2525 2025/06/20 0:37 f → 00:37
調整検出: hinako.tsutsumi2525 2025/06/21 0:08 s → 00:08
調整検出: theoj246 2025/06/21 0:58 s → 00:58
調整検出: theoj246 2025/06/21 1:56 f → 01:56
調整検出: hinako.tsutsumi2525 2025/06/21 2:19 f → 02:19
調整検出: hinako.tsutsumi2525 2025/06/22 1:56 s → 01:56
調整検出: hinako.tsutsumi2525 2025/06/22 2:39 f → 02:39
調整検出: hinako.tsutsumi2525 2025/06/23 9:43 s → 09:43
調整検出: kouki0802.ao 2025/06/24 0:43 s 00:00 → 00:43
調整検出: kouki0802.ao 2025/06/24 0:44 f 00:30 → 00:44
調整検出: theoj246 2025/06/24 2:31 f → 02:31
調整検出: theoj246 2025/06/25 0:57 f → 00:57
調整検出: ryo4ryo4n66 2025/06/26 0:37 s → 00:37
調整検出: hinako.tsutsumi2525 2025/06/26 1:12 s → 01:12
調整検出: ryo4ryo4n66 2025/06/26 2:23 f → 02:23
調整検出: hinako.tsutsumi2525 2025/06/26 3:48 f → 03:48
調整検出: hinako.tsutsumi2525 2025/06/26 4:44 s → 04:44
調整検出: hinako.tsutsumi2525 2025/06/26 4:51 f → 04:51
調整検出: theoj246 2025/06/29 0:33 f → 00:33
調整検出: hinako.tsutsumi2525 2025/06/29 2:00 s → 02:00
調整検出: hinako.tsutsumi2525 2025/06/29 2:17 f → 02:17
調整検出: kimoppy126 2025/06/30 1:42 f → 01:42
調整検出: theoj246 2025/06/30 2:55 f → 02:55
調整検出: hinako.tsutsumi2525 2025/07/01 2:46 s → 02:46
調整検出: hinako.tsutsumi2525 2025/07/01 4:05 f → 04:05
調整検出: hinako.tsutsumi2525 2025/07/02 9:27 s → 09:27
調整検出: theoj246 2025/07/04 4:17 f → 04:17
調整検出: theoj246 2025/07/04 4:59 s → 04:59
調整検出: theoj246 2025/07/04 6:48 f → 06:48
調整検出: theoj246 2025/07/04 7:20 s → 07:20
調整検出: theoj246 2025/07/04 7:53 f → 07:53
調整検出: hinako.tsutsumi2525 2025/07/07 3:46 s → 03:46
調整検出: hinako.tsutsumi2525 2025/07/07 4:09 f → 04:09
調整検出: hinako.tsutsumi2525 2025/07/08 0:54 s → 00:54
調整検出: hinako.tsutsumi2525 2025/07/08 2:03 f → 02:03
調整検出: ryo4ryo4n66 2025/07/09 0:36 f → 00:36
調整検出: kimoppy126 2025/07/09 0:57 s → 00:57
調整検出: hinako.tsutsumi2525 2025/07/09 9:50 s → 09:50
調整検出: ryo4ryo4n66 2025/07/10 0:14 s → 00:14
調整検出: ryo4ryo4n66 2025/07/10 1:04 f → 01:04
調整検出: kouki0802.ao 2025/07/11 1:30 s 1:00 → 01:30
調整検出: kouki0802.ao 2025/07/11 2:50 f → 02:50
調整検出: theoj246 2025/07/15 0:12 f → 00:12
調整検出: ryo4ryo4n66 2025/07/17 1:12 s → 01:12
調整検出: ryo4ryo4n66 2025/07/17 1:46 f +72 → 01:46
調整検出: hinako.tsutsumi2525 2025/07/19 1:44 s → 01:44
調整検出: hinako.tsutsumi2525 2025/07/19 2:32 f → 02:32
調整検出: kouki0802.ao 2025/07/19 2:40 s +20 → 02:40
調整検出: kouki0802.ao 2025/07/19 3:17 f → 03:17
調整検出: kouki0802.ao 2025/07/21 0:16 s → 00:16
調整検出: kouki0802.ao 2025/07/21 0:52 f → 00:52
調整検出: hinako.tsutsumi2525 2025/07/23 3:56 s → 03:56
調整検出: hinako.tsutsumi2525 2025/07/23 4:28 f → 04:28
調整検出: theoj246 2025/07/25 1:20 f → 01:20
調整検出: hinako.tsutsumi2525 2025/07/25 2:42 s → 02:42
調整検出: ryo4ryo4n66 2025/07/25 2:46 f → 02:46
調整検出: hinako.tsutsumi2525 2025/07/25 4:14 f → 04:14
調整検出: erin.isozu 2025/07/26 0:34 f → 00:34
調整検出: theoj246 2025/07/27 0:17 s → 00:17
調整検出: theoj246 2025/07/27 2:32 f → 02:32
調整検出: hinako.tsutsumi2525 2025/07/28 1:19 s → 01:19
調整検出: hinako.tsutsumi2525 2025/07/28 2:37 f → 02:37
調整検出: yuta.takasu 2025/07/28 9:14 s aoki → 09:14
調整検出: yuta.takasu 2025/07/28 9:26 f aoki → 09:26
調整検出: kouki0802.ao 2025/07/30 0:14 f 18:21 → 00:14
調整検出: ryo4ryo4n66 2025/07/30 0:16 f → 00:16
調整検出: kouki0802.ao 2025/07/30 0:17 s → 00:17
調整検出: kouki0802.ao 2025/07/30 1:57 f → 01:57
調整検出: ryo4ryo4n66 2025/07/31 0:40 s → 00:40
調整検出: ryo4ryo4n66 2025/07/31 3:35 f → 03:35
調整検出: yuta.takasu 2025/07/31 9:19 s aoki → 09:19
調整検出: yuta.takasu 2025/07/31 9:34 f aoki → 09:34
調整検出: hinako.tsutsumi2525 2025/07/31 9:38 s → 09:38
調整検出: kouki0802.ao 2025/08/01 0:13 f → 00:13
調整検出: kimoppy126 2025/08/01 0:16 s → 00:16
調整検出: ryo4ryo4n66 2025/08/04 0:19 s → 00:19
調整検出: ryo4ryo4n66 2025/08/04 1:10 f +90 → 01:10
調整検出: erin.isozu 2025/08/05 1:52 f → 01:52
メッセージから調整検出: f-20 → -20分調整
調整検出: marikou180522 2025/08/06 19:39 f-20 → 19:19
調整検出: ryo4ryo4n66 2025/08/07 0:57 s → 00:57
調整検出: marikou180522 2025/08/07 1:01 f → 01:01
調整検出: erin.isozu 2025/08/07 2:07 s → 02:07
調整検出: ryo4ryo4n66 2025/08/07 3:14 f → 03:14
調整検出: erin.isozu 2025/08/07 4:12 f → 04:12
メッセージから調整検出: s+60 → 60分調整
調整検出: marikou180522 2025/08/07 19:32 s+60 → 18:32
メッセージから調整検出: s+20 → 20分調整
調整検出: marikou180522 2025/08/07 23:58 s+20 → 23:38
調整検出: ryo4ryo4n66 2025/08/08 0:36 s → 00:36
調整検出: marikou180522 2025/08/08 0:47 f → 00:47
調整検出: theoj246 2025/08/08 1:38 f → 01:38
調整検出: ryo4ryo4n66 2025/08/08 4:40 f → 04:40
調整検出: marikou180522 2025/08/08 6:04 s → 06:04
調整検出: marikou180522 2025/08/08 8:00 f → 08:00
メッセージから調整検出: f-45 → -45分調整
調整検出: marikou180522 2025/08/08 19:30 f-45 → 18:45
調整検出: erin.isozu 2025/08/09 0:17 s → 00:17
調整検出: ryo4ryo4n66 2025/08/09 0:48 s → 00:48
調整検出: erin.isozu 2025/08/09 1:50 f → 01:50
調整検出: ryo4ryo4n66 2025/08/09 2:52 f → 02:52
調整検出: erin.isozu 2025/08/09 4:44 s → 04:44
調整検出: erin.isozu 2025/08/09 6:08 f -40 → 06:08
調整検出: theoj246 2025/08/09 9:30 s → 09:30
調整検出: erin.isozu 2025/08/10 0:14 f → 00:14
調整検出: erin.isozu 2025/08/10 0:46 s → 00:46
調整検出: erin.isozu 2025/08/10 2:09 f → 02:09
調整検出: erin.isozu 2025/08/10 4:12 s → 04:12
調整検出: erin.isozu 2025/08/10 6:33 f → 06:33
調整検出: kouki0802.ao 2025/08/11 0:10 f → 00:10
調整検出: erin.isozu 2025/08/11 1:04 f → 01:04
メッセージから調整検出: s+90 → 90分調整
調整検出: marikou180522 2025/08/11 1:55 s+90 → 00:25
警告: Yohei Watanabe - 開始時刻なしの終了 2024/06/21 21:30
警告: Yohei Watanabe - 連続する開始時刻を検出、前のセッションを自動終了
警告: deerveryone - 開始時刻なしの終了 2024/09/05 18:54
警告: deerveryone - 開始時刻なしの終了 2024/09/05 21:10
警告: info - 開始時刻なしの終了 2024/10/31 18:03
警告: info - 連続する開始時刻を検出、前のセッションを自動終了
エラー: info - 24時間超過を検出 2024/12/14 09:17 → 2025/05/20 13:44 = 226347分
警告: info - 開始時刻なしの終了 2025/07/18 21:49
情報: info - 未完了のセッション 2025/07/18 21:51
警告: theoj246 - 連続する開始時刻を検出、前のセッションを自動終了
警告: theoj246 - 開始時刻なしの終了 2025/03/06 16:51
警告: theoj246 - 連続する開始時刻を検出、前のセッションを自動終了
警告: theoj246 - 開始時刻なしの終了 2025/03/10 17:58
警告: theoj246 - 開始時刻なしの終了 2025/03/10 19:05
警告: theoj246 - 連続する開始時刻を検出、前のセッションを自動終了
警告: theoj246 - 開始時刻なしの終了 2025/03/11 01:09
警告: theoj246 - 連続する開始時刻を検出、前のセッションを自動終了
警告: theoj246 - 連続する開始時刻を検出、前のセッションを自動終了
エラー: theoj246 - 24時間超過を検出 2025/07/12 15:51 → 2025/07/14 10:34 = 2563分
警告: theoj246 - 連続する開始時刻を検出、前のセッションを自動終了
警告: theoj246 - 開始時刻なしの終了 2025/08/06 13:33
エラー: ryo4ryo4n66 - 24時間超過を検出 2024/11/02 13:59 → 2024/11/03 15:36 = 1537分
警告: ryo4ryo4n66 - 連続する開始時刻を検出、前のセッションを自動終了
警告: ryo4ryo4n66 - 連続する開始時刻を検出、前のセッションを自動終了
警告: ryo4ryo4n66 - 開始時刻なしの終了 2025/03/11 14:15
警告: ryo4ryo4n66 - 連続する開始時刻を検出、前のセッションを自動終了
警告: ryo4ryo4n66 - 開始時刻なしの終了 2025/03/26 17:50
警告: ryo4ryo4n66 - 連続する開始時刻を検出、前のセッションを自動終了
警告: ryo4ryo4n66 - 連続する開始時刻を検出、前のセッションを自動終了
エラー: ryo4ryo4n66 - 24時間超過を検出 2025/05/10 15:56 → 2025/05/12 13:03 = 2707分
警告: ryo4ryo4n66 - 開始時刻なしの終了 2025/06/13 19:47
警告: ryo4ryo4n66 - 開始時刻なしの終了 2025/07/09 13:35
情報: A - 未完了のセッション 2024/09/25 13:22
警告: osaryo523778 - 連続する開始時刻を検出、前のセッションを自動終了
エラー: kimoppy126 - 24時間超過を検出 2025/05/25 15:05 → 2025/05/28 00:03 = 3418分
警告: kimoppy126 - 連続する開始時刻を検出、前のセッションを自動終了
警告: kimoppy126 - 連続する開始時刻を検出、前のセッションを自動終了
警告: kimoppy126 - 連続する開始時刻を検出、前のセッションを自動終了
警告: kimoppy126 - 連続する開始時刻を検出、前のセッションを自動終了
情報: kimoppy126 - 未完了のセッション 2025/08/01 00:16
警告: yuta.takasu - 連続する開始時刻を検出、前のセッションを自動終了
警告: yuta.takasu - 連続する開始時刻を検出、前のセッションを自動終了
警告: yuta.takasu - 連続する開始時刻を検出、前のセッションを自動終了
警告: hinako.tsutsumi2525 - 開始時刻なしの終了 2025/06/23 14:49
警告: ujwal.kumar252725 - 連続する開始時刻を検出、前のセッションを自動終了
警告: ujwal.kumar252725 - 開始時刻なしの終了 2025/07/10 23:18
警告: ujwal.kumar252725 - 開始時刻なしの終了 2025/07/15 18:31
警告: ujwal.kumar252725 - 開始時刻なしの終了 2025/07/16 11:59
警告: ujwal.kumar252725 - 開始時刻なしの終了 2025/07/18 21:49
警告: ujwal.kumar252725 - 連続する開始時刻を検出、前のセッションを自動終了
警告: ujwal.kumar252725 - 連続する開始時刻を検出、前のセッションを自動終了
情報: ujwal.kumar252725 - 未完了のセッション 2025/07/18 21:51
警告: kouki0802.ao - 開始時刻なしの終了 2025/06/20 17:11
警告: kouki0802.ao - 開始時刻なしの終了 2025/06/28 18:25
警告: kouki0802.ao - 開始時刻なしの終了 2025/07/03 17:13
エラー: kouki0802.ao - 24時間超過を検出 2025/07/04 17:50 → 2025/07/05 17:59 = 1449分
警告: kouki0802.ao - 連続する開始時刻を検出、前のセッションを自動終了
警告: kouki0802.ao - 連続する開始時刻を検出、前のセッションを自動終了
警告: kouki0802.ao - 開始時刻なしの終了 2025/08/05 18:18
警告: marikou180522 - 連続する開始時刻を検出、前のセッションを自動終了
情報: marikou180522 - 未完了のセッション 2025/08/11 00:25
INFO:     127.0.0.1:52144 - "GET /subpage/update?limit=5&months=1 HTTP/1.1" 200 OK
調整検出: Yohei Watanabe 2024/06/16 3:10 終了 → 03:10
調整検出: Yohei Watanabe 2024/06/27 0:07 開始 → 00:07
調整検出: Yohei Watanabe 2024/06/27 2:03 終了 → 02:03
調整検出: deerveryone 2024/07/12 8:50 開始：EB関連Notion管理（修正） → 08:50
調整検出: deerveryone 2024/07/12 9:20 終了 → 09:20
調整検出: lyuki093 2024/07/16 8:57 開始 → 08:57
調整検出: deerveryone 2024/07/16 9:38 開始 → 09:38
調整検出: deerveryone 2024/08/21 7:54 開始 → 07:54
調整検出: deerveryone 2024/08/21 9:02 終了 → 09:02
調整検出: deerveryone 2024/08/28 8:52 開始 → 08:52
調整検出: theoj246 2024/09/06 8:22 開始 → 08:22
調整検出: deerveryone 2024/09/06 9:20 開始（08:20に修正） → 09:20
調整検出: theoj246 2024/09/06 9:31 終了 → 09:31
調整検出: deerveryone 2024/09/09 9:45 開始 → 09:45
調整検出: deerveryone 2024/09/11 8:56 開始 → 08:56
調整検出: theoj246 2024/09/11 9:59 開始 → 09:59
調整検出: deerveryone 2024/09/11 9:40 終了 9:40 → 09:40
調整検出: theoj246 2024/09/18 0:16 終了 → 00:16
調整検出: deerveryone 2024/09/18 8:51 開始 → 08:51
調整検出: ryo4ryo4n66 2024/09/18 9:32 開始 → 09:32
調整検出: theoj246 2024/09/19 0:19 開始 → 00:19
調整検出: theoj246 2024/09/19 0:47 終了 → 00:47
調整検出: theoj246 2024/09/19 8:53 開始 → 08:53
調整検出: deerveryone 2024/09/21 9:15 開始 → 09:15
調整検出: ryo4ryo4n66 2024/09/21 9:38 開始 → 09:38
調整検出: ryo4ryo4n66 2024/09/23 0:23 開始 → 00:23
調整検出: deerveryone 2024/09/23 9:00 終了 → 09:00
調整検出: theoj246 2024/09/24 9:04 開始 → 09:04
調整検出: theoj246 2024/09/24 9:32 終了 → 09:32
調整検出: theoj246 2024/09/25 8:51 開始 → 08:51
調整検出: deerveryone 2024/09/27 9:08 開始 → 09:08
調整検出: theoj246 2024/10/06 0:45 開始 → 00:45
調整検出: theoj246 2024/10/06 1:46 終了 → 01:46
調整検出: theoj246 2024/10/07 0:05 終了 → 00:05
調整検出: theoj246 2024/10/09 0:52 開始 → 00:52
調整検出: theoj246 2024/10/09 1:19 終了 → 01:19
調整検出: theoj246 2024/10/09 9:06 開始 → 09:06
調整検出: theoj246 2024/10/09 9:58 終了 → 09:58
調整検出: theoj246 2024/10/11 9:23 開始 → 09:23
調整検出: theoj246 2024/10/13 0:29 開始 → 00:29
調整検出: theoj246 2024/10/13 1:29 終了 → 01:29
調整検出: theoj246 2024/10/13 9:31 開始 → 09:31
調整検出: osaryo523778 2024/10/17 1:18 終了 → 01:18
調整検出: theoj246 2024/10/17 8:58 開始 → 08:58
調整検出: theoj246 2024/10/17 9:43 終了 → 09:43
調整検出: osaryo523778 2024/10/18 0:00 終了 → 00:00
調整検出: theoj246 2024/10/18 9:11 開始 → 09:11
調整検出: theoj246 2024/10/20 9:53 開始 → 09:53
調整検出: osaryo523778 2024/10/21 1:10 終了 → 01:10
調整検出: osaryo523778 2024/10/21 8:03 開始 → 08:03
調整検出: theoj246 2024/10/23 8:43 開始 → 08:43
調整検出: theoj246 2024/10/23 9:40 終了 → 09:40
調整検出: osaryo523778 2024/10/26 2:53 s → 02:53
調整検出: osaryo523778 2024/10/26 4:53 f → 04:53
調整検出: theoj246 2024/10/27 0:24 s → 00:24
調整検出: theoj246 2024/10/27 1:30 f → 01:30
調整検出: theoj246 2024/10/28 0:17 s → 00:17
調整検出: theoj246 2024/10/28 1:34 f → 01:34
調整検出: ryo4ryo4n66 2024/10/29 0:57 f → 00:57
調整検出: theoj246 2024/11/04 0:02 s → 00:02
調整検出: theoj246 2024/11/04 0:18 f → 00:18
調整検出: theoj246 2024/11/08 0:51 f → 00:51
調整検出: theoj246 2024/11/10 1:26 f → 01:26
調整検出: ryo4ryo4n66 2024/11/12 0:15 f → 00:15
調整検出: osaryo523778 2024/11/16 1:34 s → 01:34
調整検出: ryo4ryo4n66 2024/11/16 2:52 f → 02:52
調整検出: osaryo523778 2024/11/16 4:21 f → 04:21
調整検出: osaryo523778 2024/11/17 0:43 f → 00:43
調整検出: theoj246 2024/11/18 0:13 s → 00:13
調整検出: theoj246 2024/11/18 0:41 f → 00:41
調整検出: theoj246 2024/11/21 0:49 f → 00:49
調整検出: theoj246 2024/11/23 2:08 f → 02:08
調整検出: theoj246 2024/11/24 1:11 f → 01:11
調整検出: osaryo523778 2024/11/26 0:26 f → 00:26
調整検出: theoj246 2024/11/28 0:49 f → 00:49
調整検出: theoj246 2024/11/29 1:33 f → 01:33
調整検出: osaryo523778 2024/12/03 1:49 f → 01:49
調整検出: ryo4ryo4n66 2024/12/06 0:53 s → 00:53
調整検出: ryo4ryo4n66 2024/12/06 2:20 f → 02:20
調整検出: osaryo523778 2024/12/10 1:17 s → 01:17
調整検出: osaryo523778 2024/12/10 3:27 f → 03:27
調整検出: theoj246 2024/12/10 8:32 s → 08:32
調整検出: theoj246 2024/12/11 9:46 s → 09:46
調整検出: theoj246 2024/12/14 9:01 s → 09:01
調整検出: info 2024/12/14 9:17 s → 09:17
調整検出: ryo4ryo4n66 2024/12/15 0:09 f → 00:09
調整検出: theoj246 2024/12/16 0:52 f → 00:52
調整検出: theoj246 2024/12/16 8:42 s → 08:42
調整検出: theoj246 2024/12/17 0:04 f → 00:04
調整検出: theoj246 2024/12/18 8:53 f -30s → 08:53
調整検出: theoj246 2024/12/18 8:53 s → 08:53
調整検出: theoj246 2024/12/19 1:03 f 22:00 → 01:03
調整検出: theoj246 2024/12/19 9:34 s → 09:34
調整検出: theoj246 2024/12/20 9:01 s → 09:01
調整検出: theoj246 2024/12/20 9:51 f → 09:51
調整検出: theoj246 2024/12/22 0:34 f → 00:34
調整検出: theoj246 2024/12/22 9:36 s → 09:36
調整検出: theoj246 2024/12/24 9:46 s → 09:46
調整検出: theoj246 2025/01/04 0:40 f → 00:40
調整検出: theoj246 2025/01/04 9:58 s → 09:58
調整検出: theoj246 2025/01/10 0:35 f → 00:35
調整検出: theoj246 2025/01/13 0:47 f → 00:47
調整検出: osaryo523778 2025/01/14 0:58 f → 00:58
調整検出: theoj246 2025/01/16 9:09 f - 21:00 → 09:09
調整検出: theoj246 2025/01/20 9:16 s → 09:16
調整検出: theoj246 2025/01/20 9:49 f → 09:49
調整検出: theoj246 2025/01/27 9:03 s → 09:03
調整検出: ryo4ryo4n66 2025/01/30 0:02 s → 00:02
調整検出: ryo4ryo4n66 2025/01/30 3:07 f → 03:07
調整検出: theoj246 2025/02/11 1:17 s → 01:17
調整検出: theoj246 2025/02/11 1:40 f → 01:40
調整検出: theoj246 2025/02/12 0:27 f → 00:27
調整検出: theoj246 2025/02/13 9:21 s → 09:21
調整検出: theoj246 2025/02/19 9:07 s → 09:07
調整検出: theoj246 2025/02/24 0:27 f → 00:27
調整検出: ryo4ryo4n66 2025/02/27 0:03 f → 00:03
調整検出: kimoppy126 2025/03/06 7:29 s → 07:29
調整検出: kimoppy126 2025/03/06 9:25 f → 09:25
調整検出: kimoppy126 2025/03/09 8:38 s → 08:38
調整検出: theoj246 2025/03/10 0:07 f → 00:07
調整検出: ryo4ryo4n66 2025/03/10 0:26 f → 00:26
調整検出: theoj246 2025/03/10 9:58 s → 09:58
調整検出: ryo4ryo4n66 2025/03/11 1:03 f -3:35 → 01:03
調整検出: theoj246 2025/03/11 1:09 f → 01:09
調整検出: theoj246 2025/03/11 9:47 s → 09:47
調整検出: theoj246 2025/03/12 0:07 f → 00:07
調整検出: theoj246 2025/03/18 0:25 f 20:20 → 00:25
調整検出: ryo4ryo4n66 2025/03/18 0:32 f 20:20 → 00:32
調整検出: ryo4ryo4n66 2025/03/18 0:32 s → 00:32
調整検出: theoj246 2025/03/18 1:13 s → 01:13
調整検出: theoj246 2025/03/18 1:35 f → 01:35
調整検出: ryo4ryo4n66 2025/03/18 1:50 f → 01:50
調整検出: ryo4ryo4n66 2025/03/22 1:18 s → 01:18
調整検出: ryo4ryo4n66 2025/03/22 2:09 f → 02:09
調整検出: theoj246 2025/03/22 5:06 f → 05:06
調整検出: theoj246 2025/03/24 0:11 f → 00:11
調整検出: theoj246 2025/03/26 0:11 s → 00:11
調整検出: theoj246 2025/03/26 1:07 f → 01:07
調整検出: ryo4ryo4n66 2025/03/26 1:11 s → 01:11
調整検出: ryo4ryo4n66 2025/03/26 1:59 f ＋ 180 → 01:59
調整検出: theoj246 2025/03/28 0:42 f → 00:42
調整検出: ryo4ryo4n66 2025/03/28 0:45 s → 00:45
調整検出: ryo4ryo4n66 2025/03/28 2:41 f → 02:41
調整検出: theoj246 2025/03/31 9:12 s → 09:12
調整検出: ryo4ryo4n66 2025/04/01 0:46 f → 00:46
調整検出: ryo4ryo4n66 2025/04/03 1:16 f → 01:16
調整検出: theoj246 2025/04/04 0:37 f → 00:37
調整検出: theoj246 2025/04/05 0:44 f → 00:44
調整検出: theoj246 2025/04/07 0:30 s → 00:30
調整検出: theoj246 2025/04/07 2:20 f → 02:20
調整検出: ryo4ryo4n66 2025/04/08 0:05 s → 00:05
調整検出: ryo4ryo4n66 2025/04/08 0:35 f → 00:35
調整検出: theoj246 2025/04/09 1:01 f → 01:01
調整検出: theoj246 2025/04/10 0:14 s → 00:14
調整検出: theoj246 2025/04/10 0:39 f → 00:39
調整検出: kimoppy126 2025/04/14 1:31 f → 01:31
調整検出: theoj246 2025/04/16 0:02 f → 00:02
調整検出: kimoppy126 2025/04/20 4:05 f → 04:05
調整検出: theoj246 2025/04/21 1:29 f → 01:29
調整検出: ryo4ryo4n66 2025/04/22 0:31 s → 00:31
調整検出: theoj246 2025/04/22 0:45 f → 00:45
調整検出: ryo4ryo4n66 2025/04/22 1:04 f → 01:04
調整検出: ryo4ryo4n66 2025/04/23 0:49 f → 00:49
調整検出: theoj246 2025/04/23 1:33 f → 01:33
調整検出: theoj246 2025/04/23 9:52 s → 09:52
調整検出: theoj246 2025/04/25 0:19 f → 00:19
調整検出: theoj246 2025/04/30 0:14 s → 00:14
調整検出: theoj246 2025/04/30 2:13 f → 02:13
調整検出: theoj246 2025/05/03 1:37 f → 01:37
調整検出: theoj246 2025/05/08 0:54 f → 00:54
調整検出: theoj246 2025/05/09 0:38 f → 00:38
調整検出: ryo4ryo4n66 2025/05/14 1:57 s → 01:57
調整検出: ryo4ryo4n66 2025/05/14 1:58 f60 → 01:58
調整検出: theoj246 2025/05/16 1:11 f → 01:11
調整検出: theoj246 2025/05/17 2:51 f → 02:51
調整検出: theoj246 2025/05/18 0:18 f → 00:18
調整検出: theoj246 2025/05/19 4:43 s → 04:43
調整検出: theoj246 2025/05/19 8:22 f → 08:22
調整検出: theoj246 2025/05/21 9:22 s → 09:22
調整検出: theoj246 2025/05/22 9:16 s → 09:16
調整検出: ryo4ryo4n66 2025/05/23 0:40 s → 00:40
調整検出: ryo4ryo4n66 2025/05/23 2:15 f → 02:15
調整検出: theoj246 2025/05/23 9:34 s → 09:34
調整検出: ryo4ryo4n66 2025/05/24 0:09 s → 00:09
調整検出: ryo4ryo4n66 2025/05/24 1:17 f → 01:17
調整検出: theoj246 2025/05/24 8:51 s → 08:51
調整検出: theoj246 2025/05/26 8:47 s → 08:47
調整検出: ryo4ryo4n66 2025/05/27 1:36 s → 01:36
調整検出: ryo4ryo4n66 2025/05/27 3:04 f → 03:04
調整検出: kimoppy126 2025/05/28 0:03 f 5/25 19:00 → 00:03
調整検出: theoj246 2025/05/28 0:43 f → 00:43
調整検出: theoj246 2025/05/28 9:56 s → 09:56
調整検出: theoj246 2025/05/29 0:41 s → 00:41
調整検出: theoj246 2025/05/29 2:22 f → 02:22
調整検出: ryo4ryo4n66 2025/05/31 0:58 f → 00:58
調整検出: ryo4ryo4n66 2025/06/02 0:08 s → 00:08
調整検出: ryo4ryo4n66 2025/06/02 2:12 f → 02:12
調整検出: hinako.tsutsumi2525 2025/06/05 1:51 s → 01:51
調整検出: theoj246 2025/06/05 1:57 f → 01:57
調整検出: hinako.tsutsumi2525 2025/06/05 2:28 f → 02:28
調整検出: ujwal.kumar252725 2025/06/05 8:00 f 23:30 → 08:00
調整検出: hinako.tsutsumi2525 2025/06/06 2:15 s → 02:15
調整検出: hinako.tsutsumi2525 2025/06/06 3:24 f → 03:24
調整検出: hinako.tsutsumi2525 2025/06/07 0:22 s → 00:22
調整検出: hinako.tsutsumi2525 2025/06/07 0:57 f → 00:57
調整検出: hinako.tsutsumi2525 2025/06/07 1:45 s → 01:45
調整検出: hinako.tsutsumi2525 2025/06/07 2:08 f → 02:08
調整検出: ujwal.kumar252725 2025/06/09 9:32 f 17:30 → 09:32
調整検出: theoj246 2025/06/10 3:09 f 2:00 → 03:09
調整検出: hinako.tsutsumi2525 2025/06/11 1:05 s → 01:05
調整検出: theoj246 2025/06/11 1:43 f → 01:43
調整検出: hinako.tsutsumi2525 2025/06/11 1:53 f → 01:53
調整検出: ujwal.kumar252725 2025/06/14 8:15 f 11:30 → 08:15
調整検出: hinako.tsutsumi2525 2025/06/16 9:05 s → 09:05
調整検出: ryo4ryo4n66 2025/06/17 1:47 s → 01:47
調整検出: hinako.tsutsumi2525 2025/06/17 2:00 s → 02:00
調整検出: hinako.tsutsumi2525 2025/06/17 2:53 f → 02:53
調整検出: ryo4ryo4n66 2025/06/17 3:51 f → 03:51
調整検出: hinako.tsutsumi2525 2025/06/18 1:32 s → 01:32
調整検出: theoj246 2025/06/18 2:21 f → 02:21
調整検出: hinako.tsutsumi2525 2025/06/18 2:36 f → 02:36
調整検出: hinako.tsutsumi2525 2025/06/19 1:27 s → 01:27
調整検出: hinako.tsutsumi2525 2025/06/19 4:03 f → 04:03
調整検出: hinako.tsutsumi2525 2025/06/20 0:02 s → 00:02
調整検出: hinako.tsutsumi2525 2025/06/20 0:37 f → 00:37
調整検出: hinako.tsutsumi2525 2025/06/21 0:08 s → 00:08
調整検出: theoj246 2025/06/21 0:58 s → 00:58
調整検出: theoj246 2025/06/21 1:56 f → 01:56
調整検出: hinako.tsutsumi2525 2025/06/21 2:19 f → 02:19
調整検出: hinako.tsutsumi2525 2025/06/22 1:56 s → 01:56
調整検出: hinako.tsutsumi2525 2025/06/22 2:39 f → 02:39
調整検出: hinako.tsutsumi2525 2025/06/23 9:43 s → 09:43
調整検出: kouki0802.ao 2025/06/24 0:43 s 00:00 → 00:43
調整検出: kouki0802.ao 2025/06/24 0:44 f 00:30 → 00:44
調整検出: theoj246 2025/06/24 2:31 f → 02:31
調整検出: theoj246 2025/06/25 0:57 f → 00:57
調整検出: ryo4ryo4n66 2025/06/26 0:37 s → 00:37
調整検出: hinako.tsutsumi2525 2025/06/26 1:12 s → 01:12
調整検出: ryo4ryo4n66 2025/06/26 2:23 f → 02:23
調整検出: hinako.tsutsumi2525 2025/06/26 3:48 f → 03:48
調整検出: hinako.tsutsumi2525 2025/06/26 4:44 s → 04:44
調整検出: hinako.tsutsumi2525 2025/06/26 4:51 f → 04:51
調整検出: theoj246 2025/06/29 0:33 f → 00:33
調整検出: hinako.tsutsumi2525 2025/06/29 2:00 s → 02:00
調整検出: hinako.tsutsumi2525 2025/06/29 2:17 f → 02:17
調整検出: kimoppy126 2025/06/30 1:42 f → 01:42
調整検出: theoj246 2025/06/30 2:55 f → 02:55
調整検出: hinako.tsutsumi2525 2025/07/01 2:46 s → 02:46
調整検出: hinako.tsutsumi2525 2025/07/01 4:05 f → 04:05
調整検出: hinako.tsutsumi2525 2025/07/02 9:27 s → 09:27
調整検出: theoj246 2025/07/04 4:17 f → 04:17
調整検出: theoj246 2025/07/04 4:59 s → 04:59
調整検出: theoj246 2025/07/04 6:48 f → 06:48
調整検出: theoj246 2025/07/04 7:20 s → 07:20
調整検出: theoj246 2025/07/04 7:53 f → 07:53
調整検出: hinako.tsutsumi2525 2025/07/07 3:46 s → 03:46
調整検出: hinako.tsutsumi2525 2025/07/07 4:09 f → 04:09
調整検出: hinako.tsutsumi2525 2025/07/08 0:54 s → 00:54
調整検出: hinako.tsutsumi2525 2025/07/08 2:03 f → 02:03
調整検出: ryo4ryo4n66 2025/07/09 0:36 f → 00:36
調整検出: kimoppy126 2025/07/09 0:57 s → 00:57
調整検出: hinako.tsutsumi2525 2025/07/09 9:50 s → 09:50
調整検出: ryo4ryo4n66 2025/07/10 0:14 s → 00:14
調整検出: ryo4ryo4n66 2025/07/10 1:04 f → 01:04
調整検出: kouki0802.ao 2025/07/11 1:30 s 1:00 → 01:30
調整検出: kouki0802.ao 2025/07/11 2:50 f → 02:50
調整検出: theoj246 2025/07/15 0:12 f → 00:12
調整検出: ryo4ryo4n66 2025/07/17 1:12 s → 01:12
調整検出: ryo4ryo4n66 2025/07/17 1:46 f +72 → 01:46
調整検出: hinako.tsutsumi2525 2025/07/19 1:44 s → 01:44
調整検出: hinako.tsutsumi2525 2025/07/19 2:32 f → 02:32
調整検出: kouki0802.ao 2025/07/19 2:40 s +20 → 02:40
調整検出: kouki0802.ao 2025/07/19 3:17 f → 03:17
調整検出: kouki0802.ao 2025/07/21 0:16 s → 00:16
調整検出: kouki0802.ao 2025/07/21 0:52 f → 00:52
調整検出: hinako.tsutsumi2525 2025/07/23 3:56 s → 03:56
調整検出: hinako.tsutsumi2525 2025/07/23 4:28 f → 04:28
調整検出: theoj246 2025/07/25 1:20 f → 01:20
調整検出: hinako.tsutsumi2525 2025/07/25 2:42 s → 02:42
調整検出: ryo4ryo4n66 2025/07/25 2:46 f → 02:46
調整検出: hinako.tsutsumi2525 2025/07/25 4:14 f → 04:14
調整検出: erin.isozu 2025/07/26 0:34 f → 00:34
調整検出: theoj246 2025/07/27 0:17 s → 00:17
調整検出: theoj246 2025/07/27 2:32 f → 02:32
調整検出: hinako.tsutsumi2525 2025/07/28 1:19 s → 01:19
調整検出: hinako.tsutsumi2525 2025/07/28 2:37 f → 02:37
調整検出: yuta.takasu 2025/07/28 9:14 s aoki → 09:14
調整検出: yuta.takasu 2025/07/28 9:26 f aoki → 09:26
調整検出: kouki0802.ao 2025/07/30 0:14 f 18:21 → 00:14
調整検出: ryo4ryo4n66 2025/07/30 0:16 f → 00:16
調整検出: kouki0802.ao 2025/07/30 0:17 s → 00:17
調整検出: kouki0802.ao 2025/07/30 1:57 f → 01:57
調整検出: ryo4ryo4n66 2025/07/31 0:40 s → 00:40
調整検出: ryo4ryo4n66 2025/07/31 3:35 f → 03:35
調整検出: yuta.takasu 2025/07/31 9:19 s aoki → 09:19
調整検出: yuta.takasu 2025/07/31 9:34 f aoki → 09:34
調整検出: hinako.tsutsumi2525 2025/07/31 9:38 s → 09:38
調整検出: kouki0802.ao 2025/08/01 0:13 f → 00:13
調整検出: kimoppy126 2025/08/01 0:16 s → 00:16
調整検出: ryo4ryo4n66 2025/08/04 0:19 s → 00:19
調整検出: ryo4ryo4n66 2025/08/04 1:10 f +90 → 01:10
調整検出: erin.isozu 2025/08/05 1:52 f → 01:52
メッセージから調整検出: f-20 → -20分調整
調整検出: marikou180522 2025/08/06 19:39 f-20 → 19:19
調整検出: ryo4ryo4n66 2025/08/07 0:57 s → 00:57
調整検出: marikou180522 2025/08/07 1:01 f → 01:01
調整検出: erin.isozu 2025/08/07 2:07 s → 02:07
調整検出: ryo4ryo4n66 2025/08/07 3:14 f → 03:14
調整検出: erin.isozu 2025/08/07 4:12 f → 04:12
メッセージから調整検出: s+60 → 60分調整
調整検出: marikou180522 2025/08/07 19:32 s+60 → 18:32
メッセージから調整検出: s+20 → 20分調整
調整検出: marikou180522 2025/08/07 23:58 s+20 → 23:38
調整検出: ryo4ryo4n66 2025/08/08 0:36 s → 00:36
調整検出: marikou180522 2025/08/08 0:47 f → 00:47
調整検出: theoj246 2025/08/08 1:38 f → 01:38
調整検出: ryo4ryo4n66 2025/08/08 4:40 f → 04:40
調整検出: marikou180522 2025/08/08 6:04 s → 06:04
調整検出: marikou180522 2025/08/08 8:00 f → 08:00
メッセージから調整検出: f-45 → -45分調整
調整検出: marikou180522 2025/08/08 19:30 f-45 → 18:45
調整検出: erin.isozu 2025/08/09 0:17 s → 00:17
調整検出: ryo4ryo4n66 2025/08/09 0:48 s → 00:48
調整検出: erin.isozu 2025/08/09 1:50 f → 01:50
調整検出: ryo4ryo4n66 2025/08/09 2:52 f → 02:52
調整検出: erin.isozu 2025/08/09 4:44 s → 04:44
調整検出: erin.isozu 2025/08/09 6:08 f -40 → 06:08
調整検出: theoj246 2025/08/09 9:30 s → 09:30
調整検出: erin.isozu 2025/08/10 0:14 f → 00:14
調整検出: erin.isozu 2025/08/10 0:46 s → 00:46
調整検出: erin.isozu 2025/08/10 2:09 f → 02:09
調整検出: erin.isozu 2025/08/10 4:12 s → 04:12
調整検出: erin.isozu 2025/08/10 6:33 f → 06:33
調整検出: kouki0802.ao 2025/08/11 0:10 f → 00:10
調整検出: erin.isozu 2025/08/11 1:04 f → 01:04
メッセージから調整検出: s+90 → 90分調整
調整検出: marikou180522 2025/08/11 1:55 s+90 → 00:25
警告: Yohei Watanabe - 開始時刻なしの終了 2024/06/21 21:30
警告: Yohei Watanabe - 連続する開始時刻を検出、前のセッションを自動終了
警告: deerveryone - 開始時刻なしの終了 2024/09/05 18:54
警告: deerveryone - 開始時刻なしの終了 2024/09/05 21:10
警告: info - 開始時刻なしの終了 2024/10/31 18:03
警告: info - 連続する開始時刻を検出、前のセッションを自動終了
エラー: info - 24時間超過を検出 2024/12/14 09:17 → 2025/05/20 13:44 = 226347分
警告: info - 開始時刻なしの終了 2025/07/18 21:49
情報: info - 未完了のセッション 2025/07/18 21:51
警告: theoj246 - 連続する開始時刻を検出、前のセッションを自動終了
警告: theoj246 - 開始時刻なしの終了 2025/03/06 16:51
警告: theoj246 - 連続する開始時刻を検出、前のセッションを自動終了
警告: theoj246 - 開始時刻なしの終了 2025/03/10 17:58
警告: theoj246 - 開始時刻なしの終了 2025/03/10 19:05
警告: theoj246 - 連続する開始時刻を検出、前のセッションを自動終了
警告: theoj246 - 開始時刻なしの終了 2025/03/11 01:09
警告: theoj246 - 連続する開始時刻を検出、前のセッションを自動終了
警告: theoj246 - 連続する開始時刻を検出、前のセッションを自動終了
エラー: theoj246 - 24時間超過を検出 2025/07/12 15:51 → 2025/07/14 10:34 = 2563分
警告: theoj246 - 連続する開始時刻を検出、前のセッションを自動終了
警告: theoj246 - 開始時刻なしの終了 2025/08/06 13:33
エラー: ryo4ryo4n66 - 24時間超過を検出 2024/11/02 13:59 → 2024/11/03 15:36 = 1537分
警告: ryo4ryo4n66 - 連続する開始時刻を検出、前のセッションを自動終了
警告: ryo4ryo4n66 - 連続する開始時刻を検出、前のセッションを自動終了
警告: ryo4ryo4n66 - 開始時刻なしの終了 2025/03/11 14:15
警告: ryo4ryo4n66 - 連続する開始時刻を検出、前のセッションを自動終了
警告: ryo4ryo4n66 - 開始時刻なしの終了 2025/03/26 17:50
警告: ryo4ryo4n66 - 連続する開始時刻を検出、前のセッションを自動終了
警告: ryo4ryo4n66 - 連続する開始時刻を検出、前のセッションを自動終了
エラー: ryo4ryo4n66 - 24時間超過を検出 2025/05/10 15:56 → 2025/05/12 13:03 = 2707分
警告: ryo4ryo4n66 - 開始時刻なしの終了 2025/06/13 19:47
警告: ryo4ryo4n66 - 開始時刻なしの終了 2025/07/09 13:35
情報: A - 未完了のセッション 2024/09/25 13:22
警告: osaryo523778 - 連続する開始時刻を検出、前のセッションを自動終了
エラー: kimoppy126 - 24時間超過を検出 2025/05/25 15:05 → 2025/05/28 00:03 = 3418分
警告: kimoppy126 - 連続する開始時刻を検出、前のセッションを自動終了
警告: kimoppy126 - 連続する開始時刻を検出、前のセッションを自動終了
警告: kimoppy126 - 連続する開始時刻を検出、前のセッションを自動終了
警告: kimoppy126 - 連続する開始時刻を検出、前のセッションを自動終了
情報: kimoppy126 - 未完了のセッション 2025/08/01 00:16
警告: yuta.takasu - 連続する開始時刻を検出、前のセッションを自動終了
警告: yuta.takasu - 連続する開始時刻を検出、前のセッションを自動終了
警告: yuta.takasu - 連続する開始時刻を検出、前のセッションを自動終了
警告: hinako.tsutsumi2525 - 開始時刻なしの終了 2025/06/23 14:49
警告: ujwal.kumar252725 - 連続する開始時刻を検出、前のセッションを自動終了
警告: ujwal.kumar252725 - 開始時刻なしの終了 2025/07/10 23:18
警告: ujwal.kumar252725 - 開始時刻なしの終了 2025/07/15 18:31
警告: ujwal.kumar252725 - 開始時刻なしの終了 2025/07/16 11:59
警告: ujwal.kumar252725 - 開始時刻なしの終了 2025/07/18 21:49
警告: ujwal.kumar252725 - 連続する開始時刻を検出、前のセッションを自動終了
警告: ujwal.kumar252725 - 連続する開始時刻を検出、前のセッションを自動終了
情報: ujwal.kumar252725 - 未完了のセッション 2025/07/18 21:51
警告: kouki0802.ao - 開始時刻なしの終了 2025/06/20 17:11
警告: kouki0802.ao - 開始時刻なしの終了 2025/06/28 18:25
警告: kouki0802.ao - 開始時刻なしの終了 2025/07/03 17:13
エラー: kouki0802.ao - 24時間超過を検出 2025/07/04 17:50 → 2025/07/05 17:59 = 1449分
警告: kouki0802.ao - 連続する開始時刻を検出、前のセッションを自動終了
警告: kouki0802.ao - 連続する開始時刻を検出、前のセッションを自動終了
警告: kouki0802.ao - 開始時刻なしの終了 2025/08/05 18:18
警告: marikou180522 - 連続する開始時刻を検出、前のセッションを自動終了
情報: marikou180522 - 未完了のセッション 2025/08/11 00:25
INFO:     127.0.0.1:52252 - "GET /subpage/update?limit=15&months=1 HTTP/1.1" 200 OK
調整検出: Yohei Watanabe 2024/06/16 3:10 終了 → 03:10
調整検出: Yohei Watanabe 2024/06/27 0:07 開始 → 00:07
調整検出: Yohei Watanabe 2024/06/27 2:03 終了 → 02:03
調整検出: deerveryone 2024/07/12 8:50 開始：EB関連Notion管理（修正） → 08:50
調整検出: deerveryone 2024/07/12 9:20 終了 → 09:20
調整検出: lyuki093 2024/07/16 8:57 開始 → 08:57
調整検出: deerveryone 2024/07/16 9:38 開始 → 09:38
調整検出: deerveryone 2024/08/21 7:54 開始 → 07:54
調整検出: deerveryone 2024/08/21 9:02 終了 → 09:02
調整検出: deerveryone 2024/08/28 8:52 開始 → 08:52
調整検出: theoj246 2024/09/06 8:22 開始 → 08:22
調整検出: deerveryone 2024/09/06 9:20 開始（08:20に修正） → 09:20
調整検出: theoj246 2024/09/06 9:31 終了 → 09:31
調整検出: deerveryone 2024/09/09 9:45 開始 → 09:45
調整検出: deerveryone 2024/09/11 8:56 開始 → 08:56
調整検出: theoj246 2024/09/11 9:59 開始 → 09:59
調整検出: deerveryone 2024/09/11 9:40 終了 9:40 → 09:40
調整検出: theoj246 2024/09/18 0:16 終了 → 00:16
調整検出: deerveryone 2024/09/18 8:51 開始 → 08:51
調整検出: ryo4ryo4n66 2024/09/18 9:32 開始 → 09:32
調整検出: theoj246 2024/09/19 0:19 開始 → 00:19
調整検出: theoj246 2024/09/19 0:47 終了 → 00:47
調整検出: theoj246 2024/09/19 8:53 開始 → 08:53
調整検出: deerveryone 2024/09/21 9:15 開始 → 09:15
調整検出: ryo4ryo4n66 2024/09/21 9:38 開始 → 09:38
調整検出: ryo4ryo4n66 2024/09/23 0:23 開始 → 00:23
調整検出: deerveryone 2024/09/23 9:00 終了 → 09:00
調整検出: theoj246 2024/09/24 9:04 開始 → 09:04
調整検出: theoj246 2024/09/24 9:32 終了 → 09:32
調整検出: theoj246 2024/09/25 8:51 開始 → 08:51
調整検出: deerveryone 2024/09/27 9:08 開始 → 09:08
調整検出: theoj246 2024/10/06 0:45 開始 → 00:45
調整検出: theoj246 2024/10/06 1:46 終了 → 01:46
調整検出: theoj246 2024/10/07 0:05 終了 → 00:05
調整検出: theoj246 2024/10/09 0:52 開始 → 00:52
調整検出: theoj246 2024/10/09 1:19 終了 → 01:19
調整検出: theoj246 2024/10/09 9:06 開始 → 09:06
調整検出: theoj246 2024/10/09 9:58 終了 → 09:58
調整検出: theoj246 2024/10/11 9:23 開始 → 09:23
調整検出: theoj246 2024/10/13 0:29 開始 → 00:29
調整検出: theoj246 2024/10/13 1:29 終了 → 01:29
調整検出: theoj246 2024/10/13 9:31 開始 → 09:31
調整検出: osaryo523778 2024/10/17 1:18 終了 → 01:18
調整検出: theoj246 2024/10/17 8:58 開始 → 08:58
調整検出: theoj246 2024/10/17 9:43 終了 → 09:43
調整検出: osaryo523778 2024/10/18 0:00 終了 → 00:00
調整検出: theoj246 2024/10/18 9:11 開始 → 09:11
調整検出: theoj246 2024/10/20 9:53 開始 → 09:53
調整検出: osaryo523778 2024/10/21 1:10 終了 → 01:10
調整検出: osaryo523778 2024/10/21 8:03 開始 → 08:03
調整検出: theoj246 2024/10/23 8:43 開始 → 08:43
調整検出: theoj246 2024/10/23 9:40 終了 → 09:40
調整検出: osaryo523778 2024/10/26 2:53 s → 02:53
調整検出: osaryo523778 2024/10/26 4:53 f → 04:53
調整検出: theoj246 2024/10/27 0:24 s → 00:24
調整検出: theoj246 2024/10/27 1:30 f → 01:30
調整検出: theoj246 2024/10/28 0:17 s → 00:17
調整検出: theoj246 2024/10/28 1:34 f → 01:34
調整検出: ryo4ryo4n66 2024/10/29 0:57 f → 00:57
調整検出: theoj246 2024/11/04 0:02 s → 00:02
調整検出: theoj246 2024/11/04 0:18 f → 00:18
調整検出: theoj246 2024/11/08 0:51 f → 00:51
調整検出: theoj246 2024/11/10 1:26 f → 01:26
調整検出: ryo4ryo4n66 2024/11/12 0:15 f → 00:15
調整検出: osaryo523778 2024/11/16 1:34 s → 01:34
調整検出: ryo4ryo4n66 2024/11/16 2:52 f → 02:52
調整検出: osaryo523778 2024/11/16 4:21 f → 04:21
調整検出: osaryo523778 2024/11/17 0:43 f → 00:43
調整検出: theoj246 2024/11/18 0:13 s → 00:13
調整検出: theoj246 2024/11/18 0:41 f → 00:41
調整検出: theoj246 2024/11/21 0:49 f → 00:49
調整検出: theoj246 2024/11/23 2:08 f → 02:08
調整検出: theoj246 2024/11/24 1:11 f → 01:11
調整検出: osaryo523778 2024/11/26 0:26 f → 00:26
調整検出: theoj246 2024/11/28 0:49 f → 00:49
調整検出: theoj246 2024/11/29 1:33 f → 01:33
調整検出: osaryo523778 2024/12/03 1:49 f → 01:49
調整検出: ryo4ryo4n66 2024/12/06 0:53 s → 00:53
調整検出: ryo4ryo4n66 2024/12/06 2:20 f → 02:20
調整検出: osaryo523778 2024/12/10 1:17 s → 01:17
調整検出: osaryo523778 2024/12/10 3:27 f → 03:27
調整検出: theoj246 2024/12/10 8:32 s → 08:32
調整検出: theoj246 2024/12/11 9:46 s → 09:46
調整検出: theoj246 2024/12/14 9:01 s → 09:01
調整検出: info 2024/12/14 9:17 s → 09:17
調整検出: ryo4ryo4n66 2024/12/15 0:09 f → 00:09
調整検出: theoj246 2024/12/16 0:52 f → 00:52
調整検出: theoj246 2024/12/16 8:42 s → 08:42
調整検出: theoj246 2024/12/17 0:04 f → 00:04
調整検出: theoj246 2024/12/18 8:53 f -30s → 08:53
調整検出: theoj246 2024/12/18 8:53 s → 08:53
調整検出: theoj246 2024/12/19 1:03 f 22:00 → 01:03
調整検出: theoj246 2024/12/19 9:34 s → 09:34
調整検出: theoj246 2024/12/20 9:01 s → 09:01
調整検出: theoj246 2024/12/20 9:51 f → 09:51
調整検出: theoj246 2024/12/22 0:34 f → 00:34
調整検出: theoj246 2024/12/22 9:36 s → 09:36
調整検出: theoj246 2024/12/24 9:46 s → 09:46
調整検出: theoj246 2025/01/04 0:40 f → 00:40
調整検出: theoj246 2025/01/04 9:58 s → 09:58
調整検出: theoj246 2025/01/10 0:35 f → 00:35
調整検出: theoj246 2025/01/13 0:47 f → 00:47
調整検出: osaryo523778 2025/01/14 0:58 f → 00:58
調整検出: theoj246 2025/01/16 9:09 f - 21:00 → 09:09
調整検出: theoj246 2025/01/20 9:16 s → 09:16
調整検出: theoj246 2025/01/20 9:49 f → 09:49
調整検出: theoj246 2025/01/27 9:03 s → 09:03
調整検出: ryo4ryo4n66 2025/01/30 0:02 s → 00:02
調整検出: ryo4ryo4n66 2025/01/30 3:07 f → 03:07
調整検出: theoj246 2025/02/11 1:17 s → 01:17
調整検出: theoj246 2025/02/11 1:40 f → 01:40
調整検出: theoj246 2025/02/12 0:27 f → 00:27
調整検出: theoj246 2025/02/13 9:21 s → 09:21
調整検出: theoj246 2025/02/19 9:07 s → 09:07
調整検出: theoj246 2025/02/24 0:27 f → 00:27
調整検出: ryo4ryo4n66 2025/02/27 0:03 f → 00:03
調整検出: kimoppy126 2025/03/06 7:29 s → 07:29
調整検出: kimoppy126 2025/03/06 9:25 f → 09:25
調整検出: kimoppy126 2025/03/09 8:38 s → 08:38
調整検出: theoj246 2025/03/10 0:07 f → 00:07
調整検出: ryo4ryo4n66 2025/03/10 0:26 f → 00:26
調整検出: theoj246 2025/03/10 9:58 s → 09:58
調整検出: ryo4ryo4n66 2025/03/11 1:03 f -3:35 → 01:03
調整検出: theoj246 2025/03/11 1:09 f → 01:09
調整検出: theoj246 2025/03/11 9:47 s → 09:47
調整検出: theoj246 2025/03/12 0:07 f → 00:07
調整検出: theoj246 2025/03/18 0:25 f 20:20 → 00:25
調整検出: ryo4ryo4n66 2025/03/18 0:32 f 20:20 → 00:32
調整検出: ryo4ryo4n66 2025/03/18 0:32 s → 00:32
調整検出: theoj246 2025/03/18 1:13 s → 01:13
調整検出: theoj246 2025/03/18 1:35 f → 01:35
調整検出: ryo4ryo4n66 2025/03/18 1:50 f → 01:50
調整検出: ryo4ryo4n66 2025/03/22 1:18 s → 01:18
調整検出: ryo4ryo4n66 2025/03/22 2:09 f → 02:09
調整検出: theoj246 2025/03/22 5:06 f → 05:06
調整検出: theoj246 2025/03/24 0:11 f → 00:11
調整検出: theoj246 2025/03/26 0:11 s → 00:11
調整検出: theoj246 2025/03/26 1:07 f → 01:07
調整検出: ryo4ryo4n66 2025/03/26 1:11 s → 01:11
調整検出: ryo4ryo4n66 2025/03/26 1:59 f ＋ 180 → 01:59
調整検出: theoj246 2025/03/28 0:42 f → 00:42
調整検出: ryo4ryo4n66 2025/03/28 0:45 s → 00:45
調整検出: ryo4ryo4n66 2025/03/28 2:41 f → 02:41
調整検出: theoj246 2025/03/31 9:12 s → 09:12
調整検出: ryo4ryo4n66 2025/04/01 0:46 f → 00:46
調整検出: ryo4ryo4n66 2025/04/03 1:16 f → 01:16
調整検出: theoj246 2025/04/04 0:37 f → 00:37
調整検出: theoj246 2025/04/05 0:44 f → 00:44
調整検出: theoj246 2025/04/07 0:30 s → 00:30
調整検出: theoj246 2025/04/07 2:20 f → 02:20
調整検出: ryo4ryo4n66 2025/04/08 0:05 s → 00:05
調整検出: ryo4ryo4n66 2025/04/08 0:35 f → 00:35
調整検出: theoj246 2025/04/09 1:01 f → 01:01
調整検出: theoj246 2025/04/10 0:14 s → 00:14
調整検出: theoj246 2025/04/10 0:39 f → 00:39
調整検出: kimoppy126 2025/04/14 1:31 f → 01:31
調整検出: theoj246 2025/04/16 0:02 f → 00:02
調整検出: kimoppy126 2025/04/20 4:05 f → 04:05
調整検出: theoj246 2025/04/21 1:29 f → 01:29
調整検出: ryo4ryo4n66 2025/04/22 0:31 s → 00:31
調整検出: theoj246 2025/04/22 0:45 f → 00:45
調整検出: ryo4ryo4n66 2025/04/22 1:04 f → 01:04
調整検出: ryo4ryo4n66 2025/04/23 0:49 f → 00:49
調整検出: theoj246 2025/04/23 1:33 f → 01:33
調整検出: theoj246 2025/04/23 9:52 s → 09:52
調整検出: theoj246 2025/04/25 0:19 f → 00:19
調整検出: theoj246 2025/04/30 0:14 s → 00:14
調整検出: theoj246 2025/04/30 2:13 f → 02:13
調整検出: theoj246 2025/05/03 1:37 f → 01:37
調整検出: theoj246 2025/05/08 0:54 f → 00:54
調整検出: theoj246 2025/05/09 0:38 f → 00:38
調整検出: ryo4ryo4n66 2025/05/14 1:57 s → 01:57
調整検出: ryo4ryo4n66 2025/05/14 1:58 f60 → 01:58
調整検出: theoj246 2025/05/16 1:11 f → 01:11
調整検出: theoj246 2025/05/17 2:51 f → 02:51
調整検出: theoj246 2025/05/18 0:18 f → 00:18
調整検出: theoj246 2025/05/19 4:43 s → 04:43
調整検出: theoj246 2025/05/19 8:22 f → 08:22
調整検出: theoj246 2025/05/21 9:22 s → 09:22
調整検出: theoj246 2025/05/22 9:16 s → 09:16
調整検出: ryo4ryo4n66 2025/05/23 0:40 s → 00:40
調整検出: ryo4ryo4n66 2025/05/23 2:15 f → 02:15
調整検出: theoj246 2025/05/23 9:34 s → 09:34
調整検出: ryo4ryo4n66 2025/05/24 0:09 s → 00:09
調整検出: ryo4ryo4n66 2025/05/24 1:17 f → 01:17
調整検出: theoj246 2025/05/24 8:51 s → 08:51
調整検出: theoj246 2025/05/26 8:47 s → 08:47
調整検出: ryo4ryo4n66 2025/05/27 1:36 s → 01:36
調整検出: ryo4ryo4n66 2025/05/27 3:04 f → 03:04
調整検出: kimoppy126 2025/05/28 0:03 f 5/25 19:00 → 00:03
調整検出: theoj246 2025/05/28 0:43 f → 00:43
調整検出: theoj246 2025/05/28 9:56 s → 09:56
調整検出: theoj246 2025/05/29 0:41 s → 00:41
調整検出: theoj246 2025/05/29 2:22 f → 02:22
調整検出: ryo4ryo4n66 2025/05/31 0:58 f → 00:58
調整検出: ryo4ryo4n66 2025/06/02 0:08 s → 00:08
調整検出: ryo4ryo4n66 2025/06/02 2:12 f → 02:12
調整検出: hinako.tsutsumi2525 2025/06/05 1:51 s → 01:51
調整検出: theoj246 2025/06/05 1:57 f → 01:57
調整検出: hinako.tsutsumi2525 2025/06/05 2:28 f → 02:28
調整検出: ujwal.kumar252725 2025/06/05 8:00 f 23:30 → 08:00
調整検出: hinako.tsutsumi2525 2025/06/06 2:15 s → 02:15
調整検出: hinako.tsutsumi2525 2025/06/06 3:24 f → 03:24
調整検出: hinako.tsutsumi2525 2025/06/07 0:22 s → 00:22
調整検出: hinako.tsutsumi2525 2025/06/07 0:57 f → 00:57
調整検出: hinako.tsutsumi2525 2025/06/07 1:45 s → 01:45
調整検出: hinako.tsutsumi2525 2025/06/07 2:08 f → 02:08
調整検出: ujwal.kumar252725 2025/06/09 9:32 f 17:30 → 09:32
調整検出: theoj246 2025/06/10 3:09 f 2:00 → 03:09
調整検出: hinako.tsutsumi2525 2025/06/11 1:05 s → 01:05
調整検出: theoj246 2025/06/11 1:43 f → 01:43
調整検出: hinako.tsutsumi2525 2025/06/11 1:53 f → 01:53
調整検出: ujwal.kumar252725 2025/06/14 8:15 f 11:30 → 08:15
調整検出: hinako.tsutsumi2525 2025/06/16 9:05 s → 09:05
調整検出: ryo4ryo4n66 2025/06/17 1:47 s → 01:47
調整検出: hinako.tsutsumi2525 2025/06/17 2:00 s → 02:00
調整検出: hinako.tsutsumi2525 2025/06/17 2:53 f → 02:53
調整検出: ryo4ryo4n66 2025/06/17 3:51 f → 03:51
調整検出: hinako.tsutsumi2525 2025/06/18 1:32 s → 01:32
調整検出: theoj246 2025/06/18 2:21 f → 02:21
調整検出: hinako.tsutsumi2525 2025/06/18 2:36 f → 02:36
調整検出: hinako.tsutsumi2525 2025/06/19 1:27 s → 01:27
調整検出: hinako.tsutsumi2525 2025/06/19 4:03 f → 04:03
調整検出: hinako.tsutsumi2525 2025/06/20 0:02 s → 00:02
調整検出: hinako.tsutsumi2525 2025/06/20 0:37 f → 00:37
調整検出: hinako.tsutsumi2525 2025/06/21 0:08 s → 00:08
調整検出: theoj246 2025/06/21 0:58 s → 00:58
調整検出: theoj246 2025/06/21 1:56 f → 01:56
調整検出: hinako.tsutsumi2525 2025/06/21 2:19 f → 02:19
調整検出: hinako.tsutsumi2525 2025/06/22 1:56 s → 01:56
調整検出: hinako.tsutsumi2525 2025/06/22 2:39 f → 02:39
調整検出: hinako.tsutsumi2525 2025/06/23 9:43 s → 09:43
調整検出: kouki0802.ao 2025/06/24 0:43 s 00:00 → 00:43
調整検出: kouki0802.ao 2025/06/24 0:44 f 00:30 → 00:44
調整検出: theoj246 2025/06/24 2:31 f → 02:31
調整検出: theoj246 2025/06/25 0:57 f → 00:57
調整検出: ryo4ryo4n66 2025/06/26 0:37 s → 00:37
調整検出: hinako.tsutsumi2525 2025/06/26 1:12 s → 01:12
調整検出: ryo4ryo4n66 2025/06/26 2:23 f → 02:23
調整検出: hinako.tsutsumi2525 2025/06/26 3:48 f → 03:48
調整検出: hinako.tsutsumi2525 2025/06/26 4:44 s → 04:44
調整検出: hinako.tsutsumi2525 2025/06/26 4:51 f → 04:51
調整検出: theoj246 2025/06/29 0:33 f → 00:33
調整検出: hinako.tsutsumi2525 2025/06/29 2:00 s → 02:00
調整検出: hinako.tsutsumi2525 2025/06/29 2:17 f → 02:17
調整検出: kimoppy126 2025/06/30 1:42 f → 01:42
調整検出: theoj246 2025/06/30 2:55 f → 02:55
調整検出: hinako.tsutsumi2525 2025/07/01 2:46 s → 02:46
調整検出: hinako.tsutsumi2525 2025/07/01 4:05 f → 04:05
調整検出: hinako.tsutsumi2525 2025/07/02 9:27 s → 09:27
調整検出: theoj246 2025/07/04 4:17 f → 04:17
調整検出: theoj246 2025/07/04 4:59 s → 04:59
調整検出: theoj246 2025/07/04 6:48 f → 06:48
調整検出: theoj246 2025/07/04 7:20 s → 07:20
調整検出: theoj246 2025/07/04 7:53 f → 07:53
調整検出: hinako.tsutsumi2525 2025/07/07 3:46 s → 03:46
調整検出: hinako.tsutsumi2525 2025/07/07 4:09 f → 04:09
調整検出: hinako.tsutsumi2525 2025/07/08 0:54 s → 00:54
調整検出: hinako.tsutsumi2525 2025/07/08 2:03 f → 02:03
調整検出: ryo4ryo4n66 2025/07/09 0:36 f → 00:36
調整検出: kimoppy126 2025/07/09 0:57 s → 00:57
調整検出: hinako.tsutsumi2525 2025/07/09 9:50 s → 09:50
調整検出: ryo4ryo4n66 2025/07/10 0:14 s → 00:14
調整検出: ryo4ryo4n66 2025/07/10 1:04 f → 01:04
調整検出: kouki0802.ao 2025/07/11 1:30 s 1:00 → 01:30
調整検出: kouki0802.ao 2025/07/11 2:50 f → 02:50
調整検出: theoj246 2025/07/15 0:12 f → 00:12
調整検出: ryo4ryo4n66 2025/07/17 1:12 s → 01:12
調整検出: ryo4ryo4n66 2025/07/17 1:46 f +72 → 01:46
調整検出: hinako.tsutsumi2525 2025/07/19 1:44 s → 01:44
調整検出: hinako.tsutsumi2525 2025/07/19 2:32 f → 02:32
調整検出: kouki0802.ao 2025/07/19 2:40 s +20 → 02:40
調整検出: kouki0802.ao 2025/07/19 3:17 f → 03:17
調整検出: kouki0802.ao 2025/07/21 0:16 s → 00:16
調整検出: kouki0802.ao 2025/07/21 0:52 f → 00:52
調整検出: hinako.tsutsumi2525 2025/07/23 3:56 s → 03:56
調整検出: hinako.tsutsumi2525 2025/07/23 4:28 f → 04:28
調整検出: theoj246 2025/07/25 1:20 f → 01:20
調整検出: hinako.tsutsumi2525 2025/07/25 2:42 s → 02:42
調整検出: ryo4ryo4n66 2025/07/25 2:46 f → 02:46
調整検出: hinako.tsutsumi2525 2025/07/25 4:14 f → 04:14
調整検出: erin.isozu 2025/07/26 0:34 f → 00:34
調整検出: theoj246 2025/07/27 0:17 s → 00:17
調整検出: theoj246 2025/07/27 2:32 f → 02:32
調整検出: hinako.tsutsumi2525 2025/07/28 1:19 s → 01:19
調整検出: hinako.tsutsumi2525 2025/07/28 2:37 f → 02:37
調整検出: yuta.takasu 2025/07/28 9:14 s aoki → 09:14
調整検出: yuta.takasu 2025/07/28 9:26 f aoki → 09:26
調整検出: kouki0802.ao 2025/07/30 0:14 f 18:21 → 00:14
調整検出: ryo4ryo4n66 2025/07/30 0:16 f → 00:16
調整検出: kouki0802.ao 2025/07/30 0:17 s → 00:17
調整検出: kouki0802.ao 2025/07/30 1:57 f → 01:57
調整検出: ryo4ryo4n66 2025/07/31 0:40 s → 00:40
調整検出: ryo4ryo4n66 2025/07/31 3:35 f → 03:35
調整検出: yuta.takasu 2025/07/31 9:19 s aoki → 09:19
調整検出: yuta.takasu 2025/07/31 9:34 f aoki → 09:34
調整検出: hinako.tsutsumi2525 2025/07/31 9:38 s → 09:38
調整検出: kouki0802.ao 2025/08/01 0:13 f → 00:13
調整検出: kimoppy126 2025/08/01 0:16 s → 00:16
調整検出: ryo4ryo4n66 2025/08/04 0:19 s → 00:19
調整検出: ryo4ryo4n66 2025/08/04 1:10 f +90 → 01:10
調整検出: erin.isozu 2025/08/05 1:52 f → 01:52
メッセージから調整検出: f-20 → -20分調整
調整検出: marikou180522 2025/08/06 19:39 f-20 → 19:19
調整検出: ryo4ryo4n66 2025/08/07 0:57 s → 00:57
調整検出: marikou180522 2025/08/07 1:01 f → 01:01
調整検出: erin.isozu 2025/08/07 2:07 s → 02:07
調整検出: ryo4ryo4n66 2025/08/07 3:14 f → 03:14
調整検出: erin.isozu 2025/08/07 4:12 f → 04:12
メッセージから調整検出: s+60 → 60分調整
調整検出: marikou180522 2025/08/07 19:32 s+60 → 18:32
メッセージから調整検出: s+20 → 20分調整
調整検出: marikou180522 2025/08/07 23:58 s+20 → 23:38
調整検出: ryo4ryo4n66 2025/08/08 0:36 s → 00:36
調整検出: marikou180522 2025/08/08 0:47 f → 00:47
調整検出: theoj246 2025/08/08 1:38 f → 01:38
調整検出: ryo4ryo4n66 2025/08/08 4:40 f → 04:40
調整検出: marikou180522 2025/08/08 6:04 s → 06:04
調整検出: marikou180522 2025/08/08 8:00 f → 08:00
メッセージから調整検出: f-45 → -45分調整
調整検出: marikou180522 2025/08/08 19:30 f-45 → 18:45
調整検出: erin.isozu 2025/08/09 0:17 s → 00:17
調整検出: ryo4ryo4n66 2025/08/09 0:48 s → 00:48
調整検出: erin.isozu 2025/08/09 1:50 f → 01:50
調整検出: ryo4ryo4n66 2025/08/09 2:52 f → 02:52
調整検出: erin.isozu 2025/08/09 4:44 s → 04:44
調整検出: erin.isozu 2025/08/09 6:08 f -40 → 06:08
調整検出: theoj246 2025/08/09 9:30 s → 09:30
調整検出: erin.isozu 2025/08/10 0:14 f → 00:14
調整検出: erin.isozu 2025/08/10 0:46 s → 00:46
調整検出: erin.isozu 2025/08/10 2:09 f → 02:09
調整検出: erin.isozu 2025/08/10 4:12 s → 04:12
調整検出: erin.isozu 2025/08/10 6:33 f → 06:33
調整検出: kouki0802.ao 2025/08/11 0:10 f → 00:10
調整検出: erin.isozu 2025/08/11 1:04 f → 01:04
メッセージから調整検出: s+90 → 90分調整
調整検出: marikou180522 2025/08/11 1:55 s+90 → 00:25
警告: Yohei Watanabe - 開始時刻なしの終了 2024/06/21 21:30
警告: Yohei Watanabe - 連続する開始時刻を検出、前のセッションを自動終了
警告: deerveryone - 開始時刻なしの終了 2024/09/05 18:54
警告: deerveryone - 開始時刻なしの終了 2024/09/05 21:10
警告: info - 開始時刻なしの終了 2024/10/31 18:03
警告: info - 連続する開始時刻を検出、前のセッションを自動終了
エラー: info - 24時間超過を検出 2024/12/14 09:17 → 2025/05/20 13:44 = 226347分
警告: info - 開始時刻なしの終了 2025/07/18 21:49
情報: info - 未完了のセッション 2025/07/18 21:51
警告: theoj246 - 連続する開始時刻を検出、前のセッションを自動終了
警告: theoj246 - 開始時刻なしの終了 2025/03/06 16:51
警告: theoj246 - 連続する開始時刻を検出、前のセッションを自動終了
警告: theoj246 - 開始時刻なしの終了 2025/03/10 17:58
警告: theoj246 - 開始時刻なしの終了 2025/03/10 19:05
警告: theoj246 - 連続する開始時刻を検出、前のセッションを自動終了
警告: theoj246 - 開始時刻なしの終了 2025/03/11 01:09
警告: theoj246 - 連続する開始時刻を検出、前のセッションを自動終了
警告: theoj246 - 連続する開始時刻を検出、前のセッションを自動終了
エラー: theoj246 - 24時間超過を検出 2025/07/12 15:51 → 2025/07/14 10:34 = 2563分
警告: theoj246 - 連続する開始時刻を検出、前のセッションを自動終了
警告: theoj246 - 開始時刻なしの終了 2025/08/06 13:33
エラー: ryo4ryo4n66 - 24時間超過を検出 2024/11/02 13:59 → 2024/11/03 15:36 = 1537分
警告: ryo4ryo4n66 - 連続する開始時刻を検出、前のセッションを自動終了
警告: ryo4ryo4n66 - 連続する開始時刻を検出、前のセッションを自動終了
警告: ryo4ryo4n66 - 開始時刻なしの終了 2025/03/11 14:15
警告: ryo4ryo4n66 - 連続する開始時刻を検出、前のセッションを自動終了
警告: ryo4ryo4n66 - 開始時刻なしの終了 2025/03/26 17:50
警告: ryo4ryo4n66 - 連続する開始時刻を検出、前のセッションを自動終了
警告: ryo4ryo4n66 - 連続する開始時刻を検出、前のセッションを自動終了
エラー: ryo4ryo4n66 - 24時間超過を検出 2025/05/10 15:56 → 2025/05/12 13:03 = 2707分
警告: ryo4ryo4n66 - 開始時刻なしの終了 2025/06/13 19:47
警告: ryo4ryo4n66 - 開始時刻なしの終了 2025/07/09 13:35
情報: A - 未完了のセッション 2024/09/25 13:22
警告: osaryo523778 - 連続する開始時刻を検出、前のセッションを自動終了
エラー: kimoppy126 - 24時間超過を検出 2025/05/25 15:05 → 2025/05/28 00:03 = 3418分
警告: kimoppy126 - 連続する開始時刻を検出、前のセッションを自動終了
警告: kimoppy126 - 連続する開始時刻を検出、前のセッションを自動終了
警告: kimoppy126 - 連続する開始時刻を検出、前のセッションを自動終了
警告: kimoppy126 - 連続する開始時刻を検出、前のセッションを自動終了
情報: kimoppy126 - 未完了のセッション 2025/08/01 00:16
警告: yuta.takasu - 連続する開始時刻を検出、前のセッションを自動終了
警告: yuta.takasu - 連続する開始時刻を検出、前のセッションを自動終了
警告: yuta.takasu - 連続する開始時刻を検出、前のセッションを自動終了
警告: hinako.tsutsumi2525 - 開始時刻なしの終了 2025/06/23 14:49
警告: ujwal.kumar252725 - 連続する開始時刻を検出、前のセッションを自動終了
警告: ujwal.kumar252725 - 開始時刻なしの終了 2025/07/10 23:18
警告: ujwal.kumar252725 - 開始時刻なしの終了 2025/07/15 18:31
警告: ujwal.kumar252725 - 開始時刻なしの終了 2025/07/16 11:59
警告: ujwal.kumar252725 - 開始時刻なしの終了 2025/07/18 21:49
警告: ujwal.kumar252725 - 連続する開始時刻を検出、前のセッションを自動終了
警告: ujwal.kumar252725 - 連続する開始時刻を検出、前のセッションを自動終了
情報: ujwal.kumar252725 - 未完了のセッション 2025/07/18 21:51
警告: kouki0802.ao - 開始時刻なしの終了 2025/06/20 17:11
警告: kouki0802.ao - 開始時刻なしの終了 2025/06/28 18:25
警告: kouki0802.ao - 開始時刻なしの終了 2025/07/03 17:13
エラー: kouki0802.ao - 24時間超過を検出 2025/07/04 17:50 → 2025/07/05 17:59 = 1449分
警告: kouki0802.ao - 連続する開始時刻を検出、前のセッションを自動終了
警告: kouki0802.ao - 連続する開始時刻を検出、前のセッションを自動終了
警告: kouki0802.ao - 開始時刻なしの終了 2025/08/05 18:18
警告: marikou180522 - 連続する開始時刻を検出、前のセッションを自動終了
情報: marikou180522 - 未完了のセッション 2025/08/11 00:25
INFO:     127.0.0.1:52274 - "GET /subpage/daily-chart?days=31&top_users=15 HTTP/1.1" 200 OK
調整検出: Yohei Watanabe 2024/06/16 3:10 終了 → 03:10
調整検出: Yohei Watanabe 2024/06/27 0:07 開始 → 00:07
調整検出: Yohei Watanabe 2024/06/27 2:03 終了 → 02:03
調整検出: deerveryone 2024/07/12 8:50 開始：EB関連Notion管理（修正） → 08:50
調整検出: deerveryone 2024/07/12 9:20 終了 → 09:20
調整検出: lyuki093 2024/07/16 8:57 開始 → 08:57
調整検出: deerveryone 2024/07/16 9:38 開始 → 09:38
調整検出: deerveryone 2024/08/21 7:54 開始 → 07:54
調整検出: deerveryone 2024/08/21 9:02 終了 → 09:02
調整検出: deerveryone 2024/08/28 8:52 開始 → 08:52
調整検出: theoj246 2024/09/06 8:22 開始 → 08:22
調整検出: deerveryone 2024/09/06 9:20 開始（08:20に修正） → 09:20
調整検出: theoj246 2024/09/06 9:31 終了 → 09:31
調整検出: deerveryone 2024/09/09 9:45 開始 → 09:45
調整検出: deerveryone 2024/09/11 8:56 開始 → 08:56
調整検出: theoj246 2024/09/11 9:59 開始 → 09:59
調整検出: deerveryone 2024/09/11 9:40 終了 9:40 → 09:40
調整検出: theoj246 2024/09/18 0:16 終了 → 00:16
調整検出: deerveryone 2024/09/18 8:51 開始 → 08:51
調整検出: ryo4ryo4n66 2024/09/18 9:32 開始 → 09:32
調整検出: theoj246 2024/09/19 0:19 開始 → 00:19
調整検出: theoj246 2024/09/19 0:47 終了 → 00:47
調整検出: theoj246 2024/09/19 8:53 開始 → 08:53
調整検出: deerveryone 2024/09/21 9:15 開始 → 09:15
調整検出: ryo4ryo4n66 2024/09/21 9:38 開始 → 09:38
調整検出: ryo4ryo4n66 2024/09/23 0:23 開始 → 00:23
調整検出: deerveryone 2024/09/23 9:00 終了 → 09:00
調整検出: theoj246 2024/09/24 9:04 開始 → 09:04
調整検出: theoj246 2024/09/24 9:32 終了 → 09:32
調整検出: theoj246 2024/09/25 8:51 開始 → 08:51
調整検出: deerveryone 2024/09/27 9:08 開始 → 09:08
調整検出: theoj246 2024/10/06 0:45 開始 → 00:45
調整検出: theoj246 2024/10/06 1:46 終了 → 01:46
調整検出: theoj246 2024/10/07 0:05 終了 → 00:05
調整検出: theoj246 2024/10/09 0:52 開始 → 00:52
調整検出: theoj246 2024/10/09 1:19 終了 → 01:19
調整検出: theoj246 2024/10/09 9:06 開始 → 09:06
調整検出: theoj246 2024/10/09 9:58 終了 → 09:58
調整検出: theoj246 2024/10/11 9:23 開始 → 09:23
調整検出: theoj246 2024/10/13 0:29 開始 → 00:29
調整検出: theoj246 2024/10/13 1:29 終了 → 01:29
調整検出: theoj246 2024/10/13 9:31 開始 → 09:31
調整検出: osaryo523778 2024/10/17 1:18 終了 → 01:18
調整検出: theoj246 2024/10/17 8:58 開始 → 08:58
調整検出: theoj246 2024/10/17 9:43 終了 → 09:43
調整検出: osaryo523778 2024/10/18 0:00 終了 → 00:00
調整検出: theoj246 2024/10/18 9:11 開始 → 09:11
調整検出: theoj246 2024/10/20 9:53 開始 → 09:53
調整検出: osaryo523778 2024/10/21 1:10 終了 → 01:10
調整検出: osaryo523778 2024/10/21 8:03 開始 → 08:03
調整検出: theoj246 2024/10/23 8:43 開始 → 08:43
調整検出: theoj246 2024/10/23 9:40 終了 → 09:40
調整検出: osaryo523778 2024/10/26 2:53 s → 02:53
調整検出: osaryo523778 2024/10/26 4:53 f → 04:53
調整検出: theoj246 2024/10/27 0:24 s → 00:24
調整検出: theoj246 2024/10/27 1:30 f → 01:30
調整検出: theoj246 2024/10/28 0:17 s → 00:17
調整検出: theoj246 2024/10/28 1:34 f → 01:34
調整検出: ryo4ryo4n66 2024/10/29 0:57 f → 00:57
調整検出: theoj246 2024/11/04 0:02 s → 00:02
調整検出: theoj246 2024/11/04 0:18 f → 00:18
調整検出: theoj246 2024/11/08 0:51 f → 00:51
調整検出: theoj246 2024/11/10 1:26 f → 01:26
調整検出: ryo4ryo4n66 2024/11/12 0:15 f → 00:15
調整検出: osaryo523778 2024/11/16 1:34 s → 01:34
調整検出: ryo4ryo4n66 2024/11/16 2:52 f → 02:52
調整検出: osaryo523778 2024/11/16 4:21 f → 04:21
調整検出: osaryo523778 2024/11/17 0:43 f → 00:43
調整検出: theoj246 2024/11/18 0:13 s → 00:13
調整検出: theoj246 2024/11/18 0:41 f → 00:41
調整検出: theoj246 2024/11/21 0:49 f → 00:49
調整検出: theoj246 2024/11/23 2:08 f → 02:08
調整検出: theoj246 2024/11/24 1:11 f → 01:11
調整検出: osaryo523778 2024/11/26 0:26 f → 00:26
調整検出: theoj246 2024/11/28 0:49 f → 00:49
調整検出: theoj246 2024/11/29 1:33 f → 01:33
調整検出: osaryo523778 2024/12/03 1:49 f → 01:49
調整検出: ryo4ryo4n66 2024/12/06 0:53 s → 00:53
調整検出: ryo4ryo4n66 2024/12/06 2:20 f → 02:20
調整検出: osaryo523778 2024/12/10 1:17 s → 01:17
調整検出: osaryo523778 2024/12/10 3:27 f → 03:27
調整検出: theoj246 2024/12/10 8:32 s → 08:32
調整検出: theoj246 2024/12/11 9:46 s → 09:46
調整検出: theoj246 2024/12/14 9:01 s → 09:01
調整検出: info 2024/12/14 9:17 s → 09:17
調整検出: ryo4ryo4n66 2024/12/15 0:09 f → 00:09
調整検出: theoj246 2024/12/16 0:52 f → 00:52
調整検出: theoj246 2024/12/16 8:42 s → 08:42
調整検出: theoj246 2024/12/17 0:04 f → 00:04
調整検出: theoj246 2024/12/18 8:53 f -30s → 08:53
調整検出: theoj246 2024/12/18 8:53 s → 08:53
調整検出: theoj246 2024/12/19 1:03 f 22:00 → 01:03
調整検出: theoj246 2024/12/19 9:34 s → 09:34
調整検出: theoj246 2024/12/20 9:01 s → 09:01
調整検出: theoj246 2024/12/20 9:51 f → 09:51
調整検出: theoj246 2024/12/22 0:34 f → 00:34
調整検出: theoj246 2024/12/22 9:36 s → 09:36
調整検出: theoj246 2024/12/24 9:46 s → 09:46
調整検出: theoj246 2025/01/04 0:40 f → 00:40
調整検出: theoj246 2025/01/04 9:58 s → 09:58
調整検出: theoj246 2025/01/10 0:35 f → 00:35
調整検出: theoj246 2025/01/13 0:47 f → 00:47
調整検出: osaryo523778 2025/01/14 0:58 f → 00:58
調整検出: theoj246 2025/01/16 9:09 f - 21:00 → 09:09
調整検出: theoj246 2025/01/20 9:16 s → 09:16
調整検出: theoj246 2025/01/20 9:49 f → 09:49
調整検出: theoj246 2025/01/27 9:03 s → 09:03
調整検出: ryo4ryo4n66 2025/01/30 0:02 s → 00:02
調整検出: ryo4ryo4n66 2025/01/30 3:07 f → 03:07
調整検出: theoj246 2025/02/11 1:17 s → 01:17
調整検出: theoj246 2025/02/11 1:40 f → 01:40
調整検出: theoj246 2025/02/12 0:27 f → 00:27
調整検出: theoj246 2025/02/13 9:21 s → 09:21
調整検出: theoj246 2025/02/19 9:07 s → 09:07
調整検出: theoj246 2025/02/24 0:27 f → 00:27
調整検出: ryo4ryo4n66 2025/02/27 0:03 f → 00:03
調整検出: kimoppy126 2025/03/06 7:29 s → 07:29
調整検出: kimoppy126 2025/03/06 9:25 f → 09:25
調整検出: kimoppy126 2025/03/09 8:38 s → 08:38
調整検出: theoj246 2025/03/10 0:07 f → 00:07
調整検出: ryo4ryo4n66 2025/03/10 0:26 f → 00:26
調整検出: theoj246 2025/03/10 9:58 s → 09:58
調整検出: ryo4ryo4n66 2025/03/11 1:03 f -3:35 → 01:03
調整検出: theoj246 2025/03/11 1:09 f → 01:09
調整検出: theoj246 2025/03/11 9:47 s → 09:47
調整検出: theoj246 2025/03/12 0:07 f → 00:07
調整検出: theoj246 2025/03/18 0:25 f 20:20 → 00:25
調整検出: ryo4ryo4n66 2025/03/18 0:32 f 20:20 → 00:32
調整検出: ryo4ryo4n66 2025/03/18 0:32 s → 00:32
調整検出: theoj246 2025/03/18 1:13 s → 01:13
調整検出: theoj246 2025/03/18 1:35 f → 01:35
調整検出: ryo4ryo4n66 2025/03/18 1:50 f → 01:50
調整検出: ryo4ryo4n66 2025/03/22 1:18 s → 01:18
調整検出: ryo4ryo4n66 2025/03/22 2:09 f → 02:09
調整検出: theoj246 2025/03/22 5:06 f → 05:06
調整検出: theoj246 2025/03/24 0:11 f → 00:11
調整検出: theoj246 2025/03/26 0:11 s → 00:11
調整検出: theoj246 2025/03/26 1:07 f → 01:07
調整検出: ryo4ryo4n66 2025/03/26 1:11 s → 01:11
調整検出: ryo4ryo4n66 2025/03/26 1:59 f ＋ 180 → 01:59
調整検出: theoj246 2025/03/28 0:42 f → 00:42
調整検出: ryo4ryo4n66 2025/03/28 0:45 s → 00:45
調整検出: ryo4ryo4n66 2025/03/28 2:41 f → 02:41
調整検出: theoj246 2025/03/31 9:12 s → 09:12
調整検出: ryo4ryo4n66 2025/04/01 0:46 f → 00:46
調整検出: ryo4ryo4n66 2025/04/03 1:16 f → 01:16
調整検出: theoj246 2025/04/04 0:37 f → 00:37
調整検出: theoj246 2025/04/05 0:44 f → 00:44
調整検出: theoj246 2025/04/07 0:30 s → 00:30
調整検出: theoj246 2025/04/07 2:20 f → 02:20
調整検出: ryo4ryo4n66 2025/04/08 0:05 s → 00:05
調整検出: ryo4ryo4n66 2025/04/08 0:35 f → 00:35
調整検出: theoj246 2025/04/09 1:01 f → 01:01
調整検出: theoj246 2025/04/10 0:14 s → 00:14
調整検出: theoj246 2025/04/10 0:39 f → 00:39
調整検出: kimoppy126 2025/04/14 1:31 f → 01:31
調整検出: theoj246 2025/04/16 0:02 f → 00:02
調整検出: kimoppy126 2025/04/20 4:05 f → 04:05
調整検出: theoj246 2025/04/21 1:29 f → 01:29
調整検出: ryo4ryo4n66 2025/04/22 0:31 s → 00:31
調整検出: theoj246 2025/04/22 0:45 f → 00:45
調整検出: ryo4ryo4n66 2025/04/22 1:04 f → 01:04
調整検出: ryo4ryo4n66 2025/04/23 0:49 f → 00:49
調整検出: theoj246 2025/04/23 1:33 f → 01:33
調整検出: theoj246 2025/04/23 9:52 s → 09:52
調整検出: theoj246 2025/04/25 0:19 f → 00:19
調整検出: theoj246 2025/04/30 0:14 s → 00:14
調整検出: theoj246 2025/04/30 2:13 f → 02:13
調整検出: theoj246 2025/05/03 1:37 f → 01:37
調整検出: theoj246 2025/05/08 0:54 f → 00:54
調整検出: theoj246 2025/05/09 0:38 f → 00:38
調整検出: ryo4ryo4n66 2025/05/14 1:57 s → 01:57
調整検出: ryo4ryo4n66 2025/05/14 1:58 f60 → 01:58
調整検出: theoj246 2025/05/16 1:11 f → 01:11
調整検出: theoj246 2025/05/17 2:51 f → 02:51
調整検出: theoj246 2025/05/18 0:18 f → 00:18
調整検出: theoj246 2025/05/19 4:43 s → 04:43
調整検出: theoj246 2025/05/19 8:22 f → 08:22
調整検出: theoj246 2025/05/21 9:22 s → 09:22
調整検出: theoj246 2025/05/22 9:16 s → 09:16
調整検出: ryo4ryo4n66 2025/05/23 0:40 s → 00:40
調整検出: ryo4ryo4n66 2025/05/23 2:15 f → 02:15
調整検出: theoj246 2025/05/23 9:34 s → 09:34
調整検出: ryo4ryo4n66 2025/05/24 0:09 s → 00:09
調整検出: ryo4ryo4n66 2025/05/24 1:17 f → 01:17
調整検出: theoj246 2025/05/24 8:51 s → 08:51
調整検出: theoj246 2025/05/26 8:47 s → 08:47
調整検出: ryo4ryo4n66 2025/05/27 1:36 s → 01:36
調整検出: ryo4ryo4n66 2025/05/27 3:04 f → 03:04
調整検出: kimoppy126 2025/05/28 0:03 f 5/25 19:00 → 00:03
調整検出: theoj246 2025/05/28 0:43 f → 00:43
調整検出: theoj246 2025/05/28 9:56 s → 09:56
調整検出: theoj246 2025/05/29 0:41 s → 00:41
調整検出: theoj246 2025/05/29 2:22 f → 02:22
調整検出: ryo4ryo4n66 2025/05/31 0:58 f → 00:58
調整検出: ryo4ryo4n66 2025/06/02 0:08 s → 00:08
調整検出: ryo4ryo4n66 2025/06/02 2:12 f → 02:12
調整検出: hinako.tsutsumi2525 2025/06/05 1:51 s → 01:51
調整検出: theoj246 2025/06/05 1:57 f → 01:57
調整検出: hinako.tsutsumi2525 2025/06/05 2:28 f → 02:28
調整検出: ujwal.kumar252725 2025/06/05 8:00 f 23:30 → 08:00
調整検出: hinako.tsutsumi2525 2025/06/06 2:15 s → 02:15
調整検出: hinako.tsutsumi2525 2025/06/06 3:24 f → 03:24
調整検出: hinako.tsutsumi2525 2025/06/07 0:22 s → 00:22
調整検出: hinako.tsutsumi2525 2025/06/07 0:57 f → 00:57
調整検出: hinako.tsutsumi2525 2025/06/07 1:45 s → 01:45
調整検出: hinako.tsutsumi2525 2025/06/07 2:08 f → 02:08
調整検出: ujwal.kumar252725 2025/06/09 9:32 f 17:30 → 09:32
調整検出: theoj246 2025/06/10 3:09 f 2:00 → 03:09
調整検出: hinako.tsutsumi2525 2025/06/11 1:05 s → 01:05
調整検出: theoj246 2025/06/11 1:43 f → 01:43
調整検出: hinako.tsutsumi2525 2025/06/11 1:53 f → 01:53
調整検出: ujwal.kumar252725 2025/06/14 8:15 f 11:30 → 08:15
調整検出: hinako.tsutsumi2525 2025/06/16 9:05 s → 09:05
調整検出: ryo4ryo4n66 2025/06/17 1:47 s → 01:47
調整検出: hinako.tsutsumi2525 2025/06/17 2:00 s → 02:00
調整検出: hinako.tsutsumi2525 2025/06/17 2:53 f → 02:53
調整検出: ryo4ryo4n66 2025/06/17 3:51 f → 03:51
調整検出: hinako.tsutsumi2525 2025/06/18 1:32 s → 01:32
調整検出: theoj246 2025/06/18 2:21 f → 02:21
調整検出: hinako.tsutsumi2525 2025/06/18 2:36 f → 02:36
調整検出: hinako.tsutsumi2525 2025/06/19 1:27 s → 01:27
調整検出: hinako.tsutsumi2525 2025/06/19 4:03 f → 04:03
調整検出: hinako.tsutsumi2525 2025/06/20 0:02 s → 00:02
調整検出: hinako.tsutsumi2525 2025/06/20 0:37 f → 00:37
調整検出: hinako.tsutsumi2525 2025/06/21 0:08 s → 00:08
調整検出: theoj246 2025/06/21 0:58 s → 00:58
調整検出: theoj246 2025/06/21 1:56 f → 01:56
調整検出: hinako.tsutsumi2525 2025/06/21 2:19 f → 02:19
調整検出: hinako.tsutsumi2525 2025/06/22 1:56 s → 01:56
調整検出: hinako.tsutsumi2525 2025/06/22 2:39 f → 02:39
調整検出: hinako.tsutsumi2525 2025/06/23 9:43 s → 09:43
調整検出: kouki0802.ao 2025/06/24 0:43 s 00:00 → 00:43
調整検出: kouki0802.ao 2025/06/24 0:44 f 00:30 → 00:44
調整検出: theoj246 2025/06/24 2:31 f → 02:31
調整検出: theoj246 2025/06/25 0:57 f → 00:57
調整検出: ryo4ryo4n66 2025/06/26 0:37 s → 00:37
調整検出: hinako.tsutsumi2525 2025/06/26 1:12 s → 01:12
調整検出: ryo4ryo4n66 2025/06/26 2:23 f → 02:23
調整検出: hinako.tsutsumi2525 2025/06/26 3:48 f → 03:48
調整検出: hinako.tsutsumi2525 2025/06/26 4:44 s → 04:44
調整検出: hinako.tsutsumi2525 2025/06/26 4:51 f → 04:51
調整検出: theoj246 2025/06/29 0:33 f → 00:33
調整検出: hinako.tsutsumi2525 2025/06/29 2:00 s → 02:00
調整検出: hinako.tsutsumi2525 2025/06/29 2:17 f → 02:17
調整検出: kimoppy126 2025/06/30 1:42 f → 01:42
調整検出: theoj246 2025/06/30 2:55 f → 02:55
調整検出: hinako.tsutsumi2525 2025/07/01 2:46 s → 02:46
調整検出: hinako.tsutsumi2525 2025/07/01 4:05 f → 04:05
調整検出: hinako.tsutsumi2525 2025/07/02 9:27 s → 09:27
調整検出: theoj246 2025/07/04 4:17 f → 04:17
調整検出: theoj246 2025/07/04 4:59 s → 04:59
調整検出: theoj246 2025/07/04 6:48 f → 06:48
調整検出: theoj246 2025/07/04 7:20 s → 07:20
調整検出: theoj246 2025/07/04 7:53 f → 07:53
調整検出: hinako.tsutsumi2525 2025/07/07 3:46 s → 03:46
調整検出: hinako.tsutsumi2525 2025/07/07 4:09 f → 04:09
調整検出: hinako.tsutsumi2525 2025/07/08 0:54 s → 00:54
調整検出: hinako.tsutsumi2525 2025/07/08 2:03 f → 02:03
調整検出: ryo4ryo4n66 2025/07/09 0:36 f → 00:36
調整検出: kimoppy126 2025/07/09 0:57 s → 00:57
調整検出: hinako.tsutsumi2525 2025/07/09 9:50 s → 09:50
調整検出: ryo4ryo4n66 2025/07/10 0:14 s → 00:14
調整検出: ryo4ryo4n66 2025/07/10 1:04 f → 01:04
調整検出: kouki0802.ao 2025/07/11 1:30 s 1:00 → 01:30
調整検出: kouki0802.ao 2025/07/11 2:50 f → 02:50
調整検出: theoj246 2025/07/15 0:12 f → 00:12
調整検出: ryo4ryo4n66 2025/07/17 1:12 s → 01:12
調整検出: ryo4ryo4n66 2025/07/17 1:46 f +72 → 01:46
調整検出: hinako.tsutsumi2525 2025/07/19 1:44 s → 01:44
調整検出: hinako.tsutsumi2525 2025/07/19 2:32 f → 02:32
調整検出: kouki0802.ao 2025/07/19 2:40 s +20 → 02:40
調整検出: kouki0802.ao 2025/07/19 3:17 f → 03:17
調整検出: kouki0802.ao 2025/07/21 0:16 s → 00:16
調整検出: kouki0802.ao 2025/07/21 0:52 f → 00:52
調整検出: hinako.tsutsumi2525 2025/07/23 3:56 s → 03:56
調整検出: hinako.tsutsumi2525 2025/07/23 4:28 f → 04:28
調整検出: theoj246 2025/07/25 1:20 f → 01:20
調整検出: hinako.tsutsumi2525 2025/07/25 2:42 s → 02:42
調整検出: ryo4ryo4n66 2025/07/25 2:46 f → 02:46
調整検出: hinako.tsutsumi2525 2025/07/25 4:14 f → 04:14
調整検出: erin.isozu 2025/07/26 0:34 f → 00:34
調整検出: theoj246 2025/07/27 0:17 s → 00:17
調整検出: theoj246 2025/07/27 2:32 f → 02:32
調整検出: hinako.tsutsumi2525 2025/07/28 1:19 s → 01:19
調整検出: hinako.tsutsumi2525 2025/07/28 2:37 f → 02:37
調整検出: yuta.takasu 2025/07/28 9:14 s aoki → 09:14
調整検出: yuta.takasu 2025/07/28 9:26 f aoki → 09:26
調整検出: kouki0802.ao 2025/07/30 0:14 f 18:21 → 00:14
調整検出: ryo4ryo4n66 2025/07/30 0:16 f → 00:16
調整検出: kouki0802.ao 2025/07/30 0:17 s → 00:17
調整検出: kouki0802.ao 2025/07/30 1:57 f → 01:57
調整検出: ryo4ryo4n66 2025/07/31 0:40 s → 00:40
調整検出: ryo4ryo4n66 2025/07/31 3:35 f → 03:35
調整検出: yuta.takasu 2025/07/31 9:19 s aoki → 09:19
調整検出: yuta.takasu 2025/07/31 9:34 f aoki → 09:34
調整検出: hinako.tsutsumi2525 2025/07/31 9:38 s → 09:38
調整検出: kouki0802.ao 2025/08/01 0:13 f → 00:13
調整検出: kimoppy126 2025/08/01 0:16 s → 00:16
調整検出: ryo4ryo4n66 2025/08/04 0:19 s → 00:19
調整検出: ryo4ryo4n66 2025/08/04 1:10 f +90 → 01:10
調整検出: erin.isozu 2025/08/05 1:52 f → 01:52
メッセージから調整検出: f-20 → -20分調整
調整検出: marikou180522 2025/08/06 19:39 f-20 → 19:19
調整検出: ryo4ryo4n66 2025/08/07 0:57 s → 00:57
調整検出: marikou180522 2025/08/07 1:01 f → 01:01
調整検出: erin.isozu 2025/08/07 2:07 s → 02:07
調整検出: ryo4ryo4n66 2025/08/07 3:14 f → 03:14
調整検出: erin.isozu 2025/08/07 4:12 f → 04:12
メッセージから調整検出: s+60 → 60分調整
調整検出: marikou180522 2025/08/07 19:32 s+60 → 18:32
メッセージから調整検出: s+20 → 20分調整
調整検出: marikou180522 2025/08/07 23:58 s+20 → 23:38
調整検出: ryo4ryo4n66 2025/08/08 0:36 s → 00:36
調整検出: marikou180522 2025/08/08 0:47 f → 00:47
調整検出: theoj246 2025/08/08 1:38 f → 01:38
調整検出: ryo4ryo4n66 2025/08/08 4:40 f → 04:40
調整検出: marikou180522 2025/08/08 6:04 s → 06:04
調整検出: marikou180522 2025/08/08 8:00 f → 08:00
メッセージから調整検出: f-45 → -45分調整
調整検出: marikou180522 2025/08/08 19:30 f-45 → 18:45
調整検出: erin.isozu 2025/08/09 0:17 s → 00:17
調整検出: ryo4ryo4n66 2025/08/09 0:48 s → 00:48
調整検出: erin.isozu 2025/08/09 1:50 f → 01:50
調整検出: ryo4ryo4n66 2025/08/09 2:52 f → 02:52
調整検出: erin.isozu 2025/08/09 4:44 s → 04:44
調整検出: erin.isozu 2025/08/09 6:08 f -40 → 06:08
調整検出: theoj246 2025/08/09 9:30 s → 09:30
調整検出: erin.isozu 2025/08/10 0:14 f → 00:14
調整検出: erin.isozu 2025/08/10 0:46 s → 00:46
調整検出: erin.isozu 2025/08/10 2:09 f → 02:09
調整検出: erin.isozu 2025/08/10 4:12 s → 04:12
調整検出: erin.isozu 2025/08/10 6:33 f → 06:33
調整検出: kouki0802.ao 2025/08/11 0:10 f → 00:10
調整検出: erin.isozu 2025/08/11 1:04 f → 01:04
メッセージから調整検出: s+90 → 90分調整
調整検出: marikou180522 2025/08/11 1:55 s+90 → 00:25
警告: Yohei Watanabe - 開始時刻なしの終了 2024/06/21 21:30
警告: Yohei Watanabe - 連続する開始時刻を検出、前のセッションを自動終了
警告: deerveryone - 開始時刻なしの終了 2024/09/05 18:54
警告: deerveryone - 開始時刻なしの終了 2024/09/05 21:10
警告: info - 開始時刻なしの終了 2024/10/31 18:03
警告: info - 連続する開始時刻を検出、前のセッションを自動終了
エラー: info - 24時間超過を検出 2024/12/14 09:17 → 2025/05/20 13:44 = 226347分
警告: info - 開始時刻なしの終了 2025/07/18 21:49
情報: info - 未完了のセッション 2025/07/18 21:51
警告: theoj246 - 連続する開始時刻を検出、前のセッションを自動終了
警告: theoj246 - 開始時刻なしの終了 2025/03/06 16:51
警告: theoj246 - 連続する開始時刻を検出、前のセッションを自動終了
警告: theoj246 - 開始時刻なしの終了 2025/03/10 17:58
警告: theoj246 - 開始時刻なしの終了 2025/03/10 19:05
警告: theoj246 - 連続する開始時刻を検出、前のセッションを自動終了
警告: theoj246 - 開始時刻なしの終了 2025/03/11 01:09
警告: theoj246 - 連続する開始時刻を検出、前のセッションを自動終了
警告: theoj246 - 連続する開始時刻を検出、前のセッションを自動終了
エラー: theoj246 - 24時間超過を検出 2025/07/12 15:51 → 2025/07/14 10:34 = 2563分
警告: theoj246 - 連続する開始時刻を検出、前のセッションを自動終了
警告: theoj246 - 開始時刻なしの終了 2025/08/06 13:33
エラー: ryo4ryo4n66 - 24時間超過を検出 2024/11/02 13:59 → 2024/11/03 15:36 = 1537分
警告: ryo4ryo4n66 - 連続する開始時刻を検出、前のセッションを自動終了
警告: ryo4ryo4n66 - 連続する開始時刻を検出、前のセッションを自動終了
警告: ryo4ryo4n66 - 開始時刻なしの終了 2025/03/11 14:15
警告: ryo4ryo4n66 - 連続する開始時刻を検出、前のセッションを自動終了
警告: ryo4ryo4n66 - 開始時刻なしの終了 2025/03/26 17:50
警告: ryo4ryo4n66 - 連続する開始時刻を検出、前のセッションを自動終了
警告: ryo4ryo4n66 - 連続する開始時刻を検出、前のセッションを自動終了
エラー: ryo4ryo4n66 - 24時間超過を検出 2025/05/10 15:56 → 2025/05/12 13:03 = 2707分
警告: ryo4ryo4n66 - 開始時刻なしの終了 2025/06/13 19:47
警告: ryo4ryo4n66 - 開始時刻なしの終了 2025/07/09 13:35
情報: A - 未完了のセッション 2024/09/25 13:22
警告: osaryo523778 - 連続する開始時刻を検出、前のセッションを自動終了
エラー: kimoppy126 - 24時間超過を検出 2025/05/25 15:05 → 2025/05/28 00:03 = 3418分
警告: kimoppy126 - 連続する開始時刻を検出、前のセッションを自動終了
警告: kimoppy126 - 連続する開始時刻を検出、前のセッションを自動終了
警告: kimoppy126 - 連続する開始時刻を検出、前のセッションを自動終了
警告: kimoppy126 - 連続する開始時刻を検出、前のセッションを自動終了
情報: kimoppy126 - 未完了のセッション 2025/08/01 00:16
警告: yuta.takasu - 連続する開始時刻を検出、前のセッションを自動終了
警告: yuta.takasu - 連続する開始時刻を検出、前のセッションを自動終了
警告: yuta.takasu - 連続する開始時刻を検出、前のセッションを自動終了
警告: hinako.tsutsumi2525 - 開始時刻なしの終了 2025/06/23 14:49
警告: ujwal.kumar252725 - 連続する開始時刻を検出、前のセッションを自動終了
警告: ujwal.kumar252725 - 開始時刻なしの終了 2025/07/10 23:18
警告: ujwal.kumar252725 - 開始時刻なしの終了 2025/07/15 18:31
警告: ujwal.kumar252725 - 開始時刻なしの終了 2025/07/16 11:59
警告: ujwal.kumar252725 - 開始時刻なしの終了 2025/07/18 21:49
警告: ujwal.kumar252725 - 連続する開始時刻を検出、前のセッションを自動終了
警告: ujwal.kumar252725 - 連続する開始時刻を検出、前のセッションを自動終了
情報: ujwal.kumar252725 - 未完了のセッション 2025/07/18 21:51
警告: kouki0802.ao - 開始時刻なしの終了 2025/06/20 17:11
警告: kouki0802.ao - 開始時刻なしの終了 2025/06/28 18:25
警告: kouki0802.ao - 開始時刻なしの終了 2025/07/03 17:13
エラー: kouki0802.ao - 24時間超過を検出 2025/07/04 17:50 → 2025/07/05 17:59 = 1449分
警告: kouki0802.ao - 連続する開始時刻を検出、前のセッションを自動終了
警告: kouki0802.ao - 連続する開始時刻を検出、前のセッションを自動終了
警告: kouki0802.ao - 開始時刻なしの終了 2025/08/05 18:18
警告: marikou180522 - 連続する開始時刻を検出、前のセッションを自動終了
情報: marikou180522 - 未完了のセッション 2025/08/11 00:25
INFO:     127.0.0.1:52368 - "GET /subpage/update?limit=15&months=1 HTTP/1.1" 200 OK
調整検出: Yohei Watanabe 2024/06/16 3:10 終了 → 03:10
調整検出: Yohei Watanabe 2024/06/27 0:07 開始 → 00:07
調整検出: Yohei Watanabe 2024/06/27 2:03 終了 → 02:03
調整検出: deerveryone 2024/07/12 8:50 開始：EB関連Notion管理（修正） → 08:50
調整検出: deerveryone 2024/07/12 9:20 終了 → 09:20
調整検出: lyuki093 2024/07/16 8:57 開始 → 08:57
調整検出: deerveryone 2024/07/16 9:38 開始 → 09:38
調整検出: deerveryone 2024/08/21 7:54 開始 → 07:54
調整検出: deerveryone 2024/08/21 9:02 終了 → 09:02
調整検出: deerveryone 2024/08/28 8:52 開始 → 08:52
調整検出: theoj246 2024/09/06 8:22 開始 → 08:22
調整検出: deerveryone 2024/09/06 9:20 開始（08:20に修正） → 09:20
調整検出: theoj246 2024/09/06 9:31 終了 → 09:31
調整検出: deerveryone 2024/09/09 9:45 開始 → 09:45
調整検出: deerveryone 2024/09/11 8:56 開始 → 08:56
調整検出: theoj246 2024/09/11 9:59 開始 → 09:59
調整検出: deerveryone 2024/09/11 9:40 終了 9:40 → 09:40
調整検出: theoj246 2024/09/18 0:16 終了 → 00:16
調整検出: deerveryone 2024/09/18 8:51 開始 → 08:51
調整検出: ryo4ryo4n66 2024/09/18 9:32 開始 → 09:32
調整検出: theoj246 2024/09/19 0:19 開始 → 00:19
調整検出: theoj246 2024/09/19 0:47 終了 → 00:47
調整検出: theoj246 2024/09/19 8:53 開始 → 08:53
調整検出: deerveryone 2024/09/21 9:15 開始 → 09:15
調整検出: ryo4ryo4n66 2024/09/21 9:38 開始 → 09:38
調整検出: ryo4ryo4n66 2024/09/23 0:23 開始 → 00:23
調整検出: deerveryone 2024/09/23 9:00 終了 → 09:00
調整検出: theoj246 2024/09/24 9:04 開始 → 09:04
調整検出: theoj246 2024/09/24 9:32 終了 → 09:32
調整検出: theoj246 2024/09/25 8:51 開始 → 08:51
調整検出: deerveryone 2024/09/27 9:08 開始 → 09:08
調整検出: theoj246 2024/10/06 0:45 開始 → 00:45
調整検出: theoj246 2024/10/06 1:46 終了 → 01:46
調整検出: theoj246 2024/10/07 0:05 終了 → 00:05
調整検出: theoj246 2024/10/09 0:52 開始 → 00:52
調整検出: theoj246 2024/10/09 1:19 終了 → 01:19
調整検出: theoj246 2024/10/09 9:06 開始 → 09:06
調整検出: theoj246 2024/10/09 9:58 終了 → 09:58
調整検出: theoj246 2024/10/11 9:23 開始 → 09:23
調整検出: theoj246 2024/10/13 0:29 開始 → 00:29
調整検出: theoj246 2024/10/13 1:29 終了 → 01:29
調整検出: theoj246 2024/10/13 9:31 開始 → 09:31
調整検出: osaryo523778 2024/10/17 1:18 終了 → 01:18
調整検出: theoj246 2024/10/17 8:58 開始 → 08:58
調整検出: theoj246 2024/10/17 9:43 終了 → 09:43
調整検出: osaryo523778 2024/10/18 0:00 終了 → 00:00
調整検出: theoj246 2024/10/18 9:11 開始 → 09:11
調整検出: theoj246 2024/10/20 9:53 開始 → 09:53
調整検出: osaryo523778 2024/10/21 1:10 終了 → 01:10
調整検出: osaryo523778 2024/10/21 8:03 開始 → 08:03
調整検出: theoj246 2024/10/23 8:43 開始 → 08:43
調整検出: theoj246 2024/10/23 9:40 終了 → 09:40
調整検出: osaryo523778 2024/10/26 2:53 s → 02:53
調整検出: osaryo523778 2024/10/26 4:53 f → 04:53
調整検出: theoj246 2024/10/27 0:24 s → 00:24
調整検出: theoj246 2024/10/27 1:30 f → 01:30
調整検出: theoj246 2024/10/28 0:17 s → 00:17
調整検出: theoj246 2024/10/28 1:34 f → 01:34
調整検出: ryo4ryo4n66 2024/10/29 0:57 f → 00:57
調整検出: theoj246 2024/11/04 0:02 s → 00:02
調整検出: theoj246 2024/11/04 0:18 f → 00:18
調整検出: theoj246 2024/11/08 0:51 f → 00:51
調整検出: theoj246 2024/11/10 1:26 f → 01:26
調整検出: ryo4ryo4n66 2024/11/12 0:15 f → 00:15
調整検出: osaryo523778 2024/11/16 1:34 s → 01:34
調整検出: ryo4ryo4n66 2024/11/16 2:52 f → 02:52
調整検出: osaryo523778 2024/11/16 4:21 f → 04:21
調整検出: osaryo523778 2024/11/17 0:43 f → 00:43
調整検出: theoj246 2024/11/18 0:13 s → 00:13
調整検出: theoj246 2024/11/18 0:41 f → 00:41
調整検出: theoj246 2024/11/21 0:49 f → 00:49
調整検出: theoj246 2024/11/23 2:08 f → 02:08
調整検出: theoj246 2024/11/24 1:11 f → 01:11
調整検出: osaryo523778 2024/11/26 0:26 f → 00:26
調整検出: theoj246 2024/11/28 0:49 f → 00:49
調整検出: theoj246 2024/11/29 1:33 f → 01:33
調整検出: osaryo523778 2024/12/03 1:49 f → 01:49
調整検出: ryo4ryo4n66 2024/12/06 0:53 s → 00:53
調整検出: ryo4ryo4n66 2024/12/06 2:20 f → 02:20
調整検出: osaryo523778 2024/12/10 1:17 s → 01:17
調整検出: osaryo523778 2024/12/10 3:27 f → 03:27
調整検出: theoj246 2024/12/10 8:32 s → 08:32
調整検出: theoj246 2024/12/11 9:46 s → 09:46
調整検出: theoj246 2024/12/14 9:01 s → 09:01
調整検出: info 2024/12/14 9:17 s → 09:17
調整検出: ryo4ryo4n66 2024/12/15 0:09 f → 00:09
調整検出: theoj246 2024/12/16 0:52 f → 00:52
調整検出: theoj246 2024/12/16 8:42 s → 08:42
調整検出: theoj246 2024/12/17 0:04 f → 00:04
調整検出: theoj246 2024/12/18 8:53 f -30s → 08:53
調整検出: theoj246 2024/12/18 8:53 s → 08:53
調整検出: theoj246 2024/12/19 1:03 f 22:00 → 01:03
調整検出: theoj246 2024/12/19 9:34 s → 09:34
調整検出: theoj246 2024/12/20 9:01 s → 09:01
調整検出: theoj246 2024/12/20 9:51 f → 09:51
調整検出: theoj246 2024/12/22 0:34 f → 00:34
調整検出: theoj246 2024/12/22 9:36 s → 09:36
調整検出: theoj246 2024/12/24 9:46 s → 09:46
調整検出: theoj246 2025/01/04 0:40 f → 00:40
調整検出: theoj246 2025/01/04 9:58 s → 09:58
調整検出: theoj246 2025/01/10 0:35 f → 00:35
調整検出: theoj246 2025/01/13 0:47 f → 00:47
調整検出: osaryo523778 2025/01/14 0:58 f → 00:58
調整検出: theoj246 2025/01/16 9:09 f - 21:00 → 09:09
調整検出: theoj246 2025/01/20 9:16 s → 09:16
調整検出: theoj246 2025/01/20 9:49 f → 09:49
調整検出: theoj246 2025/01/27 9:03 s → 09:03
調整検出: ryo4ryo4n66 2025/01/30 0:02 s → 00:02
調整検出: ryo4ryo4n66 2025/01/30 3:07 f → 03:07
調整検出: theoj246 2025/02/11 1:17 s → 01:17
調整検出: theoj246 2025/02/11 1:40 f → 01:40
調整検出: theoj246 2025/02/12 0:27 f → 00:27
調整検出: theoj246 2025/02/13 9:21 s → 09:21
調整検出: theoj246 2025/02/19 9:07 s → 09:07
調整検出: theoj246 2025/02/24 0:27 f → 00:27
調整検出: ryo4ryo4n66 2025/02/27 0:03 f → 00:03
調整検出: kimoppy126 2025/03/06 7:29 s → 07:29
調整検出: kimoppy126 2025/03/06 9:25 f → 09:25
調整検出: kimoppy126 2025/03/09 8:38 s → 08:38
調整検出: theoj246 2025/03/10 0:07 f → 00:07
調整検出: ryo4ryo4n66 2025/03/10 0:26 f → 00:26
調整検出: theoj246 2025/03/10 9:58 s → 09:58
調整検出: ryo4ryo4n66 2025/03/11 1:03 f -3:35 → 01:03
調整検出: theoj246 2025/03/11 1:09 f → 01:09
調整検出: theoj246 2025/03/11 9:47 s → 09:47
調整検出: theoj246 2025/03/12 0:07 f → 00:07
調整検出: theoj246 2025/03/18 0:25 f 20:20 → 00:25
調整検出: ryo4ryo4n66 2025/03/18 0:32 f 20:20 → 00:32
調整検出: ryo4ryo4n66 2025/03/18 0:32 s → 00:32
調整検出: theoj246 2025/03/18 1:13 s → 01:13
調整検出: theoj246 2025/03/18 1:35 f → 01:35
調整検出: ryo4ryo4n66 2025/03/18 1:50 f → 01:50
調整検出: ryo4ryo4n66 2025/03/22 1:18 s → 01:18
調整検出: ryo4ryo4n66 2025/03/22 2:09 f → 02:09
調整検出: theoj246 2025/03/22 5:06 f → 05:06
調整検出: theoj246 2025/03/24 0:11 f → 00:11
調整検出: theoj246 2025/03/26 0:11 s → 00:11
調整検出: theoj246 2025/03/26 1:07 f → 01:07
調整検出: ryo4ryo4n66 2025/03/26 1:11 s → 01:11
調整検出: ryo4ryo4n66 2025/03/26 1:59 f ＋ 180 → 01:59
調整検出: theoj246 2025/03/28 0:42 f → 00:42
調整検出: ryo4ryo4n66 2025/03/28 0:45 s → 00:45
調整検出: ryo4ryo4n66 2025/03/28 2:41 f → 02:41
調整検出: theoj246 2025/03/31 9:12 s → 09:12
調整検出: ryo4ryo4n66 2025/04/01 0:46 f → 00:46
調整検出: ryo4ryo4n66 2025/04/03 1:16 f → 01:16
調整検出: theoj246 2025/04/04 0:37 f → 00:37
調整検出: theoj246 2025/04/05 0:44 f → 00:44
調整検出: theoj246 2025/04/07 0:30 s → 00:30
調整検出: theoj246 2025/04/07 2:20 f → 02:20
調整検出: ryo4ryo4n66 2025/04/08 0:05 s → 00:05
調整検出: ryo4ryo4n66 2025/04/08 0:35 f → 00:35
調整検出: theoj246 2025/04/09 1:01 f → 01:01
調整検出: theoj246 2025/04/10 0:14 s → 00:14
調整検出: theoj246 2025/04/10 0:39 f → 00:39
調整検出: kimoppy126 2025/04/14 1:31 f → 01:31
調整検出: theoj246 2025/04/16 0:02 f → 00:02
調整検出: kimoppy126 2025/04/20 4:05 f → 04:05
調整検出: theoj246 2025/04/21 1:29 f → 01:29
調整検出: ryo4ryo4n66 2025/04/22 0:31 s → 00:31
調整検出: theoj246 2025/04/22 0:45 f → 00:45
調整検出: ryo4ryo4n66 2025/04/22 1:04 f → 01:04
調整検出: ryo4ryo4n66 2025/04/23 0:49 f → 00:49
調整検出: theoj246 2025/04/23 1:33 f → 01:33
調整検出: theoj246 2025/04/23 9:52 s → 09:52
調整検出: theoj246 2025/04/25 0:19 f → 00:19
調整検出: theoj246 2025/04/30 0:14 s → 00:14
調整検出: theoj246 2025/04/30 2:13 f → 02:13
調整検出: theoj246 2025/05/03 1:37 f → 01:37
調整検出: theoj246 2025/05/08 0:54 f → 00:54
調整検出: theoj246 2025/05/09 0:38 f → 00:38
調整検出: ryo4ryo4n66 2025/05/14 1:57 s → 01:57
調整検出: ryo4ryo4n66 2025/05/14 1:58 f60 → 01:58
調整検出: theoj246 2025/05/16 1:11 f → 01:11
調整検出: theoj246 2025/05/17 2:51 f → 02:51
調整検出: theoj246 2025/05/18 0:18 f → 00:18
調整検出: theoj246 2025/05/19 4:43 s → 04:43
調整検出: theoj246 2025/05/19 8:22 f → 08:22
調整検出: theoj246 2025/05/21 9:22 s → 09:22
調整検出: theoj246 2025/05/22 9:16 s → 09:16
調整検出: ryo4ryo4n66 2025/05/23 0:40 s → 00:40
調整検出: ryo4ryo4n66 2025/05/23 2:15 f → 02:15
調整検出: theoj246 2025/05/23 9:34 s → 09:34
調整検出: ryo4ryo4n66 2025/05/24 0:09 s → 00:09
調整検出: ryo4ryo4n66 2025/05/24 1:17 f → 01:17
調整検出: theoj246 2025/05/24 8:51 s → 08:51
調整検出: theoj246 2025/05/26 8:47 s → 08:47
調整検出: ryo4ryo4n66 2025/05/27 1:36 s → 01:36
調整検出: ryo4ryo4n66 2025/05/27 3:04 f → 03:04
調整検出: kimoppy126 2025/05/28 0:03 f 5/25 19:00 → 00:03
調整検出: theoj246 2025/05/28 0:43 f → 00:43
調整検出: theoj246 2025/05/28 9:56 s → 09:56
調整検出: theoj246 2025/05/29 0:41 s → 00:41
調整検出: theoj246 2025/05/29 2:22 f → 02:22
調整検出: ryo4ryo4n66 2025/05/31 0:58 f → 00:58
調整検出: ryo4ryo4n66 2025/06/02 0:08 s → 00:08
調整検出: ryo4ryo4n66 2025/06/02 2:12 f → 02:12
調整検出: hinako.tsutsumi2525 2025/06/05 1:51 s → 01:51
調整検出: theoj246 2025/06/05 1:57 f → 01:57
調整検出: hinako.tsutsumi2525 2025/06/05 2:28 f → 02:28
調整検出: ujwal.kumar252725 2025/06/05 8:00 f 23:30 → 08:00
調整検出: hinako.tsutsumi2525 2025/06/06 2:15 s → 02:15
調整検出: hinako.tsutsumi2525 2025/06/06 3:24 f → 03:24
調整検出: hinako.tsutsumi2525 2025/06/07 0:22 s → 00:22
調整検出: hinako.tsutsumi2525 2025/06/07 0:57 f → 00:57
調整検出: hinako.tsutsumi2525 2025/06/07 1:45 s → 01:45
調整検出: hinako.tsutsumi2525 2025/06/07 2:08 f → 02:08
調整検出: ujwal.kumar252725 2025/06/09 9:32 f 17:30 → 09:32
調整検出: theoj246 2025/06/10 3:09 f 2:00 → 03:09
調整検出: hinako.tsutsumi2525 2025/06/11 1:05 s → 01:05
調整検出: theoj246 2025/06/11 1:43 f → 01:43
調整検出: hinako.tsutsumi2525 2025/06/11 1:53 f → 01:53
調整検出: ujwal.kumar252725 2025/06/14 8:15 f 11:30 → 08:15
調整検出: hinako.tsutsumi2525 2025/06/16 9:05 s → 09:05
調整検出: ryo4ryo4n66 2025/06/17 1:47 s → 01:47
調整検出: hinako.tsutsumi2525 2025/06/17 2:00 s → 02:00
調整検出: hinako.tsutsumi2525 2025/06/17 2:53 f → 02:53
調整検出: ryo4ryo4n66 2025/06/17 3:51 f → 03:51
調整検出: hinako.tsutsumi2525 2025/06/18 1:32 s → 01:32
調整検出: theoj246 2025/06/18 2:21 f → 02:21
調整検出: hinako.tsutsumi2525 2025/06/18 2:36 f → 02:36
調整検出: hinako.tsutsumi2525 2025/06/19 1:27 s → 01:27
調整検出: hinako.tsutsumi2525 2025/06/19 4:03 f → 04:03
調整検出: hinako.tsutsumi2525 2025/06/20 0:02 s → 00:02
調整検出: hinako.tsutsumi2525 2025/06/20 0:37 f → 00:37
調整検出: hinako.tsutsumi2525 2025/06/21 0:08 s → 00:08
調整検出: theoj246 2025/06/21 0:58 s → 00:58
調整検出: theoj246 2025/06/21 1:56 f → 01:56
調整検出: hinako.tsutsumi2525 2025/06/21 2:19 f → 02:19
調整検出: hinako.tsutsumi2525 2025/06/22 1:56 s → 01:56
調整検出: hinako.tsutsumi2525 2025/06/22 2:39 f → 02:39
調整検出: hinako.tsutsumi2525 2025/06/23 9:43 s → 09:43
調整検出: kouki0802.ao 2025/06/24 0:43 s 00:00 → 00:43
調整検出: kouki0802.ao 2025/06/24 0:44 f 00:30 → 00:44
調整検出: theoj246 2025/06/24 2:31 f → 02:31
調整検出: theoj246 2025/06/25 0:57 f → 00:57
調整検出: ryo4ryo4n66 2025/06/26 0:37 s → 00:37
調整検出: hinako.tsutsumi2525 2025/06/26 1:12 s → 01:12
調整検出: ryo4ryo4n66 2025/06/26 2:23 f → 02:23
調整検出: hinako.tsutsumi2525 2025/06/26 3:48 f → 03:48
調整検出: hinako.tsutsumi2525 2025/06/26 4:44 s → 04:44
調整検出: hinako.tsutsumi2525 2025/06/26 4:51 f → 04:51
調整検出: theoj246 2025/06/29 0:33 f → 00:33
調整検出: hinako.tsutsumi2525 2025/06/29 2:00 s → 02:00
調整検出: hinako.tsutsumi2525 2025/06/29 2:17 f → 02:17
調整検出: kimoppy126 2025/06/30 1:42 f → 01:42
調整検出: theoj246 2025/06/30 2:55 f → 02:55
調整検出: hinako.tsutsumi2525 2025/07/01 2:46 s → 02:46
調整検出: hinako.tsutsumi2525 2025/07/01 4:05 f → 04:05
調整検出: hinako.tsutsumi2525 2025/07/02 9:27 s → 09:27
調整検出: theoj246 2025/07/04 4:17 f → 04:17
調整検出: theoj246 2025/07/04 4:59 s → 04:59
調整検出: theoj246 2025/07/04 6:48 f → 06:48
調整検出: theoj246 2025/07/04 7:20 s → 07:20
調整検出: theoj246 2025/07/04 7:53 f → 07:53
調整検出: hinako.tsutsumi2525 2025/07/07 3:46 s → 03:46
調整検出: hinako.tsutsumi2525 2025/07/07 4:09 f → 04:09
調整検出: hinako.tsutsumi2525 2025/07/08 0:54 s → 00:54
調整検出: hinako.tsutsumi2525 2025/07/08 2:03 f → 02:03
調整検出: ryo4ryo4n66 2025/07/09 0:36 f → 00:36
調整検出: kimoppy126 2025/07/09 0:57 s → 00:57
調整検出: hinako.tsutsumi2525 2025/07/09 9:50 s → 09:50
調整検出: ryo4ryo4n66 2025/07/10 0:14 s → 00:14
調整検出: ryo4ryo4n66 2025/07/10 1:04 f → 01:04
調整検出: kouki0802.ao 2025/07/11 1:30 s 1:00 → 01:30
調整検出: kouki0802.ao 2025/07/11 2:50 f → 02:50
調整検出: theoj246 2025/07/15 0:12 f → 00:12
調整検出: ryo4ryo4n66 2025/07/17 1:12 s → 01:12
調整検出: ryo4ryo4n66 2025/07/17 1:46 f +72 → 01:46
調整検出: hinako.tsutsumi2525 2025/07/19 1:44 s → 01:44
調整検出: hinako.tsutsumi2525 2025/07/19 2:32 f → 02:32
調整検出: kouki0802.ao 2025/07/19 2:40 s +20 → 02:40
調整検出: kouki0802.ao 2025/07/19 3:17 f → 03:17
調整検出: kouki0802.ao 2025/07/21 0:16 s → 00:16
調整検出: kouki0802.ao 2025/07/21 0:52 f → 00:52
調整検出: hinako.tsutsumi2525 2025/07/23 3:56 s → 03:56
調整検出: hinako.tsutsumi2525 2025/07/23 4:28 f → 04:28
調整検出: theoj246 2025/07/25 1:20 f → 01:20
調整検出: hinako.tsutsumi2525 2025/07/25 2:42 s → 02:42
調整検出: ryo4ryo4n66 2025/07/25 2:46 f → 02:46
調整検出: hinako.tsutsumi2525 2025/07/25 4:14 f → 04:14
調整検出: erin.isozu 2025/07/26 0:34 f → 00:34
調整検出: theoj246 2025/07/27 0:17 s → 00:17
調整検出: theoj246 2025/07/27 2:32 f → 02:32
調整検出: hinako.tsutsumi2525 2025/07/28 1:19 s → 01:19
調整検出: hinako.tsutsumi2525 2025/07/28 2:37 f → 02:37
調整検出: yuta.takasu 2025/07/28 9:14 s aoki → 09:14
調整検出: yuta.takasu 2025/07/28 9:26 f aoki → 09:26
調整検出: kouki0802.ao 2025/07/30 0:14 f 18:21 → 00:14
調整検出: ryo4ryo4n66 2025/07/30 0:16 f → 00:16
調整検出: kouki0802.ao 2025/07/30 0:17 s → 00:17
調整検出: kouki0802.ao 2025/07/30 1:57 f → 01:57
調整検出: ryo4ryo4n66 2025/07/31 0:40 s → 00:40
調整検出: ryo4ryo4n66 2025/07/31 3:35 f → 03:35
調整検出: yuta.takasu 2025/07/31 9:19 s aoki → 09:19
調整検出: yuta.takasu 2025/07/31 9:34 f aoki → 09:34
調整検出: hinako.tsutsumi2525 2025/07/31 9:38 s → 09:38
調整検出: kouki0802.ao 2025/08/01 0:13 f → 00:13
調整検出: kimoppy126 2025/08/01 0:16 s → 00:16
調整検出: ryo4ryo4n66 2025/08/04 0:19 s → 00:19
調整検出: ryo4ryo4n66 2025/08/04 1:10 f +90 → 01:10
調整検出: erin.isozu 2025/08/05 1:52 f → 01:52
メッセージから調整検出: f-20 → -20分調整
調整検出: marikou180522 2025/08/06 19:39 f-20 → 19:19
調整検出: ryo4ryo4n66 2025/08/07 0:57 s → 00:57
調整検出: marikou180522 2025/08/07 1:01 f → 01:01
調整検出: erin.isozu 2025/08/07 2:07 s → 02:07
調整検出: ryo4ryo4n66 2025/08/07 3:14 f → 03:14
調整検出: erin.isozu 2025/08/07 4:12 f → 04:12
メッセージから調整検出: s+60 → 60分調整
調整検出: marikou180522 2025/08/07 19:32 s+60 → 18:32
メッセージから調整検出: s+20 → 20分調整
調整検出: marikou180522 2025/08/07 23:58 s+20 → 23:38
調整検出: ryo4ryo4n66 2025/08/08 0:36 s → 00:36
調整検出: marikou180522 2025/08/08 0:47 f → 00:47
調整検出: theoj246 2025/08/08 1:38 f → 01:38
調整検出: ryo4ryo4n66 2025/08/08 4:40 f → 04:40
調整検出: marikou180522 2025/08/08 6:04 s → 06:04
調整検出: marikou180522 2025/08/08 8:00 f → 08:00
メッセージから調整検出: f-45 → -45分調整
調整検出: marikou180522 2025/08/08 19:30 f-45 → 18:45
調整検出: erin.isozu 2025/08/09 0:17 s → 00:17
調整検出: ryo4ryo4n66 2025/08/09 0:48 s → 00:48
調整検出: erin.isozu 2025/08/09 1:50 f → 01:50
調整検出: ryo4ryo4n66 2025/08/09 2:52 f → 02:52
調整検出: erin.isozu 2025/08/09 4:44 s → 04:44
調整検出: erin.isozu 2025/08/09 6:08 f -40 → 06:08
調整検出: theoj246 2025/08/09 9:30 s → 09:30
調整検出: erin.isozu 2025/08/10 0:14 f → 00:14
調整検出: erin.isozu 2025/08/10 0:46 s → 00:46
調整検出: erin.isozu 2025/08/10 2:09 f → 02:09
調整検出: erin.isozu 2025/08/10 4:12 s → 04:12
調整検出: erin.isozu 2025/08/10 6:33 f → 06:33
調整検出: kouki0802.ao 2025/08/11 0:10 f → 00:10
調整検出: erin.isozu 2025/08/11 1:04 f → 01:04
メッセージから調整検出: s+90 → 90分調整
調整検出: marikou180522 2025/08/11 1:55 s+90 → 00:25
警告: Yohei Watanabe - 開始時刻なしの終了 2024/06/21 21:30
警告: Yohei Watanabe - 連続する開始時刻を検出、前のセッションを自動終了
警告: deerveryone - 開始時刻なしの終了 2024/09/05 18:54
警告: deerveryone - 開始時刻なしの終了 2024/09/05 21:10
警告: info - 開始時刻なしの終了 2024/10/31 18:03
警告: info - 連続する開始時刻を検出、前のセッションを自動終了
エラー: info - 24時間超過を検出 2024/12/14 09:17 → 2025/05/20 13:44 = 226347分
警告: info - 開始時刻なしの終了 2025/07/18 21:49
情報: info - 未完了のセッション 2025/07/18 21:51
警告: theoj246 - 連続する開始時刻を検出、前のセッションを自動終了
警告: theoj246 - 開始時刻なしの終了 2025/03/06 16:51
警告: theoj246 - 連続する開始時刻を検出、前のセッションを自動終了
警告: theoj246 - 開始時刻なしの終了 2025/03/10 17:58
警告: theoj246 - 開始時刻なしの終了 2025/03/10 19:05
警告: theoj246 - 連続する開始時刻を検出、前のセッションを自動終了
警告: theoj246 - 開始時刻なしの終了 2025/03/11 01:09
警告: theoj246 - 連続する開始時刻を検出、前のセッションを自動終了
警告: theoj246 - 連続する開始時刻を検出、前のセッションを自動終了
エラー: theoj246 - 24時間超過を検出 2025/07/12 15:51 → 2025/07/14 10:34 = 2563分
警告: theoj246 - 連続する開始時刻を検出、前のセッションを自動終了
警告: theoj246 - 開始時刻なしの終了 2025/08/06 13:33
エラー: ryo4ryo4n66 - 24時間超過を検出 2024/11/02 13:59 → 2024/11/03 15:36 = 1537分
警告: ryo4ryo4n66 - 連続する開始時刻を検出、前のセッションを自動終了
警告: ryo4ryo4n66 - 連続する開始時刻を検出、前のセッションを自動終了
警告: ryo4ryo4n66 - 開始時刻なしの終了 2025/03/11 14:15
警告: ryo4ryo4n66 - 連続する開始時刻を検出、前のセッションを自動終了
警告: ryo4ryo4n66 - 開始時刻なしの終了 2025/03/26 17:50
警告: ryo4ryo4n66 - 連続する開始時刻を検出、前のセッションを自動終了
警告: ryo4ryo4n66 - 連続する開始時刻を検出、前のセッションを自動終了
エラー: ryo4ryo4n66 - 24時間超過を検出 2025/05/10 15:56 → 2025/05/12 13:03 = 2707分
警告: ryo4ryo4n66 - 開始時刻なしの終了 2025/06/13 19:47
警告: ryo4ryo4n66 - 開始時刻なしの終了 2025/07/09 13:35
情報: A - 未完了のセッション 2024/09/25 13:22
警告: osaryo523778 - 連続する開始時刻を検出、前のセッションを自動終了
エラー: kimoppy126 - 24時間超過を検出 2025/05/25 15:05 → 2025/05/28 00:03 = 3418分
警告: kimoppy126 - 連続する開始時刻を検出、前のセッションを自動終了
警告: kimoppy126 - 連続する開始時刻を検出、前のセッションを自動終了
警告: kimoppy126 - 連続する開始時刻を検出、前のセッションを自動終了
警告: kimoppy126 - 連続する開始時刻を検出、前のセッションを自動終了
情報: kimoppy126 - 未完了のセッション 2025/08/01 00:16
警告: yuta.takasu - 連続する開始時刻を検出、前のセッションを自動終了
警告: yuta.takasu - 連続する開始時刻を検出、前のセッションを自動終了
警告: yuta.takasu - 連続する開始時刻を検出、前のセッションを自動終了
警告: hinako.tsutsumi2525 - 開始時刻なしの終了 2025/06/23 14:49
警告: ujwal.kumar252725 - 連続する開始時刻を検出、前のセッションを自動終了
警告: ujwal.kumar252725 - 開始時刻なしの終了 2025/07/10 23:18
警告: ujwal.kumar252725 - 開始時刻なしの終了 2025/07/15 18:31
警告: ujwal.kumar252725 - 開始時刻なしの終了 2025/07/16 11:59
警告: ujwal.kumar252725 - 開始時刻なしの終了 2025/07/18 21:49
警告: ujwal.kumar252725 - 連続する開始時刻を検出、前のセッションを自動終了
警告: ujwal.kumar252725 - 連続する開始時刻を検出、前のセッションを自動終了
情報: ujwal.kumar252725 - 未完了のセッション 2025/07/18 21:51
警告: kouki0802.ao - 開始時刻なしの終了 2025/06/20 17:11
警告: kouki0802.ao - 開始時刻なしの終了 2025/06/28 18:25
警告: kouki0802.ao - 開始時刻なしの終了 2025/07/03 17:13
エラー: kouki0802.ao - 24時間超過を検出 2025/07/04 17:50 → 2025/07/05 17:59 = 1449分
警告: kouki0802.ao - 連続する開始時刻を検出、前のセッションを自動終了
警告: kouki0802.ao - 連続する開始時刻を検出、前のセッションを自動終了
警告: kouki0802.ao - 開始時刻なしの終了 2025/08/05 18:18
警告: marikou180522 - 連続する開始時刻を検出、前のセッションを自動終了
情報: marikou180522 - 未完了のセッション 2025/08/11 00:25
INFO:     127.0.0.1:52422 - "GET /subpage/daily-chart?days=31&top_users=15 HTTP/1.1" 200 OK
INFO:     Shutting down
INFO:     Waiting for background tasks to complete. (CTRL+C to force quit)
