日付,時間,ユーザー,ステータス,メッセージ,合計稼働時間,月次稼働時間,,,,,,,,,
,,,,,,,,,,,,,,,
2024/06/14,17:00,Yohei Watanabe,開始,開始,,24.78,,,,,,,,,
2024/06/14,18:30,Yohei Watanabe,終了,終了,1:30:00,,,,,,,,,,
2024/06/15,21:20,Yohei Watanabe,開始,開始,,,,,,,,,,,
2024/06/16,3:10,Yohei Watanabe,終了,終了,5:50:00,,,,,,,,,,
2024/06/17,15:50,Yohei Watanabe,開始,開始,,,,,,,,,,,
2024/06/17,17:58,Yohei Watanabe,終了,終了,2:08:00,,,,,,,,,,
2024/06/18,13:20,Yohei Watanabe,開始,開始,,,,,,,,,,,
2024/06/18,13:53,Yohei Watanabe,終了,終了,0:33:00,,,,,,,,,,
2024/06/18,16:45,Yohei Watanabe,開始,開始,,,,,,,,,,,
2024/06/18,18:21,Yohei Watanabe,終了,終了,1:36:00,,,,,,,,,,
2024/06/21,15:58,Yohei Watanabe,開始,開始,,,,,,,,,,,
2024/06/21,19:57,Yohei Watanabe,終了,終了,3:59:00,,,,,,,,,,
2024/06/22,17:34,Yohei Watanabe,開始,開始,,,,,,,,,,,
2024/06/21,21:30,Yohei Watanabe,終了,終了,3:56:00,,,,,,,,,,
2024/06/25,15:04,Yohei Watanabe,開始,開始,,,,,,,,,,,
2024/06/25,15:45,Yohei Watanabe,終了,終了,0:41:00,,,,,,,,,,
2024/06/25,17:05,Yohei Watanabe,開始,開始,,,,,,,,,,,
2024/06/25,18:00,Yohei Watanabe,終了,終了,0:55:00,,,,,,,,,,
2024/06/26,15:01,Yohei Watanabe,開始,開始,,,,,,,,,,,
2024/06/26,15:32,Yohei Watanabe,終了,終了,0:31:00,,,,,,,,,,
2024/06/27,0:07,Yohei Watanabe,開始,開始,,,,,,,,,,,
2024/06/27,2:03,Yohei Watanabe,終了,終了,1:56:00,,,,,,,,,,
2024/06/27,15:51,Yohei Watanabe,開始,開始,,,,,,,,,,,
2024/06/27,16:30,Yohei Watanabe,終了,終了,0:39:00,,,,,,,,,,
2024/06/29,15:59,Yohei Watanabe,開始,開始,,,,,,,,,,,
2024/06/29,16:32,Yohei Watanabe,終了,終了,0:33:00,,,,,,,,,,
2024/07/01,21:02,Yohei Watanabe,開始,開始,,23.63,,,,,,,,,
2024/07/01,23:02,Yohei Watanabe,終了,終了（修正しておきます）,2:00:00,,,,,,,,,,
2024/07/03,11:05,Yohei Watanabe,開始,開始,,,,,,,,,,,
2024/07/03,14:12,Yohei Watanabe,終了,終了,3:07:00,,,,,,,,,,
2024/07/03,16:03,Yohei Watanabe,開始,開始,,,,,,,,,,,
2024/07/03,18:17,Yohei Watanabe,終了,終了,2:14:00,,,,,,,,,,
2024/07/04,14:33,Yohei Watanabe,開始,開始,,,,,,,,,,,
2024/07/04,16:12,Yohei Watanabe,終了,終了,1:39:00,,,,,,,,,,
2024/07/04,19:01,Yohei Watanabe,開始,開始,,,,,,,,,,,
2024/07/04,20:30,Yohei Watanabe,終了,終了（修正します）,1:29:00,,,,,,,,,,
2024/07/06,15:38,Yohei Watanabe,開始,開始：UNIDGE、MiAのタスク分解していきます,,,,,,,,,,,
2024/07/06,18:33,Yohei Watanabe,終了,終了：プロジェクト管理ページを作成しました。次はより具体的なタスクの指示と、UIデザイン作成に取りかかります。,2:55:00,,,,,,,,,,
2024/07/08,10:32,Yohei Watanabe,開始,開始：各PJのタスクを具体化、UIデザイン作成,,,,,,,,,,,
2024/07/08,12:16,Yohei Watanabe,終了,終了,1:44:00,,,,,,,,,,
2024/07/08,13:00,Yohei Watanabe,開始,開始（13:00に修正します）,,,,,,,,,,,
2024/07/08,15:31,Yohei Watanabe,終了,終了,2:31:00,,,,,,,,,,
2024/07/10,11:34,Yohei Watanabe,開始,開始：LinkedInについて調査、古鉄さんへの指示、コンサルフロー改善,,,,,,,,,,,
2024/07/10,15:03,Yohei Watanabe,終了,終了,3:29:00,,,,,,,,,,
2024/07/11,10:00,Yohei Watanabe,開始,開始：名刺デザイン修正/チェック,,,,,,,,,,,
2024/07/11,12:30,Yohei Watanabe,終了,終了,2:30:00,,,,,,,,,,
2024/07/11,16:28,deerveryone,開始,開始：月例会参加,,,,,,,,,,,
2024/07/11,18:30,deerveryone,終了,終了,2:02:00,,,,,,,,,,
2024/07/12,8:50,deerveryone,開始,開始：EB関連Notion管理（修正）,,,,,,,,,,,
2024/07/12,9:20,deerveryone,終了,終了,0:30:00,,,,,,,,,,
2024/07/16,8:57,lyuki093,開始,開始,,,,,,,,,,,
2024/07/16,9:38,deerveryone,開始,開始,,,,,,,,,,,
2024/07/16,10:51,deerveryone,終了,終了,,,,,,,,,,,
2024/07/16,12:31,lyuki093,離席,離席,,,,,,,,,,,
2024/07/16,13:04,lyuki093,再開,再開,,,,,,,,,,,
2024/07/16,18:09,lyuki093,離席,離席,,,,,,,,,,,
2024/07/16,18:19,lyuki093,再開,再開,,,,,,,,,,,
2024/07/16,18:46,lyuki093,離席,離席,,,,,,,,,,,
2024/07/16,19:21,lyuki093,再開,再開,,,,,,,,,,,
2024/07/16,19:59,lyuki093,終了,終了,,,,,,,,,,,
2024/07/17,10:18,lyuki093,開始,開始,,,,,,,,,,,
2024/07/17,14:59,lyuki093,離席,離席,,,,,,,,,,,
2024/07/17,16:12,lyuki093,再開,再開,,,,,,,,,,,
2024/07/17,17:10,lyuki093,離席,離席,,,,,,,,,,,
2024/07/17,17:43,lyuki093,再開,再開,,,,,,,,,,,
2024/07/17,21:03,lyuki093,終了,終了,,,,,,,,,,,
2024/07/18,10:06,lyuki093,開始,開始,,,,,,,,,,,
2024/07/18,17:24,lyuki093,離席,離席,,,,,,,,,,,
2024/07/18,17:47,lyuki093,再開,再開,,,,,,,,,,,
2024/07/18,22:33,lyuki093,終了,終了,,,,,,,,,,,
2024/07/19,10:49,lyuki093,開始,開始,,,,,,,,,,,
2024/07/19,13:31,lyuki093,離席,離席,,,,,,,,,,,
2024/07/19,16:22,lyuki093,再開,再開（3:00から,,,,,,,,,,,
2024/07/19,21:37,lyuki093,終了,終了,,,,,,,,,,,
2024/07/22,12:42,deerveryone,開始,開始,,,,,,,,,,,
2024/07/22,13:45,deerveryone,終了,終了（修正します）,,,,,,,,,,,
2024/07/29,12:51,deerveryone,開始,開始,,,,,,,,,,,
2024/07/29,14:23,deerveryone,終了,終了,,,,,,,,,,,
2024/07/29,15:43,deerveryone,開始,開始,,,,,,,,,,,
2024/07/29,17:42,deerveryone,終了,終了,,,,,,,,,,,
2024/07/30,18:40,deerveryone,開始,開始：報告書の概要を検討,,,,,,,,,,,
2024/07/30,19:30,deerveryone,終了,終了 :修正します…(;_;),,,,,,,,,,,
2024/07/31,14:37,deerveryone,開始,開始：技術検証報告書作成,,,,,,,,,,,
2024/07/31,19:21,deerveryone,終了,終了,,,,,,,,,,,
2024/08/01,17:00,deerveryone,開始,開始：月例ミーティング,,,,,,,,,,,
2024/08/01,18:00,deerveryone,終了,終了,,,,,,,,,,,
2024/08/05,13:01,deerveryone,開始,開始,,,,,,,,,,,
2024/08/05,14:51,deerveryone,終了,終了,,,,,,,,,,,
2024/08/06,15:25,deerveryone,開始,開始：修正,,,,,,,,,,,
2024/08/06,17:50,deerveryone,終了,終了,,,,,,,,,,,
2024/08/09,12:37,deerveryone,開始,開始、トヨタ・コニック・プロの要件定義（顧客/技術者向け）,,,,,,,,,,,
2024/08/09,13:25,deerveryone,終了,終了（後ほど再開します）,,,,,,,,,,,
2024/08/09,19:29,deerveryone,開始,開始：TQP作成,,,,,,,,,,,
2024/08/09,22:52,deerveryone,終了,終了,,,,,,,,,,,
2024/08/10,12:10,deerveryone,開始,開始,,,,,,,,,,,
2024/08/10,13:10,deerveryone,終了,終了,,,,,,,,,,,
2024/08/13,13:00,deerveryone,開始,開始,,,,,,,,,,,
2024/08/13,18:58,deerveryone,終了,終了,,,,,,,,,,,
2024/08/14,12:36,deerveryone,開始,開始,,,,,,,,,,,
2024/08/14,15:42,deerveryone,終了,終了,,,,,,,,,,,
2024/08/15,14:32,deerveryone,開始,開始,,,,,,,,,,,
2024/08/15,16:14,deerveryone,終了,終了,,,,,,,,,,,
2024/08/16,13:30,deerveryone,開始,開始,,,,,,,,,,,
2024/08/16,14:36,deerveryone,終了,終了,,,,,,,,,,,
2024/08/16,17:17,deerveryone,開始,開始,,,,,,,,,,,
2024/08/16,17:46,deerveryone,終了,終了（修正します）,,,,,,,,,,,
2024/08/19,15:57,deerveryone,開始,開始,,,,,,,,,,,
2024/08/19,17:49,deerveryone,終了,終了,,,,,,,,,,,
2024/08/20,10:02,deerveryone,開始,開始,,,,,,,,,,,
2024/08/20,12:00,deerveryone,終了,終了,,,,,,,,,,,
2024/08/20,18:40,deerveryone,開始,開始,,,,,,,,,,,
2024/08/20,18:58,deerveryone,終了,終了,,,,,,,,,,,
2024/08/21,7:54,deerveryone,開始,開始,,,,,,,,,,,
2024/08/21,9:02,deerveryone,終了,終了,,,,,,,,,,,
2024/08/22,15:55,deerveryone,開始,開始,,,,,,,,,,,
2024/08/22,18:26,deerveryone,終了,終了,,,,,,,,,,,
2024/08/23,10:52,deerveryone,開始,開始,,,,,,,,,,,
2024/08/23,11:35,deerveryone,終了,終了:ミーティング終了時に合わせて修正します,,,,,,,,,,,
2024/08/23,16:25,deerveryone,開始,開始,,,,,,,,,,,
2024/08/23,17:01,deerveryone,終了,終了,,,,,,,,,,,
2024/08/27,12:27,deerveryone,開始,開始,,,,,,,,,,,
2024/08/27,13:41,deerveryone,終了,終了,,,,,,,,,,,
2024/08/27,15:55,deerveryone,開始,開始,,,,,,,,,,,
2024/08/27,17:55,deerveryone,終了,終了,,,,,,,,,,,
2024/08/28,8:52,deerveryone,開始,開始,,,,,,,,,,,
2024/08/28,11:34,deerveryone,終了,終了:修正します,,,,,,,,,,,
2024/08/30,13:52,info,開始,開始,,,,,,,,,,,
2024/08/30,13:52,info,終了,終了,,,,,,,,,,,
2024/09/02,13:03,theoj246,開始,開始,,,,,,,,,,,
2024/09/02,14:20,theoj246,終了,終了,,,,,,,,,,,
2024/09/02,15:33,deerveryone,開始,開始,,,,,,,,,,,
2024/09/02,16:52,deerveryone,終了,終了,,,,,,,,,,,
2024/09/03,21:32,theoj246,開始,開始,,,,,,,,,,,
2024/09/03,22:33,theoj246,終了,終了,,,,,,,,,,,
2024/09/05,10:36,theoj246,開始,開始,,,,,,,,,,,
2024/09/05,13:09,theoj246,終了,終了,,,,,,,,,,,
2024/09/05,13:50,theoj246,開始,開始,,,,,,,,,,,
2024/09/05,16:07,theoj246,終了,終了,,,,,,,,,,,
2024/09/05,20:12,theoj246,開始,開始,,,,,,,,,,,
2024/09/05,18:54,deerveryone,終了,終了,,,,,,,,,,,
2024/09/05,21:10,deerveryone,終了,終了,,,,,,,,,,,
2024/09/05,21:37,theoj246,終了,終了,,,,,,,,,,,
2024/09/06,8:22,theoj246,開始,開始,,,,,,,,,,,
2024/09/06,9:20,deerveryone,開始,開始（08:20に修正）,,,,,,,,,,,
2024/09/06,9:31,theoj246,終了,終了,,,,,,,,,,,
2024/09/06,10:05,theoj246,開始,開始,,,,,,,,,,,
2024/09/06,10:33,deerveryone,終了,終了,,,,,,,,,,,
2024/09/06,12:02,theoj246,終了,終了,,,,,,,,,,,
2024/09/06,23:11,theoj246,開始,開始,,,,,,,,,,,
2024/09/06,23:53,theoj246,終了,終了,,,,,,,,,,,
2024/09/07,12:54,theoj246,開始,開始,,,,,,,,,,,
2024/09/07,15:20,theoj246,終了,終了,,,,,,,,,,,
2024/09/07,17:01,theoj246,開始,開始,,,,,,,,,,,
2024/09/07,18:21,theoj246,終了,終了,,,,,,,,,,,
2024/09/09,9:45,deerveryone,開始,開始,,,,,,,,,,,
2024/09/09,11:45,deerveryone,終了,終了,,,,,,,,,,,
2024/09/10,10:35,theoj246,開始,開始,,,,,,,,,,,
2024/09/10,11:45,theoj246,終了,終了,,,,,,,,,,,
2024/09/10,18:55,deerveryone,開始,開始,,,,,,,,,,,
2024/09/10,21:33,deerveryone,終了,終了,,,,,,,,,,,
2024/09/11,8:56,deerveryone,開始,開始,,,,,,,,,,,
2024/09/11,9:59,theoj246,開始,開始,,,,,,,,,,,
2024/09/11,10:48,theoj246,終了,終了,,,,,,,,,,,
2024/09/11,9:40,deerveryone,終了,終了 9:40,,,,,,,,,,,
2024/09/11,17:09,deerveryone,開始,開始,,,,,,,,,,,
2024/09/11,17:47,deerveryone,終了,終了,,,,,,,,,,,
2024/09/11,19:06,theoj246,開始,開始,,,,,,,,,,,
2024/09/11,19:27,theoj246,終了,終了,,,,,,,,,,,
2024/09/16,14:53,theoj246,開始,開始,,,,,,,,,,,
2024/09/16,16:15,theoj246,終了,終了,,,,,,,,,,,
2024/09/16,17:10,theoj246,開始,開始,,,,,,,,,,,
2024/09/16,18:00,theoj246,終了,終了,,,,,,,,,,,
2024/09/17,10:11,ryo4ryo4n66,開始,開始,,,,,,,,,,,
2024/09/17,11:02,ryo4ryo4n66,終了,終了,,,,,,,,,,,
2024/09/17,11:14,deerveryone,開始,開始,,,,,,,,,,,
2024/09/17,12:07,deerveryone,終了,終了,,,,,,,,,,,
2024/09/17,21:50,deerveryone,開始,開始,,,,,,,,,,,
2024/09/17,22:30,deerveryone,終了,終了：修正（22:30）,,,,,,,,,,,
2024/09/17,23:45,theoj246,開始,開始,,,,,,,,,,,
2024/09/18,0:16,theoj246,終了,終了,,,,,,,,,,,
2024/09/18,8:51,deerveryone,開始,開始,,,,,,,,,,,
2024/09/18,9:32,ryo4ryo4n66,開始,開始,,,,,,,,,,,
2024/09/18,10:18,theoj246,開始,開始,,,,,,,,,,,
2024/09/18,11:09,deerveryone,終了,終了,,,,,,,,,,,
2024/09/18,11:18,ryo4ryo4n66,終了,終了,,,,,,,,,,,
2024/09/18,12:30,theoj246,終了,終了,,,,,,,,,,,
2024/09/18,13:27,theoj246,開始,開始,,,,,,,13:03,theoj246,開始,,
2024/09/18,15:09,ryo4ryo4n66,開始,開始,,,,,,,14:20,theoj246,終了,1:17,
2024/09/18,15:35,theoj246,終了,終了,,,,,,,21:32,theoj246,開始,,
2024/09/18,17:06,ryo4ryo4n66,終了,終了,,,,,,,22:33,theoj246,終了,1:01,
2024/09/18,17:11,theoj246,開始,開始,,,,,,,10:36,theoj246,開始,,
2024/09/18,17:29,deerveryone,開始,開始,,,,,,,13:09,theoj246,終了,2:33,
2024/09/18,18:26,theoj246,終了,終了,,,,,,,13:50,theoj246,開始,,
2024/09/18,18:55,deerveryone,終了,終了: 修正（18:55）,,,,,,,16:07,theoj246,終了,2:17,
2024/09/19,0:19,theoj246,開始,開始,,,,,,,20:12,theoj246,開始,,
2024/09/19,0:47,theoj246,終了,終了,,,,,,,21:37,theoj246,終了,1:25,
2024/09/19,8:53,theoj246,開始,開始,,,,,,,8:22,theoj246,開始,,
2024/09/19,10:11,deerveryone,開始,開始,,,,,,,9:31,theoj246,終了,1:09,
2024/09/19,10:45,deerveryone,終了,終了,,,,,,,10:05,theoj246,開始,,
2024/09/19,10:47,theoj246,終了,終了,,,,,,,12:02,theoj246,終了,1:57,
2024/09/19,11:37,theoj246,開始,開始,,,,,,,23:11,theoj246,開始,,
2024/09/19,12:38,theoj246,終了,終了,,,,,,,23:53,theoj246,終了,0:42,
2024/09/19,13:17,theoj246,開始,開始,,,,,,,12:54,theoj246,開始,,
2024/09/19,13:59,theoj246,終了,終了,,,,,,,15:20,theoj246,終了,2:26,
2024/09/19,20:14,deerveryone,開始,開始,,,,,,,17:01,theoj246,開始,,
2024/09/19,22:15,deerveryone,終了,終了: 22:15,,,,,,,18:21,theoj246,終了,1:20,
2024/09/20,11:37,theoj246,開始,開始,,,,,,,10:35,theoj246,開始,,
2024/09/20,12:50,theoj246,終了,終了,,,,,,,11:45,theoj246,終了,1:10,
2024/09/20,15:05,ryo4ryo4n66,開始,開始,,,,,,,9:59,theoj246,開始,,
2024/09/20,15:14,deerveryone,開始,開始,,,,,,,10:48,theoj246,終了,0:49,
2024/09/20,15:56,ryo4ryo4n66,終了,終了,,,,,,,19:06,theoj246,開始,,
2024/09/20,16:21,theoj246,開始,開始,,,,,,,19:27,theoj246,終了,0:21,
2024/09/20,15:54,deerveryone,終了,終了,,,,,,,14:53,theoj246,開始,,
2024/09/20,18:00,theoj246,終了,終了,,,,,,,16:15,theoj246,終了,1:22,
2024/09/21,9:15,deerveryone,開始,開始,,,,,,,17:10,theoj246,開始,,
2024/09/21,9:38,ryo4ryo4n66,開始,開始,,,,,,,18:00,theoj246,終了,0:50,
2024/09/21,10:11,deerveryone,終了,終了,,,,,,,23:45,theoj246,開始,,
2024/09/21,11:09,ryo4ryo4n66,終了,終了,,,,,,,0:16,theoj246,終了,0:31,
2024/09/22,10:01,theoj246,開始,開始,,,,,,,10:18,theoj246,開始,,
2024/09/22,10:49,theoj246,終了,終了,,,,,,,12:30,theoj246,終了,2:12,
2024/09/22,10:57,deerveryone,開始,開始,,,,,,,13:27,theoj246,開始,,
2024/09/22,11:13,theoj246,開始,開始,,,,,,,15:35,theoj246,終了,2:08,
2024/09/22,13:05,theoj246,終了,終了,,,,,,,17:11,theoj246,開始,,
2024/09/22,13:32,theoj246,開始,開始,,,,,,,18:26,theoj246,終了,1:15,
2024/09/22,14:31,theoj246,終了,終了,,,,,,,0:19,theoj246,開始,,
2024/09/23,0:23,ryo4ryo4n66,開始,開始,,,,,,,0:47,theoj246,終了,0:28,
2024/09/23,9:00,deerveryone,終了,終了,,,,,,,8:53,theoj246,開始,,
2024/09/23,15:58,ryo4ryo4n66,終了,終了,,,,,,,10:47,theoj246,終了,1:54,
2024/09/23,15:58,ryo4ryo4n66,開始,開始,,,,,,,11:37,theoj246,開始,,
2024/09/23,17:13,ryo4ryo4n66,終了,終了,,,,,,,12:38,theoj246,終了,1:01,
2024/09/23,18:05,deerveryone,開始,開始,,,,,,,13:17,theoj246,開始,,
2024/09/23,18:32,ryo4ryo4n66,開始,開始,,,,,,,13:59,theoj246,終了,0:42,
2024/09/23,18:45,ryo4ryo4n66,終了,終了,,,,,,,11:37,theoj246,開始,,
2024/09/23,19:04,theoj246,開始,開始,,,,,,,12:50,theoj246,終了,1:13,
2024/09/23,19:12,deerveryone,終了,終了,,,,,,,16:21,theoj246,開始,,
2024/09/23,20:17,theoj246,終了,終了,,,,,,,18:00,theoj246,終了,1:39,
2024/09/23,22:54,theoj246,開始,開始,,,,,,,10:01,theoj246,開始,,
2024/09/23,23:26,theoj246,終了,終了,,,,,,,10:49,theoj246,終了,0:48,
2024/09/24,9:04,theoj246,開始,開始,,,,,,,11:13,theoj246,開始,,
2024/09/24,9:32,theoj246,終了,終了,,,,,,,13:05,theoj246,終了,1:52,
2024/09/24,11:29,deerveryone,開始,開始,,,,,,,13:32,theoj246,開始,,
2024/09/24,11:36,deerveryone,終了,終了,,,,,,,14:31,theoj246,終了,0:59,
2024/09/24,11:51,ryo4ryo4n66,開始,開始,,,,,,,19:04,theoj246,開始,,
2024/09/24,12:07,theoj246,開始,開始,,,,,,,20:17,theoj246,終了,1:13,
2024/09/24,12:12,ryo4ryo4n66,終了,終了,,,,,,,22:54,theoj246,開始,,
2024/09/24,14:47,theoj246,終了,終了,,,,,,,23:26,theoj246,終了,0:32,
2024/09/24,17:02,deerveryone,開始,開始,,,,,,,9:04,theoj246,開始,,
2024/09/24,17:25,deerveryone,終了,終了（17:25）,,,,,,,9:32,theoj246,終了,0:28,
2024/09/24,17:40,deerveryone,開始,開始,,,,,,,12:07,theoj246,開始,,
2024/09/24,17:54,deerveryone,終了,終了,,,,,,,14:47,theoj246,終了,2:40,
2024/09/24,22:14,theoj246,開始,開始,,,,,,,22:14,theoj246,開始,,
2024/09/24,22:34,theoj246,終了,終了,,,,,,,22:34,theoj246,終了,0:20,
2024/09/24,22:54,theoj246,開始,開始,,,,,,,22:54,theoj246,開始,,
2024/09/24,23:14,theoj246,終了,終了,,,,,,,23:14,theoj246,終了,0:20,
2024/09/25,8:51,theoj246,開始,開始,,,,,,,8:51,theoj246,開始,,
2024/09/25,10:01,deerveryone,開始,開始,,,,,,,14:29,theoj246,終了,5:38,
2024/09/25,10:12,deerveryone,終了,終了,,,,,,,15:12,theoj246,開始,,
2024/09/25,,,,,,,,,,,15:43,theoj246,終了,0:31,
2024/09/25,13:22,A,開始,開始,,,,,,,16:59,theoj246,開始,,
2024/09/25,14:29,theoj246,終了,終了,,,,,,,18:32,theoj246,終了,1:33,
2024/09/25,15:12,theoj246,開始,開始,,,,,,,18:34,theoj246,開始,,
2024/09/25,15:43,theoj246,終了,終了,,,,,,,19:42,theoj246,終了,1:08,
2024/09/25,16:59,theoj246,開始,開始,,,,,,,11:01,theoj246,開始,,
2024/09/25,17:06,ryo4ryo4n66,開始,開始,,,,,,,12:25,theoj246,終了,1:24,
2024/09/25,18:05,ryo4ryo4n66,終了,終了,,,,,,,14:09,theoj246,開始,,
2024/09/25,18:32,theoj246,終了,終了,,,,,,,15:28,theoj246,終了,1:19,
2024/09/25,18:34,theoj246,開始,開始,,,,,,,17:54,theoj246,開始,,
2024/09/25,19:42,theoj246,終了,終了,,,,,,,19:50,theoj246,終了,1:56,
2024/09/26,11:01,theoj246,開始,開始,,,,,,,13:58,theoj246,開始,,
2024/09/26,12:25,theoj246,終了,終了,,,,,,,18:40,theoj246,終了,4:42,
2024/09/26,14:09,theoj246,開始,開始,,,,,,,20:20,theoj246,開始,,
2024/09/26,14:15,ryo4ryo4n66,開始,開始,,,,,,,20:48,theoj246,終了,0:28,
2024/09/26,15:01,deerveryone,開始,開始,,,,,,,21:44,theoj246,開始,,
2024/09/26,15:28,theoj246,終了,終了,,,,,,,23:45,theoj246,終了,2:01,
2024/09/26,15:55,ryo4ryo4n66,終了,終了,,,,,,,10:04,theoj246,開始,,
2024/09/26,15:30,deerveryone,終了,終了（15:30）,,,,,,,11:03,theoj246,終了,0:59,
2024/09/26,17:54,theoj246,開始,開始,,,,,,,12:18,theoj246,開始,,
2024/09/26,19:50,theoj246,終了,終了,,,,,,,14:57,theoj246,終了,2:39,
2024/09/27,9:08,deerveryone,開始,開始,,,,,,,,,,,
2024/09/27,12:04,deerveryone,終了,終了,,,,,,,,,,,
2024/09/27,13:58,theoj246,開始,開始,,,,,,,,,,,
2024/09/27,18:40,theoj246,終了,終了,,,,,,,,,,,
2024/09/27,20:20,theoj246,開始,開始,,,,,,,,,,,
2024/09/27,20:48,theoj246,終了,終了,,,,,,,,,,43:12:00,
2024/09/27,21:44,theoj246,開始,開始,,,,,,,,,,,
2024/09/27,23:45,theoj246,終了,終了,,,,,,,,,,,
2024/09/29,10:04,theoj246,開始,開始,,,,,,,,,,,
2024/09/29,11:03,theoj246,終了,終了,,,,,,,,,,,
2024/09/29,12:18,theoj246,開始,開始,,,,,,,11:43,theoj246,開始,,
2024/09/29,14:57,theoj246,終了,終了,,,,,,,12:47,theoj246,終了,1:04,
2024/10/03,11:43,theoj246,開始,開始,,,,,,,0:45,theoj246,開始,,
2024/10/03,12:47,theoj246,終了,終了,,,,,,,1:46,theoj246,終了,1:01,
2024/10/06,0:45,theoj246,開始,開始,,,,,,,10:03,theoj246,開始,,
2024/10/06,1:46,theoj246,終了,終了,,,,,,,13:14,theoj246,終了,3:11,
2024/10/06,10:03,theoj246,開始,開始,,,,,,,23:12,theoj246,開始,,
2024/10/06,13:14,theoj246,終了,終了,,,,,,,0:05,theoj246,終了,0:53,
2024/10/06,23:12,theoj246,開始,開始,,,,,,,16:08,theoj246,開始,,
2024/10/07,0:05,theoj246,終了,終了,,,,,,,17:38,theoj246,終了,1:30,
2024/10/07,16:08,theoj246,開始,開始,,,,,,,20:32,theoj246,開始,,
2024/10/07,17:38,theoj246,終了,終了,,,,,,,22:47,theoj246,終了,2:15,
2024/10/07,20:32,theoj246,開始,開始,,,,,,,11:21,theoj246,開始,,
2024/10/07,22:47,theoj246,終了,終了,,,,,,,12:59,theoj246,終了,1:38,
2024/10/08,11:21,theoj246,開始,開始,,,,,,,17:43,theoj246,開始,,
2024/10/08,12:59,theoj246,終了,終了,,,,,,,19:08,theoj246,終了,1:25,
2024/10/08,17:43,theoj246,開始,開始,,,,,,,0:52,theoj246,開始,,
2024/10/08,19:08,theoj246,終了,終了,,,,,,,1:19,theoj246,終了,0:27,
2024/10/09,0:52,theoj246,開始,開始,,,,,,,9:06,theoj246,開始,,
2024/10/09,1:19,theoj246,終了,終了,,,,,,,9:58,theoj246,終了,0:52,
2024/10/09,9:06,theoj246,開始,開始,,,,,,,16:19,theoj246,開始,,
2024/10/09,9:58,theoj246,終了,終了,,,,,,,18:15,theoj246,終了,1:56,
2024/10/09,16:19,theoj246,開始,開始,,,,,,,14:09,theoj246,開始,,
2024/10/09,18:15,theoj246,終了,終了,,,,,,,16:09,theoj246,終了,2:00,
2024/10/10,14:09,theoj246,開始,開始,,,,,,,9:23,theoj246,開始,,
2024/10/10,16:09,theoj246,終了,終了,,,,,,,10:05,theoj246,終了,0:42,
2024/10/11,9:23,theoj246,開始,開始,,,,,,,17:09,theoj246,開始,,
2024/10/11,10:05,theoj246,終了,終了,,,,,,,19:53,theoj246,終了,2:44,
2024/10/11,17:09,theoj246,開始,開始,,,,,,,10:58,theoj246,開始,,
2024/10/11,19:53,theoj246,終了,終了,,,,,,,12:50,theoj246,終了,1:52,
2024/10/12,10:58,theoj246,開始,開始,,,,,,,14:29,theoj246,開始,,
2024/10/12,12:50,theoj246,終了,終了,,,,,,,16:22,theoj246,終了,1:53,
2024/10/12,14:29,theoj246,開始,開始,,,,,,,0:29,theoj246,開始,,
2024/10/12,16:22,theoj246,終了,終了,,,,,,,1:29,theoj246,終了,1:00,
2024/10/13,0:29,theoj246,開始,開始,,,,,,,9:31,theoj246,開始,,
2024/10/13,1:29,theoj246,終了,終了,,,,,,,10:35,theoj246,終了,1:04,
2024/10/13,9:31,theoj246,開始,開始,,,,,,,21:59,theoj246,開始,,
2024/10/13,10:35,theoj246,終了,終了,,,,,,,22:48,theoj246,終了,0:49,
2024/10/13,21:59,theoj246,開始,開始,,,,,,,10:09,theoj246,開始,,
2024/10/13,22:48,theoj246,終了,終了,,,,,,,11:31,theoj246,終了,1:22,
2024/10/14,10:09,theoj246,開始,開始,,,,,,,13:44,theoj246,開始,,
2024/10/14,11:31,theoj246,終了,終了,,,,,,,15:28,theoj246,終了,1:44,
2024/10/14,13:44,theoj246,開始,開始,,,,,,,10:13,theoj246,開始,,
2024/10/14,15:28,theoj246,終了,終了,,,,,,,10:45,theoj246,終了,0:32,
2024/10/15,10:13,theoj246,開始,開始,,,,,,,15:08,theoj246,開始,,
2024/10/15,10:45,theoj246,終了,終了,,,,,,,16:09,theoj246,終了,1:01,
2024/10/15,15:08,theoj246,開始,開始,,,,,,,12:19,theoj246,開始,,
2024/10/15,16:09,theoj246,終了,終了,,,,,,,13:49,theoj246,終了,1:30,
2024/10/15,20:48,osaryo523778,開始,開始,,,,,,,14:58,theoj246,開始,,
2024/10/15,21:22,osaryo523778,終了,終了,,,,,,,15:22,theoj246,終了,0:24,
2024/10/16,12:19,theoj246,開始,開始,,,,,,,16:23,theoj246,開始,,
2024/10/16,13:02,ryo4ryo4n66,開始,開始,,,,,,,18:55,theoj246,終了,2:32,
2024/10/16,13:26,ryo4ryo4n66,終了,終了,,,,,,,22:19,theoj246,開始,,
2024/10/16,13:49,theoj246,終了,終了,,,,,,,23:29,theoj246,終了,1:10,
2024/10/16,14:58,theoj246,開始,開始,,,,,,,8:58,theoj246,開始,,
2024/10/16,15:22,theoj246,終了,終了,,,,,,,9:43,theoj246,終了,0:45,
2024/10/16,16:23,theoj246,開始,開始,,,,,,,14:05,theoj246,開始,,
2024/10/16,18:55,theoj246,終了,終了,,,,,,,14:34,theoj246,終了,0:29,
2024/10/16,22:19,theoj246,開始,開始,,,,,,,15:24,theoj246,開始,,
2024/10/16,22:22,osaryo523778,開始,開始,,,,,,,16:17,theoj246,終了,0:53,
2024/10/16,23:29,theoj246,終了,終了,,,,,,,17:19,theoj246,開始,,
2024/10/17,1:18,osaryo523778,終了,終了,,,,,,,20:17,theoj246,終了,2:58,
2024/10/17,8:58,theoj246,開始,開始,,,,,,,9:11,theoj246,開始,,
2024/10/17,9:43,theoj246,終了,終了,,,,,,,10:10,theoj246,終了,0:59,
2024/10/17,10:45,osaryo523778,開始,開始,,,,,,,13:12,theoj246,開始,,
2024/10/17,11:47,osaryo523778,終了,終了,,,,,,,15:27,theoj246,終了,2:15,
2024/10/17,14:05,theoj246,開始,開始,,,,,,,16:00,theoj246,開始,,
2024/10/17,14:34,theoj246,終了,終了,,,,,,,19:08,theoj246,終了,3:08,
2024/10/17,15:24,theoj246,開始,開始,,,,,,,14:21,theoj246,開始,,
2024/10/17,16:17,theoj246,終了,終了,,,,,,,16:31,theoj246,終了,2:10,
2024/10/17,17:19,theoj246,開始,開始,,,,,,,17:42,theoj246,開始,,
2024/10/17,20:17,theoj246,終了,終了,,,,,,,19:47,theoj246,終了,2:05,
2024/10/17,23:33,osaryo523778,開始,開始,,,,,,,9:53,theoj246,開始,,
2024/10/18,0:00,osaryo523778,終了,終了,,,,,,,10:42,theoj246,終了,0:49,
2024/10/18,9:11,theoj246,開始,開始,,,,,,,12:20,theoj246,開始,,
2024/10/18,10:10,theoj246,終了,終了,,,,,,,14:39,theoj246,終了,2:19,
2024/10/18,13:12,theoj246,開始,開始,,,,,,,15:17,theoj246,開始,,
2024/10/18,15:27,theoj246,終了,終了,,,,,,,17:15,theoj246,終了,1:58,
2024/10/18,16:00,theoj246,開始,開始,,,,,,,18:19,theoj246,開始,,
2024/10/18,19:08,theoj246,終了,終了,,,,,,,18:33,theoj246,終了,0:14,
2024/10/19,14:21,theoj246,開始,開始,,,,,,,19:17,theoj246,開始,,
2024/10/19,16:31,theoj246,終了,終了,,,,,,,20:46,theoj246,終了,1:29,
2024/10/19,17:40,osaryo523778,開始,開始,,,,,,,13:02,theoj246,開始,,
2024/10/19,20:00,osaryo523778,終了,終了,,,,,,,16:13,theoj246,終了,3:11,
2024/10/19,17:42,theoj246,開始,開始,,,,,,,17:48,theoj246,開始,,
2024/10/19,19:47,theoj246,終了,終了,,,,,,,19:26,theoj246,終了,1:38,
2024/10/20,9:53,theoj246,開始,開始,,,,,,,20:22,theoj246,開始,,
2024/10/20,10:42,theoj246,終了,終了,,,,,,,23:17,theoj246,終了,2:55,
2024/10/20,12:20,theoj246,開始,開始,,,,,,,16:40,theoj246,開始,,
2024/10/20,14:39,theoj246,終了,終了,,,,,,,17:00,theoj246,終了,0:20,
2024/10/20,15:17,theoj246,開始,開始,,,,,,,20:04,theoj246,開始,,
2024/10/20,17:15,theoj246,終了,終了,,,,,,,20:34,theoj246,終了,0:30,
2024/10/20,18:19,theoj246,開始,開始,,,,,,,8:43,theoj246,開始,,
2024/10/20,18:33,theoj246,終了,終了,,,,,,,9:40,theoj246,終了,0:57,
2024/10/20,19:17,theoj246,開始,開始,,,,,,,11:37,theoj246,開始,,
2024/10/20,19:27,ryo4ryo4n66,開始,開始,,,,,,,13:50,theoj246,終了,2:13,
2024/10/20,20:46,theoj246,終了,終了,,,,,,,15:47,theoj246,開始,,
2024/10/20,20:47,ryo4ryo4n66,終了,終了,,,,,,,17:16,theoj246,終了,1:29,
2024/10/20,23:44,osaryo523778,開始,開始,,,,,,,10:08,theoj246,開始,,
2024/10/21,1:10,osaryo523778,終了,終了,,,,,,,10:48,theoj246,終了,0:40,
2024/10/21,10:03,ryo4ryo4n66,開始,開始,,,,,,,13:22,theoj246,開始,,
2024/10/21,11:23,ryo4ryo4n66,終了,終了,,,,,,,15:38,theoj246,終了,2:16,
2024/10/21,13:02,theoj246,開始,開始,,,,,,,16:37,theoj246,開始,,
2024/10/21,8:03,osaryo523778,開始,開始,,,,,,,17:37,theoj246,終了,1:00,
2024/10/21,10:03,osaryo523778,終了,終了,,,,,,,18:21,theoj246,開始,,
2024/10/21,14:19,ryo4ryo4n66,開始,開始,,,,,,,18:48,theoj246,終了,0:27,
2024/10/21,16:13,theoj246,終了,終了,,,,,,,19:09,theoj246,s,,
2024/10/21,16:16,ryo4ryo4n66,終了,終了,,,,,,,19:09,theoj246,f,0:00,
2024/10/21,17:48,theoj246,開始,開始,,,,,,,20:53,theoj246,s,,
2024/10/21,19:26,theoj246,終了,終了,,,,,,,22:51,theoj246,f,1:58,
2024/10/21,20:22,theoj246,開始,開始,,,,,,,14:41,theoj246,s,,
2024/10/21,21:31,osaryo523778,開始,開始,,,,,,,18:19,theoj246,f,3:38,
2024/10/21,23:17,theoj246,終了,終了,,,,,,,19:02,theoj246,s,,
2024/10/21,22:51,osaryo523778,終了,終了,,,,,,,20:03,theoj246,f,1:01,
2024/10/22,16:40,theoj246,開始,開始,,,,,,,21:38,theoj246,s,,
2024/10/22,17:00,theoj246,終了,終了,,,,,,,23:53,theoj246,f,2:15,
2024/10/22,20:04,theoj246,開始,開始,,,,,,,0:24,theoj246,s,,
2024/10/22,20:05,ryo4ryo4n66,開始,開始,,,,,,,1:30,theoj246,f,1:06,
2024/10/22,20:08,osaryo523778,開始,開始,,,,,,,10:49,theoj246,s,,
2024/10/22,20:34,theoj246,終了,終了,,,,,,,11:24,theoj246,f,0:35,
2024/10/22,20:42,ryo4ryo4n66,終了,終了,,,,,,,12:28,theoj246,s,,
2024/10/22,21:04,osaryo523778,終了,終了,,,,,,,14:55,theoj246,f,2:27,
2024/10/23,8:43,theoj246,開始,開始,,,,,,,18:35,theoj246,s,,
2024/10/23,9:40,theoj246,終了,終了,,,,,,,22:22,theoj246,f,3:47,
2024/10/23,11:37,theoj246,開始,開始,,,,,,,0:17,theoj246,s,,
2024/10/23,13:50,theoj246,終了,終了,,,,,,,1:34,theoj246,f,1:17,
2024/10/23,15:47,theoj246,開始,開始,,,,,,,11:48,theoj246,s,,
2024/10/23,17:16,theoj246,終了,終了,,,,,,,14:44,theoj246,f,2:56,
2024/10/24,10:08,theoj246,開始,開始,,,,,,,15:08,theoj246,s,,
2024/10/24,10:48,theoj246,終了,終了,,,,,,,15:41,theoj246,f,0:33,
2024/10/24,13:22,theoj246,開始,開始,,,,,,,17:10,theoj246,s,,
2024/10/24,15:38,theoj246,終了,終了,,,,,,,18:59,theoj246,f,1:49,
2024/10/25,16:37,theoj246,開始,開始,,,,,,,10:28,theoj246,s,,
2024/10/25,17:37,theoj246,終了,終了,,,,,,,10:35,theoj246,f,0:07,
2024/10/25,18:21,theoj246,開始,開始,,,,,,,17:02,theoj246,s,,
2024/10/25,18:48,theoj246,終了,終了,,,,,,,17:56,theoj246,f,0:54,
2024/10/25,19:09,theoj246,s,s,,,,,,,18:26,theoj246,s,,
2024/10/25,19:09,theoj246,f,f,,,,,,,20:37,theoj246,f,2:11,
2024/10/25,20:53,theoj246,s,s,,,,,,,12:42,theoj246,s,,
2024/10/25,22:51,theoj246,f,f,,,,,,,13:55,theoj246,f,1:13,
2024/10/26,2:53,osaryo523778,s,s,,,,,,,14:31,theoj246,s,,
2024/10/26,4:53,osaryo523778,f,f,,,,,,,16:17,theoj246,f,,
2024/10/26,14:41,theoj246,s,s,,,,,,,11:45,theoj246,s,21:14,
2024/10/26,18:19,theoj246,f,f,,,,,,,12:35,theoj246,f,,
2024/10/26,19:02,theoj246,s,s,,,,,,,15:03,theoj246,s,2:28,
2024/10/26,20:03,theoj246,f,f,,,,,,,17:36,theoj246,f,,
2024/10/26,21:38,theoj246,s,s,,,,,,,18:34,theoj246,s,0:58,
2024/10/26,23:53,theoj246,f,f,,,,,,,19:20,theoj246,f,,
2024/10/27,0:24,theoj246,s,s,,,,,,,,,,4:40,
2024/10/27,1:30,theoj246,f,f,,,,,,,,,,,
2024/10/27,10:49,theoj246,s,s,,,,,,,16:20,theoj246,s,,
2024/10/27,11:24,theoj246,f,f,,,,,,,17:21,theoj246,f,1:01,
2024/10/27,12:28,theoj246,s,s,,,,,,,18:26,theoj246,s,,
2024/10/27,14:55,theoj246,f,f,,,,,,,19:29,theoj246,f,1:03,
2024/10/27,18:35,theoj246,s,s,,,,,,,10:27,theoj246,s,,
2024/10/27,22:22,theoj246,f,f,,,,,,,12:33,theoj246,f,2:06,
2024/10/28,0:17,theoj246,s,s,,,,,,,13:53,theoj246,s,,
2024/10/28,1:34,theoj246,f,f,,,,,,,17:22,theoj246,f,3:29,
2024/10/28,11:48,theoj246,s,s,,,,,,,18:06,theoj246,s,,
2024/10/28,14:44,theoj246,f,f,,,,,,,19:22,theoj246,f,1:16,
2024/10/28,15:08,theoj246,s,s,,,,,,,21:30,theoj246,s,,
2024/10/28,15:41,theoj246,f,f,,,,,,,22:41,theoj246,f,1:11,
2024/10/28,16:08,ryo4ryo4n66,s,s,,,,,,,23:05,theoj246,s,,
2024/10/28,16:53,ryo4ryo4n66,f,f,,,,,,,23:44,theoj246,f,0:39,
2024/10/28,17:10,theoj246,s,s,,,,,,,0:02,theoj246,s,,
2024/10/28,18:59,theoj246,f,f,,,,,,,0:18,theoj246,f,0:16,
2024/10/28,22:57,ryo4ryo4n66,s,s,,,,,,,10:20,theoj246,s,,
2024/10/29,0:57,ryo4ryo4n66,f,f,,,,,,,12:22,theoj246,f,2:02,
2024/10/29,10:28,theoj246,s,s,,,,,,,19:28,theoj246,s,,
2024/10/29,10:35,theoj246,f,f,,,,,,,21:03,theoj246,f,1:35,
2024/10/29,17:02,theoj246,s,s,,,,,,,11:11,theoj246,s,,
2024/10/29,17:56,theoj246,f,f,,,,,,,12:24,theoj246,f,1:13,
2024/10/29,18:26,theoj246,s,s,,,,,,,15:03,theoj246,s,,
2024/10/29,19:15,osaryo523778,s,s,,,,,,,16:01,theoj246,f,0:58,
2024/10/29,20:37,theoj246,f,f,,,,,,,16:24,theoj246,s,,
2024/10/29,21:27,osaryo523778,f,f,,,,,,,18:10,theoj246,f,1:46,
2024/10/30,12:42,theoj246,s,s,,,,,,,20:11,theoj246,s,,
2024/10/30,13:55,theoj246,f,f,,,,,,,0:51,theoj246,f,4:40,
2024/10/30,14:31,theoj246,s,s,,,,,,,11:01,theoj246,s,,
2024/10/30,16:17,theoj246,f,f,,,,,,,11:40,theoj246,f,0:39,
2024/10/30,21:27,osaryo523778,s,s,,,,,,,19:12,theoj246,s,,
2024/10/30,22:54,osaryo523778,f,f,,,,,,,19:55,theoj246,f,0:43,
2024/10/31,11:45,theoj246,s,s,,,,,,,11:09,theoj246,s,,
2024/10/31,12:35,theoj246,f,f,,,,,,,12:43,theoj246,f,1:34,
2024/10/31,15:03,theoj246,s,s,,,,,,,14:10,theoj246,s,,
2024/10/31,17:36,theoj246,f,f,,,,,,,17:16,theoj246,f,3:06,
2024/10/31,18:03,info,f,f,,,,,,,22:04,theoj246,s,,
2024/10/31,18:34,theoj246,s,s,,,,,,,1:26,theoj246,f,3:22,
2024/10/31,19:20,theoj246,f,f,,,,,,,11:38,theoj246,s,,
2024/11/01,16:20,theoj246,s,s,,,,,,,13:15,theoj246,f,1:37,
2024/11/01,17:21,theoj246,f,f,,,,,,,14:11,theoj246,s,,
2024/11/01,18:26,theoj246,s,s,,,,,,,16:35,theoj246,f,2:24,
2024/11/01,19:29,theoj246,f,f,,,,,,,21:24,theoj246,s,,
2024/11/02,13:59,ryo4ryo4n66,s,s,,,,,,,23:55,theoj246,f,2:31,
2024/11/03,10:27,theoj246,s,s,,,,,,,12:35,theoj246,s,,
2024/11/03,12:33,theoj246,f,f,,,,,,,16:22,theoj246,f,3:47,
2024/11/03,13:17,osaryo523778,s,s,,,,,,,18:53,theoj246,s,,
2024/11/03,13:53,theoj246,s,s,,,,,,,20:23,theoj246,f,1:30,
2024/11/03,15:25,osaryo523778,f,f,,,,,,,21:45,theoj246,s,,
2024/11/03,15:36,ryo4ryo4n66,f,f 11/2 16:00,,,,,,,22:38,theoj246,f,0:53,
2024/11/03,17:22,theoj246,f,f,,,,,,,12:12,theoj246,s,,
2024/11/03,18:06,theoj246,s,s,,,,,,,14:26,theoj246,f,2:14,
2024/11/03,19:22,theoj246,f,f,,,,,,,16:09,theoj246,s,,
2024/11/03,21:30,theoj246,s,s,,,,,,,17:21,theoj246,f,1:12,
2024/11/03,22:41,theoj246,f,f,,,,,,,19:59,theoj246,s,,
2024/11/03,23:05,theoj246,s,s,,,,,,,21:28,theoj246,f,1:29,
2024/11/03,23:44,theoj246,f,f,,,,,,,10:44,theoj246,s,,
2024/11/04,0:02,theoj246,s,s,,,,,,,11:27,theoj246,f,0:43,
2024/11/04,0:18,theoj246,f,f,,,,,,,12:03,theoj246,s,,
2024/11/04,10:20,theoj246,s,s,,,,,,,14:54,theoj246,f,2:51,
2024/11/04,12:22,theoj246,f,f,,,,,,,16:17,theoj246,s,,
2024/11/05,19:04,osaryo523778,s,s,,,,,,,18:22,theoj246,f,2:05,
2024/11/05,19:28,theoj246,s,s,,,,,,,14:38,theoj246,s,,
2024/11/05,21:03,theoj246,f,f,,,,,,,20:58,theoj246,f,6:20,
2024/11/05,21:07,osaryo523778,f,f,,,,,,,13:30,theoj246,s,,
2024/11/06,11:11,theoj246,s,s,,,,,,,17:43,theoj246,f,4:13,
2024/11/06,12:24,theoj246,f,f,,,,,,,18:12,theoj246,s,,
2024/11/07,15:03,theoj246,s,s,,,,,,,19:22,theoj246,f,1:10,
2024/11/07,16:01,theoj246,f,f,,,,,,,20:53,theoj246,s,,
2024/11/07,16:24,theoj246,s,s,,,,,,,23:43,theoj246,f,2:50,
2024/11/07,18:10,theoj246,f,f,,,,,,,0:13,theoj246,s,,
2024/11/07,20:11,theoj246,s,s,,,,,,,0:41,theoj246,f,0:28,
2024/11/08,0:51,theoj246,f,f,,,,,,,11:10,theoj246,s,,
2024/11/08,11:01,theoj246,s,s,,,,,,,14:17,theoj246,f,3:07,
2024/11/08,11:40,theoj246,f,f,,,,,,,16:02,theoj246,s,,
2024/11/08,19:12,theoj246,s,s,,,,,,,19:43,theoj246,f,3:41,
2024/11/08,19:55,theoj246,f,f,,,,,,,11:30,theoj246,s,,
2024/11/09,11:09,theoj246,s,s,,,,,,,13:28,theoj246,f,1:58,
2024/11/09,12:43,theoj246,f,f,,,,,,,15:18,theoj246,s,,
2024/11/09,14:10,theoj246,s,s,,,,,,,16:37,theoj246,f,1:19,
2024/11/09,17:16,theoj246,f,f,,,,,,,17:13,theoj246,s,,
2024/11/09,22:04,theoj246,s,s,,,,,,,18:14,theoj246,f,1:01,
2024/11/10,1:26,theoj246,f,f,,,,,,,19:40,theoj246,s,,
2024/11/10,11:38,theoj246,s,s,,,,,,,21:03,theoj246,f,1:23,
2024/11/10,13:15,theoj246,f,f,,,,,,,10:59,theoj246,s,,
2024/11/10,14:11,theoj246,s,s,,,,,,,13:38,theoj246,f,2:39,
2024/11/10,16:35,theoj246,f,f,,,,,,,18:40,theoj246,s,,
2024/11/10,21:24,theoj246,s,s,,,,,,,19:35,theoj246,f,0:55,
2024/11/10,23:55,theoj246,f,f,,,,,,,21:59,theoj246,s,,
2024/11/11,12:35,theoj246,s,s,,,,,,,0:49,theoj246,f,2:50,
2024/11/11,16:22,theoj246,f,f,,,,,,,14:55,theoj246,s,,
2024/11/11,18:53,theoj246,s,s,,,,,,,16:13,theoj246,f,1:18,
2024/11/11,20:23,theoj246,f,f,,,,,,,11:54,theoj246,s,,
2024/11/11,21:45,theoj246,s,s,,,,,,,18:10,theoj246,f,6:16,
2024/11/11,22:09,ryo4ryo4n66,s,s,,,,,,,23:39,theoj246,s,,
2024/11/11,22:38,theoj246,f,f,,,,,,,2:08,theoj246,f,2:29,
2024/11/12,0:15,ryo4ryo4n66,f,f,,,,,,,12:55,theoj246,s,,
2024/11/12,12:12,theoj246,s,s,,,,,,,14:09,theoj246,f,1:14,
2024/11/12,13:26,ryo4ryo4n66,s,s,,,,,,,16:33,theoj246,s,,
2024/11/12,14:26,theoj246,f,f,,,,,,,18:13,theoj246,f,1:40,
2024/11/12,14:36,ryo4ryo4n66,f,f,,,,,,,19:07,theoj246,s,,
2024/11/12,16:09,theoj246,s,s,,,,,,,19:56,theoj246,f,0:49,
2024/11/12,17:21,theoj246,f,f,,,,,,,23:14,theoj246,s,,
2024/11/12,19:59,theoj246,s,s,,,,,,,1:11,theoj246,f,1:57,
2024/11/12,20:00,ryo4ryo4n66,s,s,,,,,,,12:16,theoj246,s,,
2024/11/12,20:08,osaryo523778,s,s,,,,,,,13:51,theoj246,f,1:35,
2024/11/12,21:11,osaryo523778,f,f,,,,,,,14:41,theoj246,s,,
2024/11/12,21:28,theoj246,f,f,,,,,,,18:18,theoj246,f,3:37,
2024/11/13,10:44,theoj246,s,s,,,,,,,19:01,theoj246,s,,
2024/11/13,11:27,theoj246,f,f,,,,,,,20:19,theoj246,f,1:18,
2024/11/13,12:03,theoj246,s,s,,,,,,,13:24,theoj246,s,,
2024/11/13,14:54,theoj246,f,f,,,,,,,19:07,theoj246,f,5:43,
2024/11/13,16:17,theoj246,s,s,,,,,,,19:44,theoj246,s,,
2024/11/13,18:22,theoj246,f,f,,,,,,,21:11,theoj246,f,1:27,
2024/11/14,14:38,theoj246,s,s,,,,,,,13:27,theoj246,s,,
2024/11/14,20:58,theoj246,f,f 17:00,,,,,,,14:47,theoj246,f,1:20,
2024/11/15,13:30,theoj246,s,s,,,,,,,17:30,theoj246,s,,
2024/11/15,17:43,theoj246,f,f,,,,,,,18:21,theoj246,f,0:51,
2024/11/15,18:12,theoj246,s,s,,,,,,,18:48,theoj246,s,,
2024/11/15,19:22,theoj246,f,f,,,,,,,20:09,theoj246,f,1:21,
2024/11/15,20:35,ryo4ryo4n66,s,s,,,,,,,22:52,theoj246,s,,
2024/11/15,21:22,ryo4ryo4n66,f,f,,,,,,,0:49,theoj246,f,1:57,
2024/11/15,23:42,ryo4ryo4n66,s,s,,,,,,,14:05,theoj246,s,,
2024/11/16,1:34,osaryo523778,s,s,,,,,,,14:57,theoj246,f,0:52,
2024/11/16,2:52,ryo4ryo4n66,f,f,,,,,,,16:22,theoj246,s,,
2024/11/16,4:21,osaryo523778,f,f,,,,,,,17:54,theoj246,f,1:32,
2024/11/16,10:03,ryo4ryo4n66,s,s,,,,,,,23:04,theoj246,s,,
2024/11/16,23:31,osaryo523778,s,s,,,,,,,1:33,theoj246,f,2:29,
2024/11/17,0:43,osaryo523778,f,f,,,,,,,15:00,theoj246,s,,
2024/11/17,20:04,osaryo523778,s,s,,,,,,,16:13,theoj246,f,1:13,
2024/11/17,20:53,theoj246,s,s,,,,,,,18:22,theoj246,s,,
2024/11/17,22:51,osaryo523778,f,f,,,,,,,19:20,theoj246,f,0:58,
2024/11/17,23:43,theoj246,f,f,,,,,,,,,,,
2024/11/18,0:13,theoj246,s,s,,,,,,,,,,,
2024/11/18,0:41,theoj246,f,f,,,,,,,,,,,
2024/11/18,11:10,theoj246,s,s,,,,,,,,,,,
2024/11/18,14:17,theoj246,f,f,,,,,,,,,,,131:45:00
2024/11/18,16:02,theoj246,s,s,,,,,,,,,,,
2024/11/18,19:43,theoj246,f,f,,,,,,,,,,,
2024/11/18,20:27,osaryo523778,s,s,,,,,,,,,,,
2024/11/18,22:05,osaryo523778,f,f,,,,,,,,,,,
2024/11/19,11:30,theoj246,s,s,,,,,,,,,,,
2024/11/19,13:28,theoj246,f,f,,,,,,,18:01,theoj246,s,,
2024/11/19,15:18,theoj246,s,s,,,,,,,20:09,theoj246,f,,2:08
2024/11/19,16:37,theoj246,f,f,,,,,,,18:50,theoj246,s,,
2024/11/19,17:13,theoj246,s,s,,,,,,,19:32,theoj246,f,,0:42
2024/11/19,18:14,theoj246,f,f,,,,,,,19:58,theoj246,s,,
2024/11/19,19:40,theoj246,s,s,,,,,,,20:57,theoj246,f,,0:59
2024/11/19,20:06,osaryo523778,s,s,,,,,,,17:58,theoj246,s,,
2024/11/19,21:03,theoj246,f,f,,,,,,,18:15,theoj246,f,,0:17
2024/11/19,21:16,osaryo523778,f,f,,,,,,,13:22,theoj246,s,,
2024/11/20,10:59,theoj246,s,s,,,,,,,14:58,theoj246,f,,1:36
2024/11/20,13:38,theoj246,f,f,,,,,,,21:06,theoj246,s,,
2024/11/20,18:40,theoj246,s,s,,,,,,,22:13,theoj246,f,,1:07
2024/11/20,19:35,theoj246,f,f,,,,,,,18:22,theoj246,s,,
2024/11/20,21:59,theoj246,s,s,,,,,,,18:52,theoj246,f,,0:30
2024/11/21,0:49,theoj246,f,f,,,,,,,11:18,theoj246,s,,
2024/11/21,14:55,theoj246,s,s,,,,,,,16:17,theoj246,f,,4:59
2024/11/21,16:13,theoj246,f,f,,,,,,,16:47,theoj246,s,,
2024/11/22,11:54,theoj246,s,s,,,,,,,17:48,theoj246,f,,1:01
2024/11/22,18:10,theoj246,f,f,,,,,,,19:41,theoj246,s,,
2024/11/22,23:39,theoj246,s,s,,,,,,,20:33,theoj246,f,,0:52
2024/11/23,2:08,theoj246,f,f,,,,,,,13:56,theoj246,s,,
2024/11/23,12:55,theoj246,s,s,,,,,,,15:45,theoj246,f,,1:49
2024/11/23,14:09,theoj246,f,f,,,,,,,12:53,theoj246,s,,
2024/11/23,16:33,theoj246,s,s,,,,,,,15:44,theoj246,f,,2:51
2024/11/23,18:13,theoj246,f,f,,,,,,,18:35,theoj246,s,,
2024/11/23,19:07,theoj246,s,s,,,,,,,22:10,theoj246,f,,3:35
2024/11/23,19:56,theoj246,f,f,,,,,,,8:32,theoj246,s,,
2024/11/23,23:14,theoj246,s,s,,,,,,,13:04,theoj246,f,,4:32
2024/11/24,1:11,theoj246,f,f,,,,,,,13:10,theoj246,s,,
2024/11/24,12:16,theoj246,s,s,,,,,,,15:15,theoj246,f,,2:05
2024/11/24,13:51,theoj246,f,f,,,,,,,16:01,theoj246,s,,
2024/11/24,14:41,theoj246,s,s,,,,,,,17:52,theoj246,f,,1:51
2024/11/24,18:18,theoj246,f,f,,,,,,,19:08,theoj246,s,,
2024/11/25,17:27,ryo4ryo4n66,s,s,,,,,,,19:23,theoj246,f,,0:15
2024/11/25,19:01,theoj246,s,s,,,,,,,20:34,theoj246,s,,
2024/11/25,19:10,ryo4ryo4n66,f,f,,,,,,,21:36,theoj246,f,,1:02
2024/11/25,20:19,theoj246,f,f,,,,,,,9:46,theoj246,s,,
2024/11/25,22:28,osaryo523778,s,s,,,,,,,12:12,theoj246,f,,2:26
2024/11/26,0:26,osaryo523778,f,f,,,,,,,12:58,theoj246,s,,
2024/11/26,13:24,theoj246,s,s,,,,,,,14:05,theoj246,f,,1:07
2024/11/26,18:04,info,s,s,,,,,,,15:12,theoj246,s,,
2024/11/26,18:10,osaryo523778,s,s,,,,,,,16:22,theoj246,f,,1:10
2024/11/26,19:07,theoj246,f,f 14:00,,,,,,,13:12,theoj246,s,,
2024/11/26,19:44,theoj246,s,s,,,,,,,14:24,theoj246,f,,1:12
2024/11/26,20:57,osaryo523778,f,f,,,,,,,15:02,theoj246,s,,
2024/11/26,21:11,theoj246,f,f,,,,,,,17:21,theoj246,f,,2:19
2024/11/27,13:27,theoj246,s,s,,,,,,,19:15,theoj246,s,,
2024/11/27,14:47,theoj246,f,f,,,,,,,20:34,theoj246,f,,1:19
2024/11/27,17:30,theoj246,s,s,,,,,,,20:35,theoj246,s,,
2024/11/27,18:21,theoj246,f,f,,,,,,,21:14,theoj246,f,,0:39
2024/11/27,18:48,theoj246,s,s,,,,,,,23:28,theoj246,s,,
2024/11/27,20:09,theoj246,f,f,,,,,,,23:59,theoj246,f,,0:31
2024/11/27,22:52,theoj246,s,s,,,,,,,9:01,theoj246,s,,
2024/11/28,0:49,theoj246,f,f,,,,,,,11:00,theoj246,f,,1:59
2024/11/28,14:05,theoj246,s,s,,,,,,,13:36,theoj246,s,,
2024/11/28,14:57,theoj246,f,f,,,,,,,14:51,theoj246,f,,1:15
2024/11/28,16:22,theoj246,s,s,,,,,,,15:54,theoj246,s,,
2024/11/28,17:54,theoj246,f,f,,,,,,,18:08,theoj246,f,,2:14
2024/11/28,23:04,theoj246,s,s,,,,,,,10:00,theoj246,s,,
2024/11/29,1:33,theoj246,f,f,,,,,,,11:56,theoj246,f,,1:56
2024/11/29,15:00,theoj246,s,s,,,,,,,15:57,theoj246,s,,
2024/11/29,16:13,theoj246,f,f,,,,,,,18:02,theoj246,f,,2:05
2024/11/29,18:22,theoj246,s,s,,,,,,,19:13,theoj246,s,,
2024/11/29,19:20,theoj246,f,f,,,,,,,19:57,theoj246,f,,0:44
2024/12/01,11:04,osaryo523778,s,s,,,,,,,23:24,theoj246,s,,
2024/12/01,12:22,osaryo523778,f,f,,,,,,,0:52,theoj246,f,,1:28
2024/12/02,18:01,theoj246,s,s,,,,,,,8:42,theoj246,s,,
2024/12/02,20:09,theoj246,f,f,,,,,,,10:17,theoj246,f,,1:35
2024/12/02,21:45,osaryo523778,s,s,,,,,,,14:15,theoj246,s,,
2024/12/03,1:49,osaryo523778,f,f,,,,,,,19:04,theoj246,f,,4:49
2024/12/03,18:50,theoj246,s,s,,,,,,,19:12,theoj246,s,,
2024/12/03,19:00,ryo4ryo4n66,s,s,,,,,,,22:59,theoj246,s,,
2024/12/03,19:32,theoj246,f,f,,,,,,,0:04,theoj246,f,,1:05
2024/12/03,19:58,theoj246,s,s,,,,,,,13:32,theoj246,s,,
2024/12/03,20:57,theoj246,f,f,,,,,,,15:26,theoj246,f,,1:54
2024/12/03,21:17,ryo4ryo4n66,f,f,,,,,,,23:31,theoj246,s,,
2024/12/04,13:13,ryo4ryo4n66,s,s,,,,,,,8:53,theoj246,f,f -30s,0.5
2024/12/04,15:38,ryo4ryo4n66,f,f,,,,,,,8:53,theoj246,s,,
2024/12/04,17:58,theoj246,s,s,,,,,,,12:32,theoj246,f,,3:39
2024/12/04,18:15,theoj246,f,f,,,,,,,14:12,theoj246,s,,
2024/12/05,13:22,theoj246,s,s,,,,,,,18:14,theoj246,f,,4:02
2024/12/05,14:58,theoj246,f,f,,,,,,,19:46,theoj246,s,,
2024/12/05,17:32,ryo4ryo4n66,s,s,,,,,,22:00,1:03,theoj246,f,f 22:00,2:14
2024/12/05,18:17,ryo4ryo4n66,f,f,,,,,,,9:34,theoj246,s,s,
2024/12/05,21:06,theoj246,s,s,,,,,,11:00,13:06,theoj246,f,f 11:00,1:26
2024/12/05,22:13,theoj246,f,f,,,,,,,13:40,theoj246,s,,
2024/12/06,0:53,ryo4ryo4n66,s,s,,,,,,,16:15,theoj246,f,,2:35
2024/12/06,2:20,ryo4ryo4n66,f,f,,,,,,,18:40,theoj246,s,,
2024/12/06,18:22,theoj246,s,s,,,,,,,19:42,theoj246,f,,1:02
2024/12/06,18:52,theoj246,f,f,,,,,,,9:01,theoj246,s,,
2024/12/07,11:18,theoj246,s,s,,,,,,,9:51,theoj246,f,,0:50
2024/12/07,13:27,osaryo523778,s,s,,,,,,,14:52,theoj246,s,,
2024/12/07,13:35,osaryo523778,f,f,,,,,,,17:30,theoj246,f,,2:38
2024/12/07,16:17,theoj246,f,f,,,,,,,16:29,theoj246,s,,
2024/12/07,16:47,theoj246,s,s,,,,,,,20:47,theoj246,f,,4:18
2024/12/07,17:48,theoj246,f,f,,,,,,,23:35,theoj246,s,,
2024/12/07,19:41,theoj246,s,s,,,,,,,0:34,theoj246,f,,0:59
2024/12/07,20:33,theoj246,f,f,,,,,,,9:36,theoj246,s,,
2024/12/08,13:56,theoj246,s,s,,,,,,,11:10,theoj246,f,,1:34
2024/12/08,15:45,theoj246,f,f,,,,,,,14:45,theoj246,s,,
2024/12/09,12:53,theoj246,s,s,,,,,,,17:56,theoj246,f,,3:11
2024/12/09,15:44,theoj246,f,f,,,,,,,19:09,theoj246,s,,
2024/12/09,18:35,theoj246,s,s,,,,,,,20:39,theoj246,f,,1:30
2024/12/09,22:10,theoj246,f,f,,,,,,,11:05,theoj246,s,,
2024/12/10,1:17,osaryo523778,s,s,,,,,,,12:31,theoj246,f,,1:26
2024/12/10,3:27,osaryo523778,f,f,,,,,,,9:46,theoj246,s,,
2024/12/10,8:32,theoj246,s,s,,,,,,,14:13,theoj246,f,,4:27
2024/12/10,13:04,theoj246,f,f,,,,,,,14:38,theoj246,s,,
2024/12/10,13:10,theoj246,s,s,,,,,,,18:36,theoj246,f,,3:58
2024/12/10,15:15,theoj246,f,f,,,,,,,14:36,theoj246,s,,
2024/12/10,16:01,theoj246,s,s,,,,,,,15:21,theoj246,f,,0:45
2024/12/10,17:52,theoj246,f,f,,,,,,,11:09,theoj246,s,,
2024/12/10,19:08,theoj246,s,s,,,,,,,15:30,theoj246,f,,4:21
2024/12/10,19:23,theoj246,f,f,,,,,,,16:37,theoj246,s,,
2024/12/10,20:34,theoj246,s,s,,,,,,,17:33,theoj246,f,,0:56
2024/12/10,21:36,theoj246,f,f,,,,,,,22:06,theoj246,s,,
2024/12/11,9:46,theoj246,s,s,,,,,,,23:24,theoj246,f,,1:18
2024/12/11,12:12,theoj246,f,f,,,,,,,12:00,theoj246,s,,
2024/12/11,12:58,theoj246,s,s,,,,,,,13:03,theoj246,f,,1:03
2024/12/11,13:15,ryo4ryo4n66,s,s,,,,,,,,,,,
2024/12/11,14:05,theoj246,f,f,,,,,,,,,,,
2024/12/11,14:29,ryo4ryo4n66,f,f,,,,,,,,,,,52:10:00
2024/12/11,15:12,theoj246,s,s,,,,,,,,,,,
2024/12/11,16:22,theoj246,f,f,,,,,,,,,,,
2024/12/12,13:12,theoj246,s,s,,,,,,,,,,,
2024/12/12,14:24,theoj246,f,f,,,,,,,,,,,
2024/12/12,15:02,theoj246,s,s,,,,,,,,,,,
2024/12/12,17:21,theoj246,f,f,,,,,,,,,,,
2024/12/12,19:15,theoj246,s,s,,,,,,,,,,,
2024/12/12,20:34,theoj246,f,f,,,,,,,,,,,
2024/12/13,20:35,theoj246,s,s,,,,,,,,,,,
2024/12/13,20:36,ryo4ryo4n66,s,s,,,,,,,,,,,
2024/12/13,21:14,theoj246,f,f,,,,,,,,,,,
2024/12/13,23:10,ryo4ryo4n66,f,f 22:00,,,,,,,,,,,
2024/12/13,23:28,theoj246,s,s,,,,,,,,,,,
2024/12/13,23:59,theoj246,f,f,,,,,,,,,,,
2024/12/14,9:01,theoj246,s,s,,,,,,,,,,,
2024/12/14,9:17,info,s,s,,,,,,,,,,,
2024/12/14,11:00,theoj246,f,f,,,,,,,,,,,
2024/12/14,13:36,theoj246,s,s,,,,,,,,,,,
2024/12/14,14:51,theoj246,f,f,,,,,,,,,,,
2024/12/14,15:54,theoj246,s,s,,,,,,,,,,,
2024/12/14,18:08,theoj246,f,f,,,,,,,,,,,
2024/12/14,21:05,ryo4ryo4n66,s,s,,,,,,,,,,,
2024/12/15,0:09,ryo4ryo4n66,f,f,,,,,,,,,,,
2024/12/15,10:00,theoj246,s,s,,,,,,,,,,,
2024/12/15,11:56,theoj246,f,f,,,,,,,,,,,
2024/12/15,15:57,theoj246,s,s,,,,,,,,,,,
2024/12/15,18:02,theoj246,f,f,,,,,,,,,,,
2024/12/15,19:13,theoj246,s,s,,,,,,,,,,,
2024/12/15,19:57,theoj246,f,f,,,,,,,,,,,
2024/12/15,23:24,theoj246,s,s,,,,,,,,,,,
2024/12/16,0:52,theoj246,f,f,,,,,,,,,,,
2024/12/16,8:42,theoj246,s,s,,,,,,,,,,,
2024/12/16,10:17,theoj246,f,f,,,,,,,,,,,
2024/12/16,14:15,theoj246,s,s,,,,,,,,,,,
2024/12/16,19:04,theoj246,f,f,,,,,,,,,,,
2024/12/16,19:12,theoj246,s,s,,,,,,,,,,,
2024/12/16,22:50,osaryo523778,s,s,,,,,,,,,,,
2024/12/16,22:59,theoj246,s,s,,,,,,,,,,,
2024/12/17,0:04,theoj246,f,f,,,,,,,,,,,
2024/12/17,13:32,theoj246,s,s,,,,,,,,,,,
2024/12/17,15:26,theoj246,f,f,,,,,,,,,,,
2024/12/17,23:31,theoj246,s,s,,,,,,,,,,,
2024/12/18,8:53,theoj246,f,f -30s,,,,,,,,,,,
2024/12/18,8:53,theoj246,s,s,,,,,,,,,,,
2024/12/18,12:32,theoj246,f,f,,,,,,,,,,,
2024/12/18,13:18,ryo4ryo4n66,s,s,,,,,,,,,,,
2024/12/18,14:12,theoj246,s,s,,,,,,,,,,,
2024/12/18,14:43,ryo4ryo4n66,f,f,,,,,,,,,,,
2024/12/18,18:14,theoj246,f,f,,,,,,,,,,,
2024/12/18,19:46,theoj246,s,s,,,,,,,,,,,
2024/12/19,1:03,theoj246,f,f 22:00,,,,,,,,,,,
2024/12/19,9:34,theoj246,s,s,,,,,,,,,,,
2024/12/19,13:06,theoj246,f,f 11:00,,,,,,,,,,,
2024/12/19,13:40,theoj246,s,s,,,,,,,,,,,
2024/12/19,16:15,theoj246,f,f,,,,,,,,,,,
2024/12/19,18:40,theoj246,s,s,,,,,,,,,,,
2024/12/19,19:42,theoj246,f,f,,,,,,,,,,,
2024/12/20,9:01,theoj246,s,s,,,,,,,,,,,
2024/12/20,9:51,theoj246,f,f,,,,,,,,,,,
2024/12/20,14:52,theoj246,s,s,,,,,,,,,,,
2024/12/20,17:30,theoj246,f,f,,,,,,,,,,,
2024/12/21,16:29,theoj246,s,s,,,,,,,,,,,
2024/12/21,17:00,osaryo523778,s,s,,,,,,,,,,,
2024/12/21,17:21,ryo4ryo4n66,s,s,,,,,,,,,,,
2024/12/21,18:25,osaryo523778,f,f,,,,,,,,,,,
2024/12/21,18:25,ryo4ryo4n66,f,f,,,,,,,,,,,
2024/12/21,20:47,theoj246,f,f,,,,,,,,,,,
2024/12/21,23:35,theoj246,s,s,,,,,,,,,,,
2024/12/22,0:34,theoj246,f,f,,,,,,,,,,,
2024/12/22,9:36,theoj246,s,s,,,,,,,,,,,
2024/12/22,11:10,theoj246,f,f,,,,,,,,,,,
2024/12/22,14:45,theoj246,s,s,,,,,,,,,,,
2024/12/22,17:56,theoj246,f,f,,,,,,,,,,,
2024/12/22,19:09,theoj246,s,s,,,,,,,,,,,
2024/12/22,20:39,theoj246,f,f,,,,,,,,,,,
2024/12/23,11:05,theoj246,s,s,,,,,,,,,,,
2024/12/23,12:31,theoj246,f,f,,,,,,,,,,,
2024/12/24,9:46,theoj246,s,s,,,,,,,,,,,
2024/12/24,14:13,theoj246,f,f,,,,,,,,,,,
2024/12/24,14:38,theoj246,s,s,,,,,,,,,,,
2024/12/24,18:36,theoj246,f,f,,,,,,,,,,,
2024/12/25,14:36,theoj246,s,s,,,,,,,,,,,
2024/12/25,15:21,theoj246,f,f,,,,,,,,,,,
2024/12/26,13:15,ryo4ryo4n66,s,s,,,,,,,,,,,
2024/12/26,13:32,ryo4ryo4n66,f,f,,,,,,,,,,,
2024/12/26,18:34,osaryo523778,s,s,,,,,,,,,,,
2024/12/26,19:28,osaryo523778,f,f,,,,,,,,,,,
2024/12/27,11:09,theoj246,s,s,,,,,,,,,,,
2024/12/27,15:30,theoj246,f,f,,,,,,,,,,,
2024/12/27,16:37,theoj246,s,s,,,,,,,,,,,
2024/12/27,17:33,theoj246,f,f,,,,,,,,,,,
2024/12/27,22:06,theoj246,s,s,,,,,,,,,,,
2024/12/27,23:24,theoj246,f,f,,,,,,,,,,,
2024/12/30,12:00,theoj246,s,s,,,,,,,,,,,
2024/12/30,13:03,theoj246,f,f,,,,,,,,,,,
2025/01/03,11:57,theoj246,s,s,,,,,,,,,,,
2025/01/03,19:00,theoj246,f,f,,,,,,,,,,,
2025/01/03,19:45,theoj246,s,s,,,,,,,,,,,
2025/01/03,20:58,theoj246,f,f,,,,,,,,,,,
2025/01/03,23:12,theoj246,s,s,,,,,,,,,,,
2025/01/04,0:40,theoj246,f,f,,,,,,,,,,,
2025/01/04,9:58,theoj246,s,s,,,,,,,,,,,
2025/01/04,13:52,theoj246,f,f,,,,,,,,,,,
2025/01/04,15:20,theoj246,s,s,,,,,,,,,,,
2025/01/04,21:43,theoj246,f,f 16:00,,,,,,,,,,,
2025/01/06,18:14,theoj246,s,s,,,,,,,,,,,
2025/01/06,20:03,theoj246,f,f,,,,,,,,,,,
2025/01/07,11:17,theoj246,s,s,,,,,,,,,,,
2025/01/07,11:56,theoj246,f,f,,,,,,,,,,,
2025/01/07,18:35,theoj246,s,s,,,,,,,,,,,
2025/01/07,21:02,theoj246,f,f,,,,,,,,,,,
2025/01/08,11:52,theoj246,s,s,,,,,,,,,,,
2025/01/08,14:54,theoj246,f,f 13:00,,,,,,,,,,,
2025/01/08,14:54,theoj246,s,s,,,,,,,,,,,
2025/01/08,19:58,theoj246,f,f,,,,,,,,,,,
2025/01/09,13:34,theoj246,s,s,,,,,,,,,,,
2025/01/09,16:48,theoj246,f,f,,,,,,,,,,,
2025/01/09,18:37,theoj246,s,s,,,,,,,,,,,
2025/01/09,19:32,theoj246,f,f,,,,,,,,,,,
2025/01/09,22:18,theoj246,s,s,,,,,,,,,,,
2025/01/10,0:35,theoj246,f,f,,,,,,,,,,,
2025/01/10,12:39,theoj246,s,s,,,11:57,theoj246,s,,,,,,
2025/01/10,13:13,theoj246,f,f,,,19:00,theoj246,f,7:03:00,,,,,
2025/01/12,11:10,theoj246,s,s,,,19:45,theoj246,s,,,,,,
2025/01/12,13:28,theoj246,f,f,,,20:58,theoj246,f,1:13:00,,,,,
2025/01/12,15:09,theoj246,s,s,,,23:12,theoj246,s,,,,,,
2025/01/12,18:35,theoj246,f,f,,,0:40,theoj246,f,1:28:00,,,,,
2025/01/12,22:35,theoj246,s,s,,,9:58,theoj246,s,,,,,,
2025/01/13,0:47,theoj246,f,f,,,13:52,theoj246,f,3:54:00,,,,,
2025/01/13,23:48,osaryo523778,s,s,,,15:20,theoj246,s,,,,,,
2025/01/14,0:58,osaryo523778,f,f,,,21:43,theoj246,f,6:23:00,,,,,
2025/01/14,17:02,theoj246,s,s,,,18:14,theoj246,s,,,,,,
2025/01/14,18:35,theoj246,f,f,,,20:03,theoj246,f,1:49:00,,,,,
2025/01/14,19:32,theoj246,s,s,,,11:17,theoj246,s,,,,,,
2025/01/14,20:03,osaryo523778,s,s,,,11:56,theoj246,f,0:39:00,,,,,
2025/01/14,20:56,osaryo523778,f,f,,,18:35,theoj246,s,,,,,,
2025/01/14,20:56,theoj246,f,f,,,21:02,theoj246,f,2:27:00,,,,,
2025/01/15,19:11,theoj246,s,s,,,11:52,theoj246,s,,,,,,
2025/01/16,9:09,theoj246,f,f - 21:00,,,14:54,theoj246,f,3:02:00,,,,,
2025/01/16,13:59,theoj246,s,s,,,14:54,theoj246,s,,,,,,
2025/01/16,15:00,theoj246,f,f,,,19:58,theoj246,f,5:04:00,,,,,
2025/01/17,11:22,theoj246,s,s,,,13:34,theoj246,s,,,,,,
2025/01/17,15:34,theoj246,f,f,,,16:48,theoj246,f,3:14:00,,,,,
2025/01/17,18:29,theoj246,s,s,,,18:37,theoj246,s,,,,,,
2025/01/17,22:28,theoj246,f,f 19:00,,,19:32,theoj246,f,0:55:00,,,,,
2025/01/18,14:54,theoj246,s,s,,,22:18,theoj246,s,,,,,,
2025/01/18,15:42,theoj246,f,f,,,0:35,theoj246,f,2:17:00,,,,,
2025/01/19,16:06,theoj246,s,s,,,12:39,theoj246,s,,,,,,
2025/01/19,17:50,theoj246,f,f,,,13:13,theoj246,f,0:34:00,,,,,
2025/01/20,9:16,theoj246,s,s,,,11:10,theoj246,s,,,,,,
2025/01/20,9:49,theoj246,f,f,,,13:28,theoj246,f,2:18:00,,,,,
2025/01/20,16:28,theoj246,s,s,,,15:09,theoj246,s,,,,,,
2025/01/20,18:25,theoj246,f,f,,,18:35,theoj246,f,3:26:00,,,,,
2025/01/20,19:25,theoj246,s,s,,,22:35,theoj246,s,,,,,,
2025/01/20,20:15,theoj246,f,f,,,0:47,theoj246,f,2:12:00,,,,,
2025/01/20,22:16,theoj246,s,s,,,17:02,theoj246,s,,,,,,
2025/01/20,23:03,theoj246,f,f,,,18:35,theoj246,f,1:33:00,,,,,
2025/01/21,20:03,theoj246,s,s,,,19:32,theoj246,s,,,,,,
2025/01/21,20:47,theoj246,f,f,,,20:56,theoj246,f,1:24:00,,,,,
2025/01/22,15:52,theoj246,s,s,,,19:11,theoj246,s,,,,,,
2025/01/22,16:44,theoj246,f,f,,21:00,9:09,theoj246,f,1:49:00,,,,,
2025/01/22,22:08,theoj246,s,s,,,13:59,theoj246,s,,,,,,
2025/01/23,11:07,theoj246,f,f 23:30,,,15:00,theoj246,f,1:01:00,,,,,
2025/01/23,14:03,theoj246,s,s,,,11:22,theoj246,s,,,,,,
2025/01/23,15:50,theoj246,f,f,,,15:34,theoj246,f,4:12:00,,,,,
2025/01/23,17:01,theoj246,s,s,,,18:29,theoj246,s,,,,,,
2025/01/23,17:25,theoj246,f,f,,19:00,22:28,theoj246,f,0:31:00,,,,,
2025/01/24,18:20,theoj246,s,s,,,14:54,theoj246,s,,,,,,
2025/01/24,19:55,theoj246,f,f,,,15:42,theoj246,f,0:48:00,,,,,
2025/01/24,20:36,theoj246,s,s,,,16:06,theoj246,s,,,,,,
2025/01/24,21:22,theoj246,f,f,,,17:50,theoj246,f,1:44:00,,,,,
2025/01/26,10:02,theoj246,s,s,,,9:16,theoj246,s,,,,,,
2025/01/26,11:36,theoj246,f,f,,,9:49,theoj246,f,0:33:00,,,,,
2025/01/27,9:03,theoj246,s,s,,,16:28,theoj246,s,,,,,,
,,,,,,,18:25,theoj246,f,1:57:00,,,,,
,,,,,,,19:25,theoj246,s,,,,,,
,,,,,,,20:15,theoj246,f,0:50:00,,,,,
,,,,,,,22:16,theoj246,s,,,,,,
,,,,,,,23:03,theoj246,f,0:47:00,,,,,
,,,,,,,20:03,theoj246,s,,,,,,
,,,,,,,20:47,theoj246,f,0:44:00,,,,,
,,,,,,,15:52,theoj246,s,,,,,,
,,,,,,,16:44,theoj246,f,0:52:00,,,,,
,,,,,,,22:08,theoj246,s,,,,,,
,,,,,,23:30,11:07,theoj246,f,1:22:00,,,,,
,,,,,,,14:03,theoj246,s,,,,,,
,,,,,,,15:50,theoj246,f,1:47:00,,,,,
,,,,,,,17:01,theoj246,s,,,,,,
,,,,,,,17:25,theoj246,f,0:24:00,,,,,
,,,,,,,18:20,theoj246,s,,,,,,
,,,,,,,19:55,theoj246,f,1:35:00,,,,,
,,,,,,,20:36,theoj246,s,,,,,,
,,,,,,,21:22,theoj246,f,0:46:00,,,,,
,,,,,,,10:02,theoj246,s,,,,,,
,,,,,,,11:36,theoj246,f,1:34:00,,,,,
,,,,,,,9:03,theoj246,s,,,,,,
,,,,,,,,,,,,,,,
,,,,,,,,,,,,,,,
,,,,,,,,,,2:11:00,,,,,
,,,,,,,,,,,,,,,
,,,,,,,,,,2:11:00,,,,,
2025/01/27,10:40,theoj246,f,f,,,,,,,,,,,
2025/01/27,14:54,theoj246,s,s,,,,,,,,,,,
2025/01/27,16:19,theoj246,f,f,,,,,,,,,,,
2025/01/27,16:30,theoj246,s,s,,,,,,,,,,,
2025/01/27,18:09,theoj246,f,f,,,16:57,theoj246,s,s,,,,,
2025/01/27,19:01,theoj246,s,s,,19:00,19:52,theoj246,f,f 19:00,,2:03:00,,,
2025/01/27,19:52,theoj246,f,f,,,11:30,theoj246,s,s,,,,,
2025/01/30,0:02,ryo4ryo4n66,s,s,,,11:50,theoj246,f,f,,0:20:00,,,
2025/01/30,3:07,ryo4ryo4n66,f,f,,,16:06,theoj246,s,s,,,,,
2025/02/03,19:13,ryo4ryo4n66,s,s,,,18:11,theoj246,f,f,,2:05:00,,,
2025/02/03,19:45,ryo4ryo4n66,f,f,,,1:17,theoj246,s,s,,,,,
2025/02/06,18:34,ryo4ryo4n66,s,s,,,1:40,theoj246,f,f,,0:23:00,,,
2025/02/06,21:04,ryo4ryo4n66,f,f,,,10:31,theoj246,s,s,,,,,
2025/02/07,16:57,theoj246,s,s,,,11:50,theoj246,f,f,,1:19:00,,,
2025/02/07,17:07,ryo4ryo4n66,s,s,,,15:37,theoj246,s,s,,,,,
2025/02/07,19:52,theoj246,f,f 19:00,,,19:29,theoj246,f,f,,3:52:00,,,
2025/02/07,20:50,ryo4ryo4n66,f,f 19:00,,,23:34,theoj246,s,s,,,,,
2025/02/10,11:30,theoj246,s,s,,,0:27,theoj246,f,f,,1:01:00,,,
2025/02/10,11:50,theoj246,f,f,,,10:05,theoj246,s,s,,,,,
2025/02/10,16:06,theoj246,s,s,,,12:03,theoj246,f,f,,1:58:00,,,
2025/02/10,17:24,ryo4ryo4n66,s,s,,,14:00,theoj246,s,s,,,,,
2025/02/10,18:03,ryo4ryo4n66,f,f,,,18:41,theoj246,f,f,,4:41:00,,,
2025/02/10,18:11,theoj246,f,f,,,23:11,theoj246,s,s,,,,,
2025/02/11,1:17,theoj246,s,s,,,23:47,theoj246,f,f,,0:36:00,,,
2025/02/11,1:40,theoj246,f,f,,,9:21,theoj246,s,s,,,,,
2025/02/11,10:31,theoj246,s,s,,,11:47,theoj246,f,f,,2:26:00,,,
2025/02/11,11:50,theoj246,f,f,,,12:37,theoj246,s,s,,,,,
2025/02/11,15:37,theoj246,s,s,,,18:35,theoj246,f,f,,5:58:00,,,
2025/02/11,19:29,theoj246,f,f,,,10:53,theoj246,s,s,,,,,
2025/02/11,23:34,theoj246,s,s,,,12:26,theoj246,f,f,,1:33:00,,,
2025/02/12,0:27,theoj246,f,f,,,15:14,theoj246,s,s,,,,,
2025/02/12,10:05,theoj246,s,s,,,17:58,theoj246,f,f,,2:44:00,,,
2025/02/12,10:32,ryo4ryo4n66,s,s,,,18:17,theoj246,s,s,,,,,
2025/02/12,10:41,ryo4ryo4n66,f,f,,,18:56,theoj246,f,f,,0:39:00,,,
2025/02/12,12:03,theoj246,f,f,,,22:55,theoj246,s,s,,,,,
2025/02/12,14:00,theoj246,s,s,,,13:40,theoj246,f,f 24:00,,1:04:00,,,
2025/02/12,18:41,theoj246,f,f,,23:59,10:11,theoj246,s,s,,,,,
2025/02/12,23:11,theoj246,s,s,,,12:34,theoj246,f,f,,2:23:00,,,
2025/02/12,23:47,theoj246,f,f,,,13:39,theoj246,s,s,,,,,
2025/02/13,9:21,theoj246,s,s,,,15:06,theoj246,f,f,,1:27:00,,,
2025/02/13,11:47,theoj246,f,f,,,15:41,theoj246,s,s,,,,,
2025/02/13,12:37,theoj246,s,s,,,16:11,theoj246,f,f,,0:30:00,,,
2025/02/13,16:16,ryo4ryo4n66,s,s,,,11:22,theoj246,s,s,,,,,
2025/02/13,16:42,ryo4ryo4n66,f,f,,,12:11,theoj246,f,f,,0:49:00,,,
2025/02/13,18:35,theoj246,f,f,,,15:08,theoj246,s,s,,,,,
2025/02/14,10:53,theoj246,s,s,,,15:54,theoj246,f,f,,0:46:00,,,
2025/02/14,12:26,theoj246,f,f,,,17:23,theoj246,s,s,,,,,
2025/02/14,15:14,theoj246,s,s,,,18:00,theoj246,f,f,,0:37:00,,,
2025/02/14,15:17,ryo4ryo4n66,s,s,,,9:07,theoj246,s,s,,,,,
2025/02/14,16:10,ryo4ryo4n66,f,f,,,10:27,theoj246,f,f,,1:20:00,,,
2025/02/14,17:58,theoj246,f,f,,,13:06,theoj246,s,s,,,,,
2025/02/14,17:59,ryo4ryo4n66,s,s,,,16:30,theoj246,f,f,,3:24:00,,,
2025/02/14,18:08,ryo4ryo4n66,f,f,,,17:51,theoj246,s,s,,,,,
2025/02/14,18:17,theoj246,s,s,,,19:24,theoj246,f,f,,1:33:00,,,
2025/02/14,18:56,theoj246,f,f,,,12:26,theoj246,s,s,,,,,
2025/02/14,22:55,theoj246,s,s,,,15:55,theoj246,f,f,,3:29:00,,,
2025/02/15,13:40,theoj246,f,f 24:00,,,14:11,theoj246,s,s,,,,,
2025/02/17,10:05,ryo4ryo4n66,s,s,,,14:17,theoj246,f,f,,0:06:00,,,
2025/02/17,10:11,theoj246,s,s,,,15:32,theoj246,s,s,,,,,
2025/02/17,11:50,ryo4ryo4n66,f,f,,,18:48,theoj246,f,f,,3:16:00,,,
2025/02/17,12:34,theoj246,f,f,,,14:12,theoj246,s,s,,,,,
2025/02/17,13:39,theoj246,s,s,,,16:51,theoj246,f,f,,2:39:00,,,
2025/02/17,15:06,theoj246,f,f,,,18:57,theoj246,s,s,,,,,
2025/02/17,15:41,theoj246,s,s,,,19:57,theoj246,f,f,,1:00:00,,,
2025/02/17,16:11,theoj246,f,f,,,22:42,theoj246,s,s,,,,,
2025/02/18,11:22,theoj246,s,s,,,23:00,theoj246,f,f,,0:18:00,,,
2025/02/18,12:11,theoj246,f,f,,,23:38,theoj246,s,s,,,,,
2025/02/18,15:08,theoj246,s,s,,,0:27,theoj246,f,f,,0:49:00,,,
2025/02/18,15:54,theoj246,f,f,,,11:46,theoj246,s,s,,,,,
2025/02/18,16:49,ryo4ryo4n66,s,s,,,12:44,theoj246,f,f,,0:58:00,,,
2025/02/18,17:23,theoj246,s,s,,,13:40,theoj246,s,s,,,,,
2025/02/18,18:00,theoj246,f,f,,,15:01,theoj246,f,f,,1:21:00,,,
2025/02/18,19:25,ryo4ryo4n66,f,f,,,10:51,theoj246,s,s,,,,,
2025/02/19,9:07,theoj246,s,s,,,11:55,theoj246,f,f,,1:04:00,,,
2025/02/19,10:27,theoj246,f,f,,,12:09,theoj246,s,s,,,,,
2025/02/19,13:06,theoj246,s,s,,,12:31,theoj246,f,f,,0:22:00,,,
2025/02/19,16:30,theoj246,f,f,,,13:30,theoj246,s,s,,,,,
2025/02/19,17:51,theoj246,s,s,,,13:41,theoj246,f,f,,0:11:00,,,
2025/02/19,19:24,theoj246,f,f,,,16:05,theoj246,s,s,,,,,
2025/02/20,12:26,theoj246,s,s,,,18:16,theoj246,f,f,,2:11:00,,,
2025/02/20,13:20,ryo4ryo4n66,s,s,,,11:32,theoj246,s,s,,,,,
2025/02/20,14:50,ryo4ryo4n66,f,f,,12:00,12:49,theoj246,f,f 12:00,,1:17:00,,,
2025/02/20,15:55,theoj246,f,f,,,12:50,theoj246,s,s,,,,,
2025/02/21,14:11,theoj246,s,s,,,13:56,theoj246,f,f,,1:06:00,,,
2025/02/21,14:17,theoj246,f,f,,,16:44,theoj246,s,s,,,,,
2025/02/21,15:32,theoj246,s,s,,,17:25,theoj246,f,f,,0:41:00,,,
2025/02/21,17:24,ryo4ryo4n66,s,s,,,19:17,theoj246,s,s,,,,,
2025/02/21,18:17,ryo4ryo4n66,f,f,,,19:53,theoj246,f,f,,0:36:00,,,
2025/02/21,18:48,theoj246,f,f,,,11:56,theoj246,s,s,,,,,
2025/02/22,14:12,theoj246,s,s,,,16:22,theoj246,f,f,,4:26:00,,,
2025/02/22,16:13,ryo4ryo4n66,s,s,,,19:36,theoj246,s,s,,,,,
2025/02/22,16:51,theoj246,f,f,,,20:10,theoj246,f,f,,0:34:00,,,
2025/02/22,18:57,theoj246,s,s,,,,,,,,,,,
2025/02/22,19:57,theoj246,f,f,,,,,,,,,,,
2025/02/22,22:42,theoj246,s,s,,,,,,,,,,,
2025/02/22,23:00,theoj246,f,f,,,,,,,,71:55:00,,,
2025/02/23,15:37,ryo4ryo4n66,f,f 17:05,,,,,,,,,,,
2025/02/23,15:38,ryo4ryo4n66,s,s,,,,,,,,,,,
2025/02/23,16:19,ryo4ryo4n66,f,f,,,,,,,,,,,
2025/02/23,18:36,ryo4ryo4n66,s,s,,,,,,,,,,,
2025/02/23,19:07,ryo4ryo4n66,f,f,,,,,,,,,,,
2025/02/23,23:38,theoj246,s,s,,,,,,,,,,,
2025/02/24,0:27,theoj246,f,f,,,,,,,,,,,
2025/02/24,11:46,theoj246,s,s,,,,,,,,,,,
2025/02/24,12:44,theoj246,f,f,,,,,,,,,,,
2025/02/24,12:47,kimoppy126,s,s,,,,,,,,,,,
2025/02/24,13:29,ryo4ryo4n66,s,s 11:45,,,,,,,,,,,
2025/02/24,13:30,ryo4ryo4n66,f,f 13:15,,,,,,,,,,,
2025/02/24,13:40,theoj246,s,s,,,,,,,,,,,
2025/02/24,15:01,theoj246,f,f,,,,,,,,,,,
2025/02/24,18:44,kimoppy126,f,f,,,,,,,,,,,
2025/02/25,10:51,theoj246,s,s,,,,,,,,,,,
2025/02/25,11:55,theoj246,f,f,,,,,,,,,,,
2025/02/25,12:09,theoj246,s,s,,,,,,,,,,,
2025/02/25,12:31,theoj246,f,f,,,,,,,,,,,
2025/02/25,13:30,theoj246,s,s,,,,,,,,,,,
2025/02/25,13:41,theoj246,f,f,,,,,,,,,,,
2025/02/25,16:05,theoj246,s,s,,,,,,,,,,,
2025/02/25,16:12,ryo4ryo4n66,s,s 16:05,,,,,,,,,,,
2025/02/25,18:16,theoj246,f,f,,,,,,,,,,,
2025/02/25,18:17,ryo4ryo4n66,f,f,,,,,,,,,,,
2025/02/25,23:36,ryo4ryo4n66,s,s,,,,,,,,,,,
2025/02/25,23:49,ryo4ryo4n66,f,f,,,,,,,,,,,
2025/02/26,11:32,theoj246,s,s,,,,,,,,,,,
2025/02/26,12:49,theoj246,f,f 12:00,,,,,,,,,,,
2025/02/26,12:50,theoj246,s,s,,,,,,,,,,,
2025/02/26,13:56,theoj246,f,f,,,,,,,,,,,
2025/02/26,16:44,theoj246,s,s,,,,,,,,,,,
2025/02/26,17:25,theoj246,f,f,,,,,,,,,,,
2025/02/26,17:55,ryo4ryo4n66,s,s,,,,,,,,,,,
2025/02/26,19:17,theoj246,s,s,,,,,,,,,,,
2025/02/26,19:53,ryo4ryo4n66,f,f,,,,,,,,,,,
2025/02/26,19:53,theoj246,f,f,,,,,,,,,,,
2025/02/26,23:40,ryo4ryo4n66,s,s,,,,,,,,,,,
2025/02/27,0:03,ryo4ryo4n66,f,f,,,,,,,,,,,
2025/02/27,10:49,ryo4ryo4n66,s,s,,,,,,,,,,,
2025/02/27,11:56,theoj246,s,s,,,,,,,,,,,
2025/02/27,12:24,ryo4ryo4n66,f,f,,,,,,,,,,,
2025/02/27,13:20,ryo4ryo4n66,s,s,,,,,,,,,,,
2025/02/27,16:22,theoj246,f,f,,,,,,,,,,,
2025/02/27,16:29,ryo4ryo4n66,f,f,,,,,,,,,,,
2025/02/27,19:36,theoj246,s,s,,,,,,,,,,,
2025/02/27,20:10,theoj246,f,f,,,,,,,,,,,
2025/02/27,21:13,ryo4ryo4n66,s,s,,,,,,,,,,,
2025/02/27,21:41,ryo4ryo4n66,f,f,,,,,,,,,,,
2025/02/28,12:34,ryo4ryo4n66,s,s,,,,,,,,,,,
2025/02/28,14:10,ryo4ryo4n66,f,f,,,,,,,,,,,
2025/02/28,14:48,ryo4ryo4n66,s,s,,,,,,,,,,,
2025/02/28,16:54,ryo4ryo4n66,f,f,,,,,,,,,,,
2025/02/28,17:29,ryo4ryo4n66,s,s,,,,,,,,,,,
2025/02/28,21:11,ryo4ryo4n66,f,f 18:45,,,,,,,,,,,
2025/03/01,14:19,ryo4ryo4n66,s,s,,,,12:32,theoj246,s,s,,,,
2025/03/01,17:26,ryo4ryo4n66,f,f,,,,20:22,theoj246,f,f,7:50:00,,,
2025/03/02,10:29,kimoppy126,s,s,,,,12:20,theoj246,s,s,,,,
2025/03/02,12:23,kimoppy126,f,f,,,,14:27,theoj246,f,f,2:07:00,,,
2025/03/02,14:04,ryo4ryo4n66,s,s,,,,18:31,theoj246,s,s,,,,
2025/03/02,14:50,ryo4ryo4n66,f,f,,,,19:15,theoj246,f,f,0:44:00,,,
2025/03/03,12:32,theoj246,s,s,,,,19:28,theoj246,s,s,,,,
2025/03/03,19:04,ryo4ryo4n66,s,s,,,,21:07,theoj246,f,f,1:39:00,,,
2025/03/03,20:22,theoj246,f,f,,,,17:06,theoj246,s,s,,,,
2025/03/03,21:05,ryo4ryo4n66,f,f 20:22,,,,18:35,theoj246,f,f,1:29:00,,,
2025/03/03,22:03,ryo4ryo4n66,s,s,,,,16:51,theoj246,f,f,,,,
2025/03/03,23:46,ryo4ryo4n66,f,f,,,,16:51,theoj246,s,s,,,,
2025/03/04,10:57,ryo4ryo4n66,s,s,,,,18:09,theoj246,f,f,1:18:00,,,
2025/03/04,12:20,theoj246,s,s,,,,18:56,theoj246,s,s,,,,
2025/03/04,12:47,ryo4ryo4n66,f,f,,,,20:42,theoj246,f,f,1:46:00,,,
2025/03/04,14:18,ryo4ryo4n66,s,s,,,,15:15,theoj246,s,s,,,,
2025/03/04,14:27,theoj246,f,f,,,,18:49,theoj246,f,f,3:34:00,,,
2025/03/04,18:20,ryo4ryo4n66,f,f,,,,20:21,theoj246,s,s,,,,
2025/03/04,18:31,theoj246,s,s,,,,22:11,theoj246,f,f,1:50:00,,,
2025/03/04,19:12,ryo4ryo4n66,s,s,,,,16:58,theoj246,s,s,,,,
2025/03/04,19:15,theoj246,f,f,,,,18:50,theoj246,f,f,1:52:00,,,
2025/03/04,19:28,theoj246,s,s,,,,21:59,theoj246,s,s,,,,
2025/03/04,21:06,ryo4ryo4n66,f,f,,,,0:07,theoj246,f,f,2:00:00,,,
2025/03/04,21:07,theoj246,f,f,,,,9:58,theoj246,s,s,,,,
2025/03/05,11:15,ryo4ryo4n66,s,s,,,10:30,12:50,theoj246,s,s,0:32:00,,,
2025/03/05,11:58,ryo4ryo4n66,f,f,,,,12:50,theoj246,f,f 10:30,,,,
2025/03/05,12:31,ryo4ryo4n66,s,s,,,,17:58,theoj246,f,f,,,,
2025/03/05,13:53,ryo4ryo4n66,f,f,,,,19:05,theoj246,f,f,6:15:00,,,
2025/03/05,14:29,ryo4ryo4n66,s,s,,,,19:06,theoj246,s,s,,,,
2025/03/05,15:43,ryo4ryo4n66,f,f,,,,22:06,theoj246,s,s,,,,
2025/03/05,17:05,ryo4ryo4n66,s,s,,,20:00,22:06,theoj246,f,f 20:00,0:54:00,,,
2025/03/05,17:06,theoj246,s,s,,,,1:09,theoj246,f,f,3:00:00,,,
2025/03/05,18:35,theoj246,f,f,,,,9:47,theoj246,s,s,,,,
2025/03/05,18:50,ryo4ryo4n66,f,f,,,,11:37,theoj246,f,f,1:50:00,,,
2025/03/06,7:29,kimoppy126,s,s,,,,13:00,theoj246,s,s,,,,
2025/03/06,9:25,kimoppy126,f,f,,,,14:14,theoj246,f,f,1:14:00,,,
2025/03/06,12:36,ryo4ryo4n66,s,s,,,,14:39,theoj246,s,s,,,,
2025/03/06,16:02,ryo4ryo4n66,f,f,,,,19:41,theoj246,f,f,5:02:00,,,
2025/03/06,16:18,kimoppy126,s,s,,,,22:43,theoj246,s,s,,,,
2025/03/06,16:31,ryo4ryo4n66,s,s,,,,0:07,theoj246,f,f,1:30:00,,,
2025/03/06,16:51,theoj246,f,f,,,,12:22,theoj246,s,s,,,,
2025/03/06,16:51,theoj246,s,s,,,,15:59,theoj246,f,f,3:37:00,,,
2025/03/06,17:26,ryo4ryo4n66,f,f,,,,17:01,theoj246,s,s,,,,
2025/03/06,18:09,theoj246,f,f,,,,19:51,theoj246,f,f,2:50:00,,,
2025/03/06,18:37,ryo4ryo4n66,s,s,,,,19:55,theoj246,s,s,,,,
2025/03/06,18:56,theoj246,s,s,,,,21:06,theoj246,f,f,1:11:00,,,
2025/03/06,19:06,ryo4ryo4n66,f,f,,,,12:10,theoj246,s,s,,,,
2025/03/06,20:07,kimoppy126,f,f,,,,15:58,theoj246,f,f,3:48:00,,,
2025/03/06,20:42,theoj246,f,f,,,,16:27,theoj246,s,s,,,,
2025/03/07,15:15,theoj246,s,s,,,,17:24,theoj246,f,f,0:57:00,,,
2025/03/07,18:49,theoj246,f,f,,,,10:33,theoj246,s,s,,,,
2025/03/07,20:21,theoj246,s,s,,,,11:13,theoj246,f,f,0:40:00,,,
2025/03/07,22:11,theoj246,f,f,,,,11:39,theoj246,s,s,,,,
2025/03/09,8:38,kimoppy126,s,s,,,,13:03,theoj246,f,f,1:24:00,,,
2025/03/09,16:47,kimoppy126,f,f,,,,14:02,theoj246,s,s,,,,
2025/03/09,16:58,theoj246,s,s,,,,17:07,theoj246,f,f,3:05:00,,,
2025/03/09,18:50,theoj246,f,f,,,,17:37,theoj246,s,s,,,,
2025/03/09,21:59,theoj246,s,s,,,,19:28,theoj246,f,f,1:51:00,,,
2025/03/09,22:32,ryo4ryo4n66,s,s,,,,13:41,theoj246,s,s,,,,
2025/03/10,0:07,theoj246,f,f,,,15:20,19:22,theoj246,f,f 15:20,1:39:00,,,
2025/03/10,0:26,ryo4ryo4n66,f,f,,,,19:22,theoj246,s,s,,,,
2025/03/10,9:58,theoj246,s,s,,,,22:49,theoj246,f,f,3:27:00,,,
2025/03/10,11:01,ryo4ryo4n66,s,s,,,,10:22,theoj246,s,s,,,,
2025/03/10,12:02,ryo4ryo4n66,f,f,,,,10:58,theoj246,f,f,0:36:00,,,
2025/03/10,12:50,theoj246,s,s,,,,13:41,theoj246,s,s,,,,
2025/03/10,12:50,theoj246,f,f 10:30,,,18:00,19:18,theoj246,f,f 18:00,4:19:00,,,
2025/03/10,13:58,ryo4ryo4n66,s,s,,,,19:18,theoj246,s,s,,,,
2025/03/10,17:58,theoj246,f,f,,,20:20,0:25,theoj246,f,f 20:20,1:02:00,,,
2025/03/10,19:05,theoj246,f,f,,,,1:13,theoj246,s,s,,,,
2025/03/10,19:06,theoj246,s,s,,,,1:35,theoj246,f,f,0:22:00,,,
2025/03/10,19:19,ryo4ryo4n66,f,f 17:58,,,,12:59,theoj246,s,s,,,,
2025/03/10,19:20,ryo4ryo4n66,s,s 19:06,,,,14:45,theoj246,f,f,1:46:00,,,
2025/03/10,22:06,theoj246,s,s,,,,15:08,theoj246,s,s,,,,
2025/03/10,22:06,theoj246,f,f 20:00,,,,20:49,theoj246,f,f 19:00,5:41:00,,,
2025/03/11,1:03,ryo4ryo4n66,f,f -3:35,,,1:09,22:51,theoj246,s,s,,,,
2025/03/11,1:09,theoj246,f,f,,,,5:06,theoj246,f,f,6:15:00,,,
2025/03/11,9:47,theoj246,s,s,,,,10:29,theoj246,s,s,,,,
2025/03/11,11:37,theoj246,f,f,,,,13:01,theoj246,f,f,2:32:00,,,
2025/03/11,13:00,theoj246,s,s,,,,14:10,theoj246,s,s,,,,
2025/03/11,14:14,theoj246,f,f,,,,16:50,theoj246,f,f,2:40:00,,,
2025/03/11,14:15,ryo4ryo4n66,f,f 14:00,,,,13:54,theoj246,s,s,,,,
2025/03/11,14:39,theoj246,s,s,,,,17:55,theoj246,f,f,4:01:00,,,
2025/03/11,15:16,ryo4ryo4n66,s,s,,,,18:25,theoj246,s,s,,,,
2025/03/11,19:01,ryo4ryo4n66,f,f,,,,19:11,theoj246,f,f,0:46:00,,,
2025/03/11,19:41,theoj246,f,f,,,2:43,21:17,theoj246,s,s,,,,
2025/03/11,22:43,theoj246,s,s,,,,0:11,theoj246,f,f,2:54:00,,,
2025/03/12,0:07,theoj246,f,f,,,,10:35,theoj246,s,s,,,,
2025/03/12,12:22,theoj246,s,s,,,,11:02,theoj246,f,f,0:27:00,,,
2025/03/12,15:59,theoj246,f,f,,,,12:37,theoj246,s,s 12:00,,,,
2025/03/12,17:01,theoj246,s,s,,,,12:37,theoj246,f,f 12:30,0:30:00,,,
2025/03/12,19:51,theoj246,f,f,,,,13:02,theoj246,s,s,,,,
2025/03/12,19:55,theoj246,s,s,,,,14:44,theoj246,f,f,1:42:00,,,
2025/03/12,21:06,theoj246,f,f,,,,15:23,theoj246,s,s,,,,
2025/03/12,21:08,ryo4ryo4n66,s,s 19:55,,,,19:05,theoj246,f,f,3:42:00,,,
2025/03/12,21:09,ryo4ryo4n66,f,f 21:06,,,,20:02,theoj246,s,s,,,,
2025/03/13,10:56,ryo4ryo4n66,s,s,,,,22:08,theoj246,f,f,2:06:00,,,
2025/03/13,12:10,theoj246,s,s,,,,10:29,theoj246,s,s,,,,
2025/03/13,13:48,ryo4ryo4n66,f,f,,,,11:24,theoj246,f,f,0:55:00,,,
2025/03/13,14:28,ryo4ryo4n66,s,s,,,,11:49,theoj246,s,s,,,,
2025/03/13,15:58,theoj246,f,f,,,,13:43,theoj246,f,f,1:54:00,,,
2025/03/13,16:27,theoj246,s,s,,,,14:15,theoj246,s,s,,,,
2025/03/13,17:24,theoj246,f,f,,,,20:09,theoj246,f,f,5:54:00,,,
2025/03/13,18:08,ryo4ryo4n66,f,f,,,,22:36,theoj246,s,s,,,,
2025/03/14,10:33,theoj246,s,s,,,,23:02,theoj246,f,f,0:26:00,,,
2025/03/14,11:13,theoj246,f,f,,,,0:11,theoj246,s,s,,,,
2025/03/14,11:39,theoj246,s,s,,,,1:07,theoj246,f,f,0:56:00,,,
2025/03/14,13:03,theoj246,f,f,,,,12:20,theoj246,s,s,,,,
2025/03/14,13:42,ryo4ryo4n66,s,s,,,,17:52,theoj246,f,f,5:32:00,,,
2025/03/14,14:02,theoj246,s,s,,,,10:12,theoj246,s,s,,,,
2025/03/14,17:07,theoj246,f,f,,,,11:47,theoj246,f,f,1:35:00,,,
2025/03/14,17:37,theoj246,s,s,,,,12:37,theoj246,s,s,,,,
2025/03/14,19:26,ryo4ryo4n66,f,f,,,,14:37,theoj246,f,f,2:00:00,,,
2025/03/14,19:28,theoj246,f,f,,,,15:04,theoj246,s,s,,,,
2025/03/16,13:41,theoj246,s,s,,,,15:28,theoj246,f,f,0:24:00,,,
2025/03/16,19:22,theoj246,f,f 15:20,,,,16:38,theoj246,s,s,,,,
2025/03/16,19:22,theoj246,s,s,,,,20:30,theoj246,f,f,3:52:00,,,
2025/03/16,22:49,theoj246,f,f,,,1:07,22:53,theoj246,s,s,,,,
2025/03/17,10:22,theoj246,s,s,,,,0:42,theoj246,f,f,1:49:00,,,
2025/03/17,10:58,theoj246,f,f,,,,11:03,theoj246,s,s,,,,
2025/03/17,13:41,theoj246,s,s,,,,12:31,theoj246,s,s,,,,
2025/03/17,18:02,ryo4ryo4n66,s,s,,,,16:52,theoj246,f,f,4:21:00,,,
2025/03/17,18:08,ryo4ryo4n66,f,f,,,,14:11,theoj246,s,s,,,,
2025/03/17,19:18,ryo4ryo4n66,s,s,,,,15:04,theoj246,f,f,0:53:00,,,
2025/03/17,19:18,theoj246,f,f 18:00,,,,17:09,theoj246,s,s,,,,
2025/03/17,19:18,theoj246,s,s,,,,18:40,theoj246,f,f,1:31:00,,,
2025/03/18,0:25,theoj246,f,f 20:20,,,,19:31,theoj246,s,s,,,153:56:00,
2025/03/18,0:32,ryo4ryo4n66,f,f 20:20,,,,19:58,theoj246,f,f,0:27:00,,,
2025/03/18,0:32,ryo4ryo4n66,s,s,,,,9:12,theoj246,s,s,,,,
2025/03/18,1:13,theoj246,s,s,,,11:35,11:46,theoj246,f,f 11:35,2:23:00,,,
2025/03/18,1:35,theoj246,f,f,,,,11:57,theoj246,s,s,,,,
2025/03/18,1:50,ryo4ryo4n66,f,f,,,13:30,14:02,theoj246,f,f 13:30,1:33:00,,,
2025/03/18,10:10,ryo4ryo4n66,s,s,,,,14:02,theoj246,s,s,,,,
2025/03/18,12:32,ryo4ryo4n66,f,f,,,,19:17,theoj246,f,f,5:15:00,,,
2025/03/18,13:46,ryo4ryo4n66,s,s,,,,,,,,,,,
2025/03/18,18:21,ryo4ryo4n66,f,f,,,,,,,,,,,
2025/03/18,19:14,ryo4ryo4n66,s,s,,,,,,,,,,,
2025/03/18,20:16,ryo4ryo4n66,f,f,,,,,,,,,,,
2025/03/18,21:05,ryo4ryo4n66,s,s,,,,,,,,,,,
2025/03/19,12:26,ryo4ryo4n66,s,"s
9:45",,,,,,,,,,,
2025/03/19,12:26,ryo4ryo4n66,f,f12:20,,,,,,,,,,,
2025/03/20,17:31,ryo4ryo4n66,s,s,,,,,,,,,,,
2025/03/20,20:50,ryo4ryo4n66,f,f 19:30,,,,,,,,,,,
2025/03/21,11:41,ryo4ryo4n66,s,s,,,,,,,,,,,
2025/03/21,12:59,ryo4ryo4n66,f,f,,,,,,,,,,,
2025/03/21,12:59,theoj246,s,s,,,,,,,,,,,
2025/03/21,14:11,ryo4ryo4n66,s,s,,,,,,,,,,,
2025/03/21,14:45,theoj246,f,f,,,,,,,,,,,
2025/03/21,15:08,theoj246,s,s,,,,,,,,,,,
2025/03/21,20:49,theoj246,f,f 19:00,,,,,,,,,,,
2025/03/21,21:22,ryo4ryo4n66,f,f 休憩 90,,,,,,,,,,,
2025/03/21,22:51,theoj246,s,s,,,,,,,,,,,
2025/03/22,1:18,ryo4ryo4n66,s,s,,,,,,,,,,,
2025/03/22,2:09,ryo4ryo4n66,f,f,,,,,,,,,,,
2025/03/22,5:06,theoj246,f,f,,,,,,,,,,,
2025/03/22,10:29,theoj246,s,s,,,,,,,,,,,
2025/03/22,13:01,theoj246,f,f,,,,,,,,,,,
2025/03/22,14:10,theoj246,s,s,,,,,,,,,,,
2025/03/22,16:50,theoj246,f,f,,,,,,,,,,,
2025/03/23,13:54,theoj246,s,s,,,,,,,,,,,
2025/03/23,15:18,ryo4ryo4n66,s,s,,,,,,,,,,,
2025/03/23,17:54,ryo4ryo4n66,f,f,,,,,,,,,,,
2025/03/23,17:55,theoj246,f,f,,,,,,,,,,,
2025/03/23,18:25,theoj246,s,s,,,,,,,,,,,
2025/03/23,18:26,ryo4ryo4n66,s,s,,,,,,,,,,,
2025/03/23,18:55,ryo4ryo4n66,f,f,,,,,,,,,,,
2025/03/23,19:11,theoj246,f,f,,,,,,,,,,,
2025/03/23,20:00,ryo4ryo4n66,s,s,,,,,,,,,,,
2025/03/23,20:31,ryo4ryo4n66,f,f,,,,,,,,,,,
2025/03/23,21:17,ryo4ryo4n66,s,s,,,,,,,,,,,
2025/03/23,21:17,theoj246,s,s,,,,,,,,,,,
2025/03/23,21:35,ryo4ryo4n66,f,f,,,,,,,,,,,
2025/03/24,0:11,theoj246,f,f,,,,,,,,,,,
2025/03/24,10:35,theoj246,s,s,,,,,,,,,,,
2025/03/24,11:02,theoj246,f,f,,,,,,,,,,,
2025/03/24,12:31,ryo4ryo4n66,s,s,,,,,,,,,,,
2025/03/24,12:37,theoj246,s,s 12:00,,,,,,,,,,,
2025/03/24,12:37,theoj246,f,f 12:30,,,,,,,,,,,
2025/03/24,13:02,theoj246,s,s,,,,,,,,,,,
2025/03/24,14:44,theoj246,f,f,,,,,,,,,,,
2025/03/24,15:23,theoj246,s,s,,,,,,,,,,,
2025/03/24,17:56,ryo4ryo4n66,f,f,,,,,,,,,,,
2025/03/24,18:19,ryo4ryo4n66,s,s,,,,,,,,,,,
2025/03/24,19:05,theoj246,f,f,,,,,,,,,,,
2025/03/24,19:07,ryo4ryo4n66,f,f,,,,,,,,,,,
2025/03/24,20:02,theoj246,s,s,,,,,,,,,,,
2025/03/24,22:08,theoj246,f,f,,,,,,,,,,,
2025/03/25,10:29,theoj246,s,s,,,,,,,,,,,
2025/03/25,11:24,theoj246,f,f,,,,,,,,,,,
2025/03/25,11:49,theoj246,s,s,,,,,,,,,,,
2025/03/25,13:43,theoj246,f,f,,,,,,,,,,,
2025/03/25,14:15,theoj246,s,s,,,,,,,,,,,
2025/03/25,20:09,theoj246,f,f,,,,,,,,,,,
2025/03/25,22:36,theoj246,s,s,,,,,,,,,,,
2025/03/25,23:02,theoj246,f,f,,,,,,,,,,,
2025/03/26,0:11,theoj246,s,s,,,,,,,,,,,
2025/03/26,1:07,theoj246,f,f,,,,,,,,,,,
2025/03/26,1:11,ryo4ryo4n66,s,s,,,,,,,,,,,
2025/03/26,1:59,ryo4ryo4n66,f,f ＋ 180,,,,,,,,,,,
2025/03/26,12:20,theoj246,s,s,,,,,,,,,,,
2025/03/26,12:21,ryo4ryo4n66,s,s,,,,,,,,,,,
2025/03/26,17:50,ryo4ryo4n66,f,f,,,,,,,,,,,
2025/03/26,17:50,ryo4ryo4n66,f,f,,,,,,,,,,,
2025/03/26,17:52,theoj246,f,f,,,,,,,,,,,
2025/03/27,10:12,theoj246,s,s,,,,,,,,,,,
2025/03/27,10:46,ryo4ryo4n66,s,s,,,,,,,,,,,
2025/03/27,11:09,ryo4ryo4n66,f,f,,,,,,,,,,,
2025/03/27,11:46,ryo4ryo4n66,s,s 11:24,,,,,,,,,,,
2025/03/27,11:47,theoj246,f,f,,,,,,,,,,,
2025/03/27,12:37,theoj246,s,s,,,,,,,,,,,
2025/03/27,13:00,ryo4ryo4n66,f,f,,,,,,,,,,,
2025/03/27,13:39,ryo4ryo4n66,s,s,,,,,,,,,,,
2025/03/27,14:37,theoj246,f,f,,,,,,,,,,,
2025/03/27,15:04,theoj246,s,s,,,,,,,,,,,
2025/03/27,15:28,theoj246,f,f,,,,,,,,,,,
2025/03/27,15:34,kimoppy126,s,s,,,,,,,,,,,
2025/03/27,16:38,theoj246,s,s,,,,,,,,,,,
2025/03/27,17:00,ryo4ryo4n66,f,f,,,,,,,,,,,
2025/03/27,18:37,ryo4ryo4n66,s,s,,,,,,,,,,,
2025/03/27,20:30,theoj246,f,f,,,,,,,,,,,
2025/03/27,20:44,kimoppy126,f,f,,,,,,,,,,,
2025/03/27,22:53,theoj246,s,s,,,,,,,,,,,
2025/03/28,0:42,theoj246,f,f,,,,,,,,,,,
2025/03/28,0:45,ryo4ryo4n66,s,s,,,,,,,,,,,
2025/03/28,2:41,ryo4ryo4n66,f,f,,,,,,,,,,,
2025/03/28,11:03,theoj246,s,s,,,,,,,,,,,
2025/03/28,12:17,ryo4ryo4n66,s,s,,,,,,,,,,,
2025/03/28,12:31,theoj246,s,s,,,,,,,,,,,
2025/03/28,13:25,ryo4ryo4n66,f,f,,,,,,,,,,,
2025/03/28,15:41,ryo4ryo4n66,s,s 14:05,,,,,,,,,,,
2025/03/28,16:52,theoj246,f,f,,,,,,,,,,,
2025/03/28,18:59,ryo4ryo4n66,f,f,,,,,,,,,,,
2025/03/28,20:04,kimoppy126,s,s,,,,,,,,,,,
2025/03/28,21:51,kimoppy126,f,f,,,,,,,,,,,
2025/03/29,14:11,theoj246,s,s,,,,,,,,,,,
2025/03/29,14:52,ryo4ryo4n66,s,s,,,,,,,,,,,
2025/03/29,15:04,theoj246,f,f,,,,,,,,,,,
2025/03/29,16:55,ryo4ryo4n66,f,f,,,,,,,,,,,
2025/03/29,17:09,theoj246,s,s,,,,,,,,,,,
2025/03/29,18:40,theoj246,f,f,,,,,,,,,,,
2025/03/29,19:31,theoj246,s,s,,,,,,,,,,,
2025/03/29,19:58,theoj246,f,f,,,,,,,,,,,
2025/03/31,9:12,theoj246,s,s,,,,,,,,,,,
2025/03/31,10:19,ryo4ryo4n66,s,s 10:05,,,,,,,,,,,
2025/03/31,11:46,theoj246,f,f 11:35,,,,,,,,,,,
2025/03/31,11:57,theoj246,s,s,,,,,,,,,,,
2025/03/31,14:02,theoj246,f,f 13:30,,,,,,,,,,,
2025/03/31,14:02,theoj246,s,s,,,,,,,,,,,
2025/03/31,17:25,ryo4ryo4n66,f,f,,,,,,,,,,,
2025/03/31,18:00,ryo4ryo4n66,s,s,,,,,,,,,,,
2025/03/31,19:17,theoj246,f,f,,,,,,,,,,,
2025/03/31,19:22,ryo4ryo4n66,f,f,,,,,,,,,,,
2025/03/31,23:18,ryo4ryo4n66,s,s,,,,,,,,,,,
2025/04/01,0:46,ryo4ryo4n66,f,f,,,,11:57,theoj246,s,s,,,,
2025/04/01,11:57,theoj246,s,s,,,,12:25,theoj246,f,f,0:28:00,,,
2025/04/01,12:25,theoj246,f,f,,,,16:06,theoj246,s,s,,,,
2025/04/01,15:05,ryo4ryo4n66,s,s,,,,20:11,theoj246,f,f,4:05:00,,,
2025/04/01,16:06,theoj246,s,s,,,,13:07,theoj246,s,s,,,,
2025/04/01,20:11,theoj246,f,f,,,16:30,17:18,theoj246,f,f 16:30,3:23:00,,,
2025/04/01,22:26,ryo4ryo4n66,f,f 2011,,,,17:40,theoj246,s,s,,,,
2025/04/02,13:07,theoj246,s,s,,,,20:09,theoj246,f,f,2:29:00,,,
2025/04/02,17:18,theoj246,f,f 16:30,,,,12:13,theoj246,s,s,,,,
2025/04/02,17:40,theoj246,s,s,,,,15:08,theoj246,f,f,2:55:00,,,
2025/04/02,18:22,ryo4ryo4n66,s,s,,,16:30,17:28,theoj246,s,s 16:30,,,,
2025/04/02,19:24,ryo4ryo4n66,f,f,,,,19:05,theoj246,f,f,2:35:00,,,
2025/04/02,20:09,theoj246,f,f,,,,22:33,theoj246,s,s,,,,
2025/04/02,22:11,ryo4ryo4n66,s,s,,,24:37:00,0:37,theoj246,f,f,2:04:00,,,
2025/04/03,1:16,ryo4ryo4n66,f,f,,,,13:23,theoj246,s,s,,,,
2025/04/03,12:13,theoj246,s,s,,,,17:11,theoj246,f,f,3:48:00,,,
2025/04/03,12:57,ryo4ryo4n66,s,s,,,,18:16,theoj246,s,s,,,,
2025/04/03,15:08,theoj246,f,f,,,19:00,20:22,theoj246,f,f 19:00,0:44:00,,,
2025/04/03,17:28,theoj246,s,s 16:30,,,21:00,22:22,theoj246,s,s 21:00,,,,
2025/04/03,19:05,theoj246,f,f,,,24:44:00,0:44,theoj246,f,f,3:44:00,,,
2025/04/03,22:33,theoj246,s,s,,,,13:13,theoj246,s,s,,,,
2025/04/03,23:23,ryo4ryo4n66,f,f -200,,,,14:43,theoj246,f,f,1:30:00,,,
2025/04/04,0:37,theoj246,f,f,,,,0:30,theoj246,s,s,,,,
2025/04/04,11:12,ryo4ryo4n66,s,s,,,,2:20,theoj246,f,f,1:50:00,,,
2025/04/04,11:37,kimoppy126,s,s,,,,10:06,theoj246,s,s,,,,
2025/04/04,12:54,ryo4ryo4n66,f,f,,,,10:41,theoj246,f,f,0:35:00,,,
2025/04/04,13:23,theoj246,s,s,,,,13:17,theoj246,s,s,,,,
2025/04/04,14:05,ryo4ryo4n66,s,s,,,,16:28,theoj246,f,f,3:11:00,,,
2025/04/04,16:57,ryo4ryo4n66,f,f,,,,16:49,theoj246,s,s,,,,
2025/04/04,17:11,theoj246,f,f,,,,18:47,theoj246,f,f,1:58:00,,,
2025/04/04,18:16,theoj246,s,s,,,,20:24,theoj246,s,s,,,,
2025/04/04,18:31,ryo4ryo4n66,s,s,,,,22:28,theoj246,f,f,2:04:00,,,
2025/04/04,20:22,theoj246,f,f 19:00,,,,13:24,theoj246,s,s,,,,
2025/04/04,20:31,ryo4ryo4n66,f,f19:00,,,,17:11,theoj246,f,f,3:47:00,,,
2025/04/04,22:03,kimoppy126,f,f,,,,22:23,theoj246,s,s,,,,
2025/04/04,22:22,theoj246,s,s 21:00,,,25:01:00,1:01,theoj246,f,f,2:38:00,,,
2025/04/05,0:44,theoj246,f,f,,,,12:01,theoj246,s,s,,,,
2025/04/06,13:13,theoj246,s,s,,,,12:53,theoj246,f,f,0:52:00,,,
2025/04/06,14:43,theoj246,f,f,,,,13:16,theoj246,s,s,,,,
2025/04/06,17:32,ryo4ryo4n66,s,s,,,,18:26,theoj246,f,f,5:10:00,,,
2025/04/06,17:37,ryo4ryo4n66,f,f,,,,0:14,theoj246,s,s,,,,
2025/04/07,0:30,theoj246,s,s,,,,0:39,theoj246,f,f,0:25:00,,,
2025/04/07,2:20,theoj246,f,f,,,,12:53,theoj246,s,s,,,,
2025/04/07,10:06,theoj246,s,s,,,,14:07,theoj246,f,f,1:14:00,,,
2025/04/07,10:41,theoj246,f,f,,,,15:10,theoj246,s,s,,,,
2025/04/07,12:24,ryo4ryo4n66,s,s,,,,16:18,theoj246,f,f,1:08:00,,,
2025/04/07,13:17,theoj246,s,s,,,,19:52,theoj246,s,s,,,,
2025/04/07,16:07,ryo4ryo4n66,f,f,,,20:00,20:31,theoj246,f,f 8:00,0:08:00,,,
2025/04/07,16:28,theoj246,f,f,,,,11:49,theoj246,s,s,,,,
2025/04/07,16:49,theoj246,s,s,,,,16:52,theoj246,f,f,5:03:00,,,
2025/04/07,18:47,theoj246,f,f,,,,13:02,theoj246,s,s,,,,
2025/04/07,20:24,theoj246,s,s,,,,18:43,theoj246,f,f,5:41:00,,,
2025/04/07,22:28,theoj246,f,f,,,,22:39,theoj246,s,s,,,,
2025/04/08,0:05,ryo4ryo4n66,s,s,,,24:02:00,0:02,theoj246,f,f,1:23:00,,,
2025/04/08,0:35,ryo4ryo4n66,f,f,,,,11:50,theoj246,s,s,,,,
2025/04/08,13:24,theoj246,s,s,,,,15:01,theoj246,f,f,3:11:00,,,
2025/04/08,13:51,ryo4ryo4n66,s,s,,,,16:44,theoj246,s,s,,,,
2025/04/08,16:43,ryo4ryo4n66,f,f,,,,17:12,theoj246,f,f,0:28:00,,,
2025/04/08,17:11,theoj246,f,f,,,,12:28,theoj246,s,s,,,,
2025/04/08,18:44,ryo4ryo4n66,s,s,,,,16:28,theoj246,f,f,4:00:00,,,
2025/04/08,20:29,ryo4ryo4n66,f,f,,,,10:29,theoj246,s,s,,,,
2025/04/08,22:23,theoj246,s,s,,,,12:48,theoj246,f,f,2:19:00,,,
2025/04/09,1:01,theoj246,f,f,,,13:30,14:14,theoj246,s,s 13:30,,,,
2025/04/09,12:01,theoj246,s,s,,,,15:55,theoj246,f,f,2:25:00,,,
2025/04/09,12:53,theoj246,f,f,,,,17:11,theoj246,s,s,,,,
2025/04/09,13:16,theoj246,s,s,,,,19:33,theoj246,f,f,2:22:00,,,
2025/04/09,15:21,ryo4ryo4n66,s,s,,,,18:17,theoj246,s,s,,,,
2025/04/09,18:26,theoj246,f,f,,,,19:30,theoj246,f,f,1:13:00,,,
2025/04/09,18:44,ryo4ryo4n66,f,f,,,,11:12,theoj246,s,s,,,,
2025/04/10,0:14,theoj246,s,s,,,,16:06,theoj246,f,f,4:54:00,,,
2025/04/10,0:39,theoj246,f,f,,,,20:12,theoj246,s,s,,,,
2025/04/10,11:17,ryo4ryo4n66,s,s,,,25:29:00,1:29,theoj246,f,f,5:17:00,,,
2025/04/10,12:10,ryo4ryo4n66,f,f,,,,11:39,theoj246,s,s,,,,
2025/04/10,12:53,theoj246,s,s,,,14:50,15:01,theoj246,f,f 14:50,3:11:00,,,
2025/04/10,13:20,ryo4ryo4n66,s,s,,,,15:10,theoj246,s,s,,,,
2025/04/10,14:07,theoj246,f,f,,,,17:04,theoj246,f,f,1:54:00,,,
2025/04/10,15:10,theoj246,s,s,,,,18:49,theoj246,s,s,,,,
2025/04/10,16:18,theoj246,f,f,,,24:45:00,0:45,theoj246,f,f,5:56:00,,,
2025/04/10,17:07,ryo4ryo4n66,f,f,,,,12:08,theoj246,s,s,,,,
2025/04/10,17:13,ryo4ryo4n66,s,s,,,,15:19,theoj246,f,f,3:11:00,,,
2025/04/10,17:37,ryo4ryo4n66,f,f,,,,15:37,theoj246,s,s,,,,
2025/04/10,19:52,theoj246,s,s,,,25:33:00,1:33,theoj246,f,f,9:56:00,,,
2025/04/10,20:31,theoj246,f,f 8:00,,,,9:52,theoj246,s,s,,,,
2025/04/11,14:29,ryo4ryo4n66,s,s,,,,16:57,theoj246,f,f,7:05:00,,,
2025/04/11,16:04,ryo4ryo4n66,f,f,,,,11:37,theoj246,s,s,,,,
2025/04/11,16:19,yuta.takasu,s,s,,,12:30,12:59,theoj246,f,f 12:30,0:53:00,,,
2025/04/11,16:19,ryo4ryo4n66,s,s,,,,13:34,theoj246,s,s,,,,
2025/04/11,17:57,ryo4ryo4n66,f,f,,,,16:25,theoj246,f,f,2:51:00,,,
2025/04/11,18:23,ryo4ryo4n66,s,s 18:15,,,19:00,21:49,theoj246,s,s 19:00,,,,
2025/04/11,21:13,ryo4ryo4n66,f,f19:00,,,24:00:00,0:19,theoj246,f,f,5:19:00,,,
2025/04/13,13:20,kimoppy126,s,s,,,,16:02,theoj246,s,s,,,,
2025/04/14,1:31,kimoppy126,f,f,,,,18:46,theoj246,f,f,2:44:00,,,
2025/04/14,11:49,theoj246,s,s,,,,12:01,theoj246,s,s,,,,
2025/04/14,13:43,ryo4ryo4n66,s,s,,,,13:11,theoj246,f,f,1:10:00,,,
2025/04/14,15:02,ryo4ryo4n66,f,f,,,,14:02,theoj246,s,s,,,,
2025/04/14,16:52,theoj246,f,f,,,,14:31,theoj246,f,f,0:29:00,,,
2025/04/15,12:06,ryo4ryo4n66,s,s,,,,10:47,theoj246,s,s,,,,
2025/04/15,13:02,theoj246,s,s,,,,19:21,theoj246,f,f 15:00,,,,
2025/04/15,16:43,ryo4ryo4n66,f,f,,,,19:50,theoj246,s,s,,135:40:00,,
2025/04/15,18:39,ryo4ryo4n66,s,s,,,,21:18,theoj246,f,f,,,,
2025/04/15,18:43,theoj246,f,f,,,,0:14,theoj246,s,s,,,,
2025/04/15,19:31,ryo4ryo4n66,f,f,,,,2:13,theoj246,f,f,,,,
2025/04/15,22:39,theoj246,s,s,,,,12:42,theoj246,s,s,,,,
2025/04/16,0:02,theoj246,f,f,,,,18:29,theoj246,f,f,,,,
2025/04/16,11:50,theoj246,s,s,,,,22:53,theoj246,s,s,,,,
2025/04/16,13:31,ryo4ryo4n66,s,s,,,,23:50,theoj246,f,f,,,,
2025/04/16,14:29,ryo4ryo4n66,f,f,,,,11:28,theoj246,s,s,,,,
2025/04/16,15:01,theoj246,f,f,,,,16:11,theoj246,f,f,,,,
2025/04/16,16:44,theoj246,s,s,,,,19:54,theoj246,s,s,,,,
2025/04/16,17:12,theoj246,f,f,,,,21:38,theoj246,f,f,,,,
2025/04/17,12:03,ryo4ryo4n66,s,s,,,,23:51,theoj246,s,s,,,,
2025/04/17,12:28,theoj246,s,s,,,,10:59,theoj246,s,s,,,,
2025/04/17,16:28,theoj246,f,f,,,,16:02,theoj246,f,f,,,,
2025/04/17,17:21,ryo4ryo4n66,f,f,,,,21:06,theoj246,s,s,,,,
2025/04/17,19:08,ryo4ryo4n66,s,s 17:45,,,,1:37,theoj246,f,f,,,,
2025/04/17,20:08,ryo4ryo4n66,f,f,,,,15:27,theoj246,s,s,,,,
2025/04/18,10:29,theoj246,s,s,,,,23:10,theoj246,f,f,,,,
2025/04/18,10:33,ryo4ryo4n66,s,s,,,,12:08,theoj246,s,s,,,,
2025/04/18,12:42,ryo4ryo4n66,f,f,,,,14:23,theoj246,f,f,,,,
2025/04/18,12:48,theoj246,f,f,,,,21:56,theoj246,s,s,,,,
2025/04/18,13:45,ryo4ryo4n66,s,s,,,,0:54,theoj246,f,f,,,,
2025/04/18,14:14,theoj246,s,s 13:30,,,,10:16,theoj246,s,s,,,,
2025/04/18,14:59,ryo4ryo4n66,f,f,,,,17:00,theoj246,f,f 16:00,,,,
2025/04/18,15:55,theoj246,f,f,,,,22:06,theoj246,s,s,,,,
2025/04/18,17:11,theoj246,s,s,,,,0:38,theoj246,f,f,,,,
2025/04/18,17:44,ryo4ryo4n66,s,s,,,,16:33,theoj246,s,s,,,,
2025/04/18,19:33,theoj246,f,f,,,,18:49,theoj246,f,f,,,,
2025/04/18,20:01,ryo4ryo4n66,f,f 19:30,,,,14:39,theoj246,s,s 12:00,,,,
2025/04/19,10:51,kimoppy126,s,s,,,,,,,,,,,
2025/04/19,18:17,theoj246,s,s,,,,,,,,,,,
2025/04/19,19:30,theoj246,f,f,,,,,,,,,,,
2025/04/20,4:05,kimoppy126,f,f,,,,,,,,,,,
2025/04/20,10:24,kimoppy126,s,s,,,,,,,,,,,
2025/04/20,11:12,theoj246,s,s,,,,,,,,,,,
2025/04/20,16:06,theoj246,f,f,,,,,,,,,,,
2025/04/20,16:50,ryo4ryo4n66,s,s,,,,,,,,,,,
2025/04/20,18:46,kimoppy126,f,f 15:00,,,,,,,,,,,
2025/04/20,19:06,ryo4ryo4n66,f,f,,,,,,,,,,,
2025/04/20,20:12,theoj246,s,s,,,,,,,,,,,
2025/04/21,1:29,theoj246,f,f,,,,,,,,,,,
2025/04/21,11:39,theoj246,s,s,,,,,,,,,,,
2025/04/21,13:40,ryo4ryo4n66,s,s,,,,,,,,,,,
2025/04/21,15:01,theoj246,f,f 14:50,,,,,,,,,,,
2025/04/21,15:10,theoj246,s,s,,,,,,,,,,,
2025/04/21,17:04,theoj246,f,f,,,,,,,,,,,
2025/04/21,18:10,ryo4ryo4n66,f,f,,,,,,,,,,,
2025/04/21,18:49,theoj246,s,s,,,,,,,,,,,
2025/04/22,0:31,ryo4ryo4n66,s,s,,,,,,,,,,,
2025/04/22,0:45,theoj246,f,f,,,,,,,,,,,
2025/04/22,1:04,ryo4ryo4n66,f,f,,,,,,,,,,,
2025/04/22,12:08,theoj246,s,s,,,,,,,,,,,
2025/04/22,12:55,ryo4ryo4n66,s,s,,,,,,,,,,,
2025/04/22,15:19,theoj246,f,f,,,,,,,,,,,
2025/04/22,15:37,theoj246,s,s,,,,,,,,,,,
2025/04/22,17:01,ryo4ryo4n66,f,f,,,,,,,,,,,
2025/04/22,19:43,ryo4ryo4n66,s,s,,,,,,,,,,,
2025/04/22,19:43,ryo4ryo4n66,f,f 80,,,,,,,,,,,
2025/04/22,23:57,ryo4ryo4n66,s,s,,,,,,,,,,,
2025/04/23,0:49,ryo4ryo4n66,f,f,,,,,,,,,,,
2025/04/23,1:33,theoj246,f,f,,,,,,,,,,,
2025/04/23,9:52,theoj246,s,s,,,,,,,,,,,
2025/04/23,13:24,ryo4ryo4n66,s,s,,,,,,,,,,,
2025/04/23,16:40,ryo4ryo4n66,f,f,,,,,,,,,,,
2025/04/23,16:57,theoj246,f,f,,,,,,,,,,,
2025/04/23,17:10,ryo4ryo4n66,s,s,,,,,,,,,,,
2025/04/23,19:21,ryo4ryo4n66,f,f,,,,,,,,,,,
2025/04/24,11:37,theoj246,s,s,,,,,,,,,,,
2025/04/24,12:52,ryo4ryo4n66,s,s,,,,,,,,,,,
2025/04/24,12:52,ryo4ryo4n66,f,f 82,,,,,,,,,,,
2025/04/24,12:59,theoj246,f,f 12:30,,,,,,,,,,,
2025/04/24,13:34,theoj246,s,s,,,,,,,,,,,
2025/04/24,16:25,theoj246,f,f,,,,,,,,,,,
2025/04/24,16:41,ryo4ryo4n66,s,s 40,,,,,,,,,,,
2025/04/24,18:43,ryo4ryo4n66,f,f,,,,,,,,,,,
2025/04/24,21:49,theoj246,s,s 19:00,,,,,,,,,,,
2025/04/25,0:19,theoj246,f,f,,,,,,,,,,,
2025/04/25,13:40,ryo4ryo4n66,s,s,,,,,,,,,,,
2025/04/25,14:53,ryo4ryo4n66,f,f,,,,,,,,,,,
2025/04/25,16:02,theoj246,s,s,,,,,,,,,,,
2025/04/25,17:08,ryo4ryo4n66,s,s,,,,,,,,,,,
2025/04/25,18:46,theoj246,f,f,,,,,,,,,,,
2025/04/25,22:57,ryo4ryo4n66,f,f 18:45,,,,,,,,,,,
2025/04/26,10:59,kimoppy126,s,s,,,,,,,,,,,
2025/04/26,20:48,kimoppy126,f,f,,,,,,,,,,,
2025/04/28,12:01,theoj246,s,s,,,,,,,,,,,
2025/04/28,13:00,ryo4ryo4n66,s,s,,,,,,,,,,,
2025/04/28,13:11,theoj246,f,f,,,,,,,,,,,
2025/04/28,14:02,theoj246,s,s,,,,,,,,,,,
2025/04/28,14:31,theoj246,f,f,,,,,,,,,,,
2025/04/28,14:56,ryo4ryo4n66,f,f,,,,,,,,,,,
2025/04/29,10:47,theoj246,s,s,,,,,,,,,,,
2025/04/29,19:21,theoj246,f,f 15:00,,,,,,,,,,,
2025/04/29,19:50,theoj246,s,s,,,,,,,,,,,
2025/04/29,21:18,theoj246,f,f,,,,,,,,,,,
2025/04/30,0:14,theoj246,s,s,,,,,,,,,,,
2025/04/30,2:13,theoj246,f,f,,,,,,,,,,,
2025/04/30,12:42,theoj246,s,s,,,,,,,,,,,
2025/04/30,13:45,ryo4ryo4n66,s,s,,,,,,,,,,,
2025/04/30,14:38,ryo4ryo4n66,f,f,,,,,,,,,,,
2025/04/30,17:01,ryo4ryo4n66,s,s,,,,,,,,,,,
2025/04/30,18:29,theoj246,f,f,,,,,,,,,,,
2025/04/30,20:32,ryo4ryo4n66,f,f -60,,,,,,,,,,,
2025/04/30,22:53,theoj246,s,s,,,,,,,,,,,
2025/04/30,23:50,theoj246,f,f,,,,,,,,,,,
2025/05/01,11:28,theoj246,s,s,,,,,,,,,,,
2025/05/01,12:39,ryo4ryo4n66,s,s,,,,,,,,,,,
2025/05/01,16:11,theoj246,f,f,,,,,,,,,,,
2025/05/01,16:56,ryo4ryo4n66,f,f,,,,,,,,,,,
2025/05/01,19:54,theoj246,s,s,,,,,,,,,,,
2025/05/01,21:38,theoj246,f,f,,,,,,,,,,,
2025/05/01,23:51,theoj246,s,s,,,,,,,,,,,
2025/05/02,10:26,ryo4ryo4n66,s,s,,,,,,,,,,,
2025/05/02,10:59,theoj246,s,s,,,,,,,,,,,
2025/05/02,12:41,ryo4ryo4n66,s,s,,,,,,,,,,,
2025/05/02,12:41,ryo4ryo4n66,f,f,,,,,,,,,,,
2025/05/02,12:41,ryo4ryo4n66,s,s -30,,,,,,,,,,,
2025/05/02,14:38,ryo4ryo4n66,f,f,,,,,,,,,,,
2025/05/02,16:02,theoj246,f,f,,,,,,,,,,,
2025/05/02,17:29,ryo4ryo4n66,s,s,,,,,,,,,,,
2025/05/02,18:54,ryo4ryo4n66,f,f,,,,,,,,,,,
2025/05/02,21:06,theoj246,s,s,,,,,,,,,,,
2025/05/03,1:37,theoj246,f,f,,,,,,,,,,,
2025/05/03,15:27,theoj246,s,s,,,,,,,,,,,
2025/05/03,23:10,theoj246,f,f,,,,,,,,,,,
2025/05/05,17:43,kimoppy126,s,s,,,,,,,,,,,
2025/05/05,21:06,kimoppy126,f,f,,,,,,,,,,,
2025/05/07,12:08,theoj246,s,s,,,,,,,,,,,
2025/05/07,12:42,ryo4ryo4n66,s,s,,,,,,,,,,,
2025/05/07,14:23,theoj246,f,f,,,,,,,,,,,
2025/05/07,18:00,ryo4ryo4n66,f,f,,,,,,,,,,,
2025/05/07,21:56,theoj246,s,s,,,,,,,,,,,
2025/05/08,0:54,theoj246,f,f,,,,,,,,,,,
2025/05/08,10:16,theoj246,s,s,,,,,,,,,,,
2025/05/08,11:12,ryo4ryo4n66,s,s,,,,,,,,,,,
2025/05/08,13:00,ryo4ryo4n66,f,f,,,,,,,,,,,
2025/05/08,13:30,ryo4ryo4n66,s,s,,,,,,,,,,,
2025/05/08,17:00,theoj246,f,f 16:00,,,,,,,,,,,
2025/05/08,17:21,ryo4ryo4n66,f,f,,,,,,,,,,,
2025/05/08,22:06,theoj246,s,s,,,,,,,,,,,
2025/05/09,0:38,theoj246,f,f,,,,,,,,,,,
2025/05/09,13:46,ryo4ryo4n66,s,s,,,,,,,,,,,
2025/05/09,14:57,ryo4ryo4n66,f,f,,,,,,,,,,,
2025/05/09,16:33,theoj246,s,s,,,,,,,,,,,
2025/05/09,17:11,ryo4ryo4n66,s,s,,,,,,,,,,,
2025/05/09,18:49,theoj246,f,f,,,,,,,,,,,
2025/05/09,18:57,ryo4ryo4n66,f,f,,,,,,,,,,,
2025/05/10,15:56,ryo4ryo4n66,s,s,,,,,,,,,,,
2025/05/12,13:03,ryo4ryo4n66,f,f 17:15,,,,,,,,,,,
2025/05/12,13:03,ryo4ryo4n66,s,s,,,,,,,,,,,
2025/05/12,14:39,theoj246,s,s 12:00,,,,,,,,,,,
2025/05/12,15:04,ryo4ryo4n66,f,f,,,,,,,,,,,
2025/05/12,16:32,theoj246,f,f,,,,,,,,,,,
2025/05/12,18:47,theoj246,s,s,,,,,,,,,,,
2025/05/12,21:29,theoj246,f,f,,,,,,,,,,,
2025/05/13,12:20,ryo4ryo4n66,s,s,,,,,,,,,,,
2025/05/13,12:57,theoj246,s,s,,,,,,,,,,,
2025/05/13,14:06,theoj246,f,f 13:30,,,,,,,,,,,
2025/05/13,14:24,theoj246,s,s,,,,,,,,,,,
2025/05/13,16:50,ryo4ryo4n66,f,f,,,,,,,,,,,
2025/05/13,19:17,theoj246,f,f,,,,,,,,,,,
2025/05/14,1:57,ryo4ryo4n66,s,s,,,,,,,,,,,
2025/05/14,1:58,ryo4ryo4n66,f,f60,,,,,,,,,,,
2025/05/14,16:24,ryo4ryo4n66,s,s,,,,,,,,,,,
2025/05/14,18:15,ryo4ryo4n66,f,f,,,,,,,,,,,
2025/05/14,18:41,theoj246,s,s,,,,,,,,,,,
2025/05/14,19:19,ryo4ryo4n66,s,s,,,,,,,,,,,
2025/05/14,21:25,ryo4ryo4n66,f,f -60,,,,,,,,,,,
2025/05/14,23:13,theoj246,f,f,,,,,,,,,,,
2025/05/15,11:22,ryo4ryo4n66,s,s,,,,,,,,,,,
2025/05/15,12:21,ryo4ryo4n66,f,f,,,,,,,,,,,
2025/05/15,12:55,ryo4ryo4n66,s,s,,,,,,,,,,,
2025/05/15,13:10,theoj246,s,s,,,,,,,,,,,
2025/05/15,16:37,theoj246,f,f 16:30,,,,,,,,,,,
2025/05/15,18:08,ryo4ryo4n66,f,f 18:00,,,,,,,,,,,
2025/05/15,22:53,theoj246,s,s,,,,,,,,,,,
2025/05/16,1:11,theoj246,f,f,,,,,,,,,,,
2025/05/16,12:52,theoj246,s,s,,,,,,,,,,,
2025/05/16,14:30,ryo4ryo4n66,s,s,,,,,,,,,,,
2025/05/16,15:02,ryo4ryo4n66,f,f,,,,,,,,,,,
2025/05/16,17:25,ryo4ryo4n66,s,s,,,,,,,,,,,
2025/05/16,17:39,theoj246,f,f,,,,,,,,,,,
2025/05/16,19:00,ryo4ryo4n66,f,f,,,,,,,,,,,
2025/05/16,23:06,theoj246,s,s,,,,,,,,,,,
2025/05/17,2:51,theoj246,f,f,,,,,,,,,,,
2025/05/17,18:36,theoj246,s,s,,,,,,,,,,,
2025/05/18,0:18,theoj246,f,f,,,,,,,,,,,
2025/05/18,13:08,theoj246,s,s,,,,,,,,,,,
2025/05/18,14:24,theoj246,f,f,,,,,,,,,,,
2025/05/18,19:00,theoj246,s,s,,,,,,,,,,,
2025/05/18,21:20,theoj246,f,f,,,,,,,,,,,
2025/05/19,4:43,theoj246,s,s,,,,,,,,,,,
2025/05/19,8:22,theoj246,f,f,,,,,,,,,,,
2025/05/19,11:00,ryo4ryo4n66,s,s,,,,,,,,,,,
2025/05/19,11:10,theoj246,s,s,,,,,,,,,,,
2025/05/19,14:34,theoj246,f,f,,,,,,,,,,,
2025/05/19,15:44,ryo4ryo4n66,f,f,,,,,,,,,,,
2025/05/19,16:01,theoj246,s,s,,,,,,,,,,,
2025/05/19,16:03,ryo4ryo4n66,s,s,,,,,,,,,,,
2025/05/19,16:32,theoj246,f,f,,,,,,,,,,,
2025/05/19,19:03,ryo4ryo4n66,f,f,,,,,,,,,,,
2025/05/19,21:32,theoj246,s,s,,,,,,,,,,,
2025/05/19,22:21,kimoppy126,s,s 20:30,,,,,,,,,,,
2025/05/19,22:21,kimoppy126,f,f 21:20,,,,,,,,,,,
2025/05/19,22:24,theoj246,f,f,,,,,,,,,,,
2025/05/20,12:34,ryo4ryo4n66,s,s,,,,,,,,,,,
2025/05/20,13:44,info,f,f,,,,,,,,,,,
2025/05/20,13:44,theoj246,s,s,,,,,,,,,,,
2025/05/20,14:02,theoj246,f,f,,,,,,,,,,,
2025/05/20,14:11,theoj246,s,s,,,,,,,,,,,
2025/05/20,16:52,ryo4ryo4n66,f,f,,,,,,,,,,,
2025/05/20,18:04,theoj246,f,f,,,,,,,,,,,
2025/05/21,9:22,theoj246,s,s,,,,,,,,,,,
2025/05/21,14:07,theoj246,f,f,,,,,,,,,,,
2025/05/21,19:12,theoj246,s,s,,,,,,,,,,,
2025/05/21,22:37,theoj246,f,f,,,,,,,,,,,
2025/05/22,9:16,theoj246,s,s,,,,,,,,,,,
2025/05/22,10:45,ryo4ryo4n66,s,s,,,,,,,,,,,
2025/05/22,12:04,ryo4ryo4n66,f,f,,,,,,,,,,,
2025/05/22,14:16,ryo4ryo4n66,s,s,,,,,,,,,,,
2025/05/22,14:41,theoj246,f,f,,,,,,,,,,,
2025/05/22,18:02,ryo4ryo4n66,f,f,,,,,,,,,,,
2025/05/23,0:40,ryo4ryo4n66,s,s,,,,,,,,,,,
2025/05/23,2:15,ryo4ryo4n66,f,f,,,,,,,,,,,
2025/05/23,9:34,theoj246,s,s,,,,,,,,,,,
2025/05/23,13:11,ryo4ryo4n66,s,s,,,,,,,,,,,
2025/05/23,13:40,theoj246,f,f,,,,,,,,,,,
2025/05/23,19:29,ryo4ryo4n66,f,f 18:10,,,,,,,,,,,
2025/05/23,19:36,theoj246,s,s 18:00,,,,,,,,,,,
2025/05/23,21:59,theoj246,f,f,,,,,,,,,,,
2025/05/24,0:09,ryo4ryo4n66,s,s,,,,,,,,,,,
2025/05/24,1:17,ryo4ryo4n66,f,f,,,,,,,,,,,
2025/05/24,8:51,theoj246,s,s,,,,,,,,,,,
2025/05/24,14:54,theoj246,f,f 12:00,,,,,,,,,,,
2025/05/24,17:02,ryo4ryo4n66,s,s,,,,,,,,,,,
2025/05/24,17:40,ryo4ryo4n66,f,f,,,,,,,,,,,
2025/05/25,15:05,kimoppy126,s,s,,,,,,,,,,,
2025/05/26,8:47,theoj246,s,s,,,,,,,,,,,
2025/05/26,11:44,ryo4ryo4n66,s,s,,,,,,,,,,,
2025/05/26,12:19,theoj246,f,f 12:00,,,,,,,,,,,
2025/05/26,13:37,ryo4ryo4n66,f,f,,,,,,,,,,,
2025/05/26,14:00,ryo4ryo4n66,s,s,,,,,,,,,,,
2025/05/26,14:33,theoj246,s,s,,,,,,,,,,,
2025/05/26,15:01,ryo4ryo4n66,f,f,,,,,,,,,,,
2025/05/26,16:24,theoj246,f,f,,,,,,,,,,,
2025/05/26,19:43,theoj246,s,s,,,,,,,,,,,
2025/05/26,23:34,theoj246,f,f,,,,,,,,,,,
2025/05/27,1:36,ryo4ryo4n66,s,s,,,,,,,,,,,
2025/05/27,3:04,ryo4ryo4n66,f,f,,,,,,,,,,,
2025/05/27,14:00,theoj246,s,s 13:00,,,,,,,,,,,
2025/05/27,15:11,ryo4ryo4n66,s,s,,,,,,,,,,,
2025/05/27,16:47,theoj246,f,f,,,,,,,,,,,
2025/05/27,18:37,ryo4ryo4n66,f,f,,,,,,,,,,,
2025/05/27,19:51,theoj246,s,s,,,,,,,,,,,
2025/05/27,20:44,theoj246,f,f,,,,,,,,,,,
2025/05/27,22:39,theoj246,s,s,,,,,,,,,,,
2025/05/28,0:03,kimoppy126,f,f 5/25 19:00,,,,,,,,,,,
2025/05/28,0:43,theoj246,f,f,,,,,,,,,,,
2025/05/28,9:56,theoj246,s,s,,,,,,,,,,,
2025/05/28,12:38,theoj246,f,f,,,,,,,,,,,
2025/05/28,13:35,theoj246,s,s,,,,,,,,,,,
2025/05/28,14:27,theoj246,f,f,,,,,,,,,,,
2025/05/28,17:01,ryo4ryo4n66,s,s,,,,,,,,,,,
2025/05/28,19:47,ryo4ryo4n66,f,f,,,,,,,,,,,
2025/05/28,22:26,theoj246,s,s,,,,,,,,,,,
2025/05/28,23:24,theoj246,f,f,,,,,,,,,,,
2025/05/29,0:41,theoj246,s,s,,,,,,,,,,,
2025/05/29,2:22,theoj246,f,f,,,,,,,,,,,
2025/05/29,12:05,theoj246,s,s,,,,,,,,,,,
2025/05/29,12:21,ryo4ryo4n66,s,s,,,,,,,,,,,
2025/05/29,17:53,theoj246,f,f 17:30,,,,,,,,,,,
2025/05/29,17:58,ryo4ryo4n66,f,f,,,,,,,,,,,
2025/05/30,12:34,ryo4ryo4n66,s,s,,,,,,,,,,,
2025/05/30,14:02,theoj246,s,s 13:30,,,,,,,,,,,
2025/05/30,15:09,ryo4ryo4n66,f,f,,,,,,,,,,,
2025/05/30,16:45,hinako.tsutsumi2525,s,s,,,,,,,,,,,
2025/05/30,16:46,hinako.tsutsumi2525,f,f,,,,,,,,,,,
2025/05/30,17:14,ryo4ryo4n66,s,s,,,,,,,,,,,
2025/05/30,17:34,ujwal.kumar252725,s,s 17:30,,,,,,,,,,,
2025/05/30,19:11,ujwal.kumar252725,f,f,,,,,,,,,,,
2025/05/30,19:14,ryo4ryo4n66,f,f,,,,,,,,,,,
2025/05/30,19:23,theoj246,f,f 19:00,,,,,,,,,,,
2025/05/30,22:41,ryo4ryo4n66,s,s,,,,,,,,,,,
2025/05/31,0:58,ryo4ryo4n66,f,f,,,,,,,,,,,
2025/05/31,10:49,ujwal.kumar252725,s,s,,,,,,,,,,,
2025/05/31,13:06,ujwal.kumar252725,f,f,,,,,,,,,,,
2025/06/01,16:31,ryo4ryo4n66,s,s,,,,,,,,,,,
2025/06/01,18:16,ryo4ryo4n66,f,f,,,,,,,,,,,
2025/06/02,0:08,ryo4ryo4n66,s,s,,,,,,,,,,,
2025/06/02,2:12,ryo4ryo4n66,f,f,,,,,,,,,,,
2025/06/02,11:18,ryo4ryo4n66,s,s,,,,,,,,,,,
2025/06/02,13:04,ryo4ryo4n66,f,f,,,,,,,,,,,
2025/06/02,14:54,ryo4ryo4n66,s,s,,,,,,,,,,,
2025/06/02,15:39,ryo4ryo4n66,f,f,,,,,,,,,,,
2025/06/02,19:16,ryo4ryo4n66,s,s,,,,,,,,,,,
2025/06/02,19:53,ryo4ryo4n66,f,f,,,,,,,,,,,
2025/06/02,23:01,ujwal.kumar252725,s,s 20:02,,,,,,,,,,,
2025/06/02,23:01,ujwal.kumar252725,f,f 20:53,,,,,,,,,,,
2025/06/03,14:25,ryo4ryo4n66,s,s,,,,,,,,,,,
2025/06/03,17:10,ryo4ryo4n66,f,f,,,,,,,,,,,
2025/06/03,18:50,ryo4ryo4n66,s,s,,,,,,,,,,,
2025/06/03,19:28,ryo4ryo4n66,f,f,,,,,,,,,,,
2025/06/04,12:01,ryo4ryo4n66,s,s,,,,,,,,,,,
2025/06/04,19:27,hinako.tsutsumi2525,s,s 14:00,,,,,,,,,,,
2025/06/04,19:46,ryo4ryo4n66,f,f,,,,,,,,,,,
2025/06/04,20:01,theoj246,s,s,,,,,,,,,,,
2025/06/04,20:04,hinako.tsutsumi2525,f,f,,,,,,,,,,,
2025/06/04,22:29,ujwal.kumar252725,s,s,,,,,,,,,,,
2025/06/05,1:51,hinako.tsutsumi2525,s,s,,,,,,,,,,,
2025/06/05,1:57,theoj246,f,f,,,,,,,,,,,
2025/06/05,2:28,hinako.tsutsumi2525,f,f,,,,,,,,,,,
2025/06/05,8:00,ujwal.kumar252725,f,f 23:30,,,,,,,,,,,
2025/06/05,14:08,ryo4ryo4n66,s,s,,,,,,,,,,,
2025/06/05,14:48,kimoppy126,s,s,,,,,,,,,,,
2025/06/05,16:03,ryo4ryo4n66,f,f,,,,,,,,,,,
2025/06/05,19:14,kimoppy126,f,f,,,,,,,,,,,
2025/06/06,2:15,hinako.tsutsumi2525,s,s,,,,,,,,,,,
2025/06/06,3:24,hinako.tsutsumi2525,f,f,,,,,,,,,,,
2025/06/06,10:48,theoj246,s,s,,,,,,,,,,,
2025/06/06,13:27,ryo4ryo4n66,s,s 12:10 + 105,,,,,,,,,,,
2025/06/06,15:13,ryo4ryo4n66,f,f,,,,,,,,,,,
2025/06/06,16:58,theoj246,f,f,,,,,,,,,,,
2025/06/06,18:15,ryo4ryo4n66,s,s 17:35,,,,,,,,,,,
2025/06/06,18:59,ryo4ryo4n66,f,f,,,,,,,,,,,
2025/06/07,0:22,hinako.tsutsumi2525,s,s,,,,,,,,,,,
2025/06/07,0:57,hinako.tsutsumi2525,f,f,,,,,,,,,,,
2025/06/07,1:45,hinako.tsutsumi2525,s,s,,,,,,,,,,,
2025/06/07,2:08,hinako.tsutsumi2525,f,f,,,,,,,,,,,
2025/06/07,17:41,ujwal.kumar252725,s,s 12:30,,,,,,,,,,,
2025/06/07,17:41,ujwal.kumar252725,f,f 17:40,,,,,,,,,,,
2025/06/07,17:56,ryo4ryo4n66,s,s,,,,,,,,,,,
2025/06/07,20:41,ryo4ryo4n66,f,f,,,,,,,,,,,
2025/06/07,22:24,hinako.tsutsumi2525,s,s,,,,,,,,,,,
2025/06/07,23:41,hinako.tsutsumi2525,f,f,,,,,,,,,,,
2025/06/08,13:45,ujwal.kumar252725,s,s,,,,,,,,,,,
2025/06/09,9:32,ujwal.kumar252725,f,f 17:30,,,,,,,,,,,
2025/06/09,12:35,theoj246,s,s,,,,,,,,,,,
2025/06/09,14:06,ryo4ryo4n66,s,s,,,,,,,,,,,
2025/06/09,16:27,theoj246,f,f,,,,,,,,,,,
2025/06/09,16:49,ryo4ryo4n66,f,f,,,,,,,,,,,
2025/06/09,18:02,kimoppy126,s,s,,,,,,,,,,,
2025/06/09,19:37,ryo4ryo4n66,s,s,,,,,,,,,,,
2025/06/09,20:31,kimoppy126,f,f,,,,,,,,,,,
2025/06/09,20:42,ryo4ryo4n66,f,f,,,,,,,,,,,
2025/06/09,22:25,theoj246,s,s 19:00,,,,,,,,,,,
2025/06/09,22:44,ujwal.kumar252725,s,s 20:00,,,,,,,,,,,
2025/06/09,22:56,ujwal.kumar252725,f,f,,,,,,,,,,,
2025/06/10,3:09,theoj246,f,f 2:00,,,,,,,,,,,
2025/06/10,16:48,theoj246,s,s,,,,,,,,,,,
2025/06/10,20:24,ryo4ryo4n66,s,s,,,,,,,,,,,
2025/06/10,20:30,theoj246,f,f,,,,,,,,,,,
2025/06/10,22:45,ryo4ryo4n66,f,f,,,,,,,,,,,
2025/06/10,23:21,theoj246,s,s,,,,,,,,,,,
2025/06/11,1:05,hinako.tsutsumi2525,s,s,,,,,,,,,,,
2025/06/11,1:43,theoj246,f,f,,,,,,,,,,,
2025/06/11,1:53,hinako.tsutsumi2525,f,f,,,,,,,,,,,
2025/06/11,10:17,hinako.tsutsumi2525,s,s,,,,,,,,,,,
2025/06/11,11:43,hinako.tsutsumi2525,f,f,,,,,,,,,,,
2025/06/11,12:09,ryo4ryo4n66,s,s,,,,,,,,,,,
2025/06/11,12:33,hinako.tsutsumi2525,s,s,,,,,,,,,,,
2025/06/11,14:18,hinako.tsutsumi2525,F,F,,,,,,,,,,,
2025/06/11,14:29,hinako.tsutsumi2525,s,s,,,,,,,,,,,
2025/06/11,16:29,ryo4ryo4n66,f,f,,,,,,,,,,,
2025/06/11,18:51,hinako.tsutsumi2525,f,f,,,,,,,,,,,
2025/06/11,20:08,theoj246,s,s,,,,,,,,,,,
2025/06/11,22:25,theoj246,f,f,,,,,,,,,,,
2025/06/12,10:52,ryo4ryo4n66,s,s,,,,,,,,,,,
2025/06/12,12:59,ryo4ryo4n66,f,f,,,,,,,,,,,
2025/06/12,13:30,ryo4ryo4n66,s,s,,,,,,,,,,,
2025/06/12,14:19,theoj246,s,s,,,,,,,,,,,
2025/06/12,14:42,hinako.tsutsumi2525,s,s,,,,,,,,,,,
2025/06/12,16:44,theoj246,f,f 15:00,,,,,,,,,,,
2025/06/12,19:23,theoj246,s,s,,,,,,,,,,,
2025/06/12,19:27,hinako.tsutsumi2525,f,f,,,,,,,,,,,
2025/06/12,20:53,theoj246,f,f,,,,,,,,,,,
2025/06/12,21:57,ryo4ryo4n66,f,f,,,,,,,,,,,
2025/06/13,10:00,ujwal.kumar252725,s,s,,,,,,,,,,,
2025/06/13,19:47,ryo4ryo4n66,f,f,,,,,,,,,,,
2025/06/14,8:15,ujwal.kumar252725,f,f 11:30,,,,,,,,,,,
2025/06/15,11:35,hinako.tsutsumi2525,s,s,,,,,,,,,,,
2025/06/15,13:25,hinako.tsutsumi2525,f,f,,,,,,,,,,,
2025/06/16,9:05,hinako.tsutsumi2525,s,s,,,,,,,,,,,
2025/06/16,11:33,theoj246,s,s,,,,,,,,,,,
2025/06/16,14:07,hinako.tsutsumi2525,f,f,,,,,,,,,,,
2025/06/16,16:24,theoj246,f,f,,,,,,,,,,,
2025/06/16,20:08,ujwal.kumar252725,s,s,,,,,,,,,,,
2025/06/16,21:16,ryo4ryo4n66,s,s,,,,,,,,,,,
2025/06/16,22:30,ryo4ryo4n66,f,f,,,,,,,,,,,
2025/06/17,1:47,ryo4ryo4n66,s,s,,,,,,,,,,,
2025/06/17,2:00,hinako.tsutsumi2525,s,s,,,,,,,,,,,
2025/06/17,2:53,hinako.tsutsumi2525,f,f,,,,,,,,,,,
2025/06/17,3:51,ryo4ryo4n66,f,f,,,,,,,,,,,
2025/06/17,13:00,hinako.tsutsumi2525,s,s,,,,,,,,,,,
2025/06/17,14:17,ryo4ryo4n66,s,s,,,,,,,,,,,
2025/06/17,14:23,theoj246,s,s,,,,,,,,,,,
2025/06/17,14:52,hinako.tsutsumi2525,f,f 13:30,,,,,,,,,,,
2025/06/17,16:15,ryo4ryo4n66,f,f,,,,,,,,,,,
2025/06/17,18:22,theoj246,f,f,,,,,,,,,,,
2025/06/17,19:40,ryo4ryo4n66,s,s,,,,,,,,,,,
2025/06/17,21:14,ryo4ryo4n66,f,f,,,,,,,,,,,
2025/06/17,23:16,theoj246,s,s,,,,,,,,,,,
2025/06/18,1:32,hinako.tsutsumi2525,s,s,,,,,,,,,,,
2025/06/18,2:21,theoj246,f,f,,,,,,,,,,,
2025/06/18,2:36,hinako.tsutsumi2525,f,f,,,,,,,,,,,
2025/06/18,13:17,ryo4ryo4n66,s,s,,,,,,,,,,,
2025/06/18,19:45,ryo4ryo4n66,f,f,,,,,,,,,,,
2025/06/18,21:06,hinako.tsutsumi2525,s,s,,,,,,,,,,,
2025/06/18,23:20,hinako.tsutsumi2525,f,f,,,,,,,,,,,
2025/06/19,1:27,hinako.tsutsumi2525,s,s,,,,,,,,,,,
2025/06/19,4:03,hinako.tsutsumi2525,f,f,,,,,,,,,,,
2025/06/19,12:09,ryo4ryo4n66,s,s,,,,,,,,,,,
2025/06/19,15:32,hinako.tsutsumi2525,s,s,,,,,,,,,,,
2025/06/19,19:43,ryo4ryo4n66,f,f,,,,,,,,,,,
2025/06/19,19:43,hinako.tsutsumi2525,f,f,,,,,,,,,,,
2025/06/20,0:02,hinako.tsutsumi2525,s,s,,,,,,,,,,,
2025/06/20,0:37,hinako.tsutsumi2525,f,f,,,,,,,,,,,
2025/06/20,11:57,theoj246,s,s,,,,,,,,,,,
2025/06/20,16:59,theoj246,f,f,,,,,,,,,,,
2025/06/20,17:11,kouki0802.ao,f,f,,,,,,,,,,,
2025/06/20,17:11,kouki0802.ao,s,s,,,,,,,,,,,
2025/06/20,17:19,ryo4ryo4n66,s,s,,,,,,,,,,,
2025/06/20,19:13,kouki0802.ao,f,f,,,,,,,,,,,
2025/06/20,19:49,ryo4ryo4n66,f,f,,,,,,,,,,,
2025/06/21,0:08,hinako.tsutsumi2525,s,s,,,,,,,,,,,
2025/06/21,0:58,theoj246,s,s,,,,,,,,,,,
2025/06/21,1:56,theoj246,f,f,,,,,,,,,,,
2025/06/21,2:19,hinako.tsutsumi2525,f,f,,,,,,,,,,,
2025/06/22,1:56,hinako.tsutsumi2525,s,s,,,,,,,,,,,
2025/06/22,2:39,hinako.tsutsumi2525,f,f,,,,,,,,,,,
2025/06/23,9:43,hinako.tsutsumi2525,s,s,,,,,,,,,,,
2025/06/23,10:25,theoj246,s,s,,,,,,,,,,,
2025/06/23,12:52,hinako.tsutsumi2525,f,f,,,,,,,,,,,
2025/06/23,13:23,kouki0802.ao,s,s,,,,,,,,,,,
2025/06/23,14:49,hinako.tsutsumi2525,f,f,,,,,,,,,,,
2025/06/23,16:22,ryo4ryo4n66,s,s,,,,,,,,,,,
2025/06/23,16:30,ujwal.kumar252725,s,s,,,,,,,,,,,
2025/06/23,16:45,kouki0802.ao,f,f,202,,,,,,,,,,
2025/06/23,16:45,theoj246,f,f 16:30,,,,,,,,,,,
2025/06/23,17:41,ryo4ryo4n66,f,f,,,,,,,,,,,
2025/06/23,18:57,theoj246,s,s,,,,,,,,,,,
2025/06/23,19:32,ujwal.kumar252725,f,f,,,,,,,,,,,
2025/06/23,20:03,ujwal.kumar252725,s,s,,,,,,,,,,,
2025/06/23,22:01,ujwal.kumar252725,f,f,,,,,,,,,,,
2025/06/23,23:05,kouki0802.ao,s,s 22:30,,,,,,,,,,,
2025/06/23,23:05,kouki0802.ao,f,f 23:00,30,,,,,,,,,,
2025/06/24,0:43,kouki0802.ao,s,s 00:00,,,,,,,,,,,
2025/06/24,0:44,kouki0802.ao,f,f 00:30,30,,,,,,,,,,
2025/06/24,2:31,theoj246,f,f,,,,,,,,,,,
2025/06/24,12:53,kimoppy126,s,s,,,,,,,,,,,
2025/06/24,14:33,theoj246,s,s,,,,,,,,,,,
2025/06/24,19:55,theoj246,f,f,,,,,,,,,,,
2025/06/24,22:49,theoj246,s,s,,,,,,,,,,,
2025/06/25,0:57,theoj246,f,f,,,,,,,,,,,
2025/06/25,13:47,theoj246,s,s,,,,,,,,,,,
2025/06/25,14:19,ryo4ryo4n66,s,s ,,,,,,,,,,,
2025/06/25,14:40,theoj246,f,f,,,,,,,,,,,
2025/06/25,16:15,ryo4ryo4n66,f,f,,,,,,,,,,,
2025/06/25,16:47,ryo4ryo4n66,s,s,,,,,,,,,,,
2025/06/25,18:49,ryo4ryo4n66,f,f,,,,,,,,,,,
2025/06/25,21:15,theoj246,s,s,,,,,,,,,,,
2025/06/25,23:12,theoj246,f,f,,,,,,,,,,,
2025/06/26,0:37,ryo4ryo4n66,s,s,,,,,,,,,,,
2025/06/26,1:12,hinako.tsutsumi2525,s,s,,,,,,,,,,,
2025/06/26,2:23,ryo4ryo4n66,f,f,,,,,,,,,,,
2025/06/26,3:48,hinako.tsutsumi2525,f,f,,,,,,,,,,,
2025/06/26,4:44,hinako.tsutsumi2525,s,s,,,,,,,,,,,
2025/06/26,4:51,hinako.tsutsumi2525,f,f,,,,,,,,,,,
2025/06/26,12:17,ryo4ryo4n66,s,s,,,,,,,,,,,
2025/06/26,17:45,ryo4ryo4n66,f,f,,,,,,,,,,,
2025/06/26,20:40,kouki0802.ao,s,s 19:50,,,,,,,,,,,
2025/06/26,20:41,kouki0802.ao,f,f 20:20,30,,,,,,,,,,
2025/06/27,12:26,kouki0802.ao,s,s 10:45,,,,,,,,,,,
2025/06/27,12:27,kouki0802.ao,f,f 11:45,60,,,,,,,,,,
2025/06/27,12:49,ryo4ryo4n66,s,s,,,,,,,,,,,
2025/06/27,15:23,hinako.tsutsumi2525,s,s,,,,,,,,,,,
2025/06/27,15:27,ryo4ryo4n66,f,f,,,,,,,,,,,
2025/06/27,15:33,hinako.tsutsumi2525,f,f,,,,,,,,,,,
2025/06/27,15:36,hinako.tsutsumi2525,s,s,,,,,,,,,,,
2025/06/27,17:26,ryo4ryo4n66,s,s,,,,,,,,,,,
2025/06/27,19:04,ryo4ryo4n66,f,f,,,,,,,,,,,
2025/06/27,19:04,hinako.tsutsumi2525,f,f,,,,,,,,,,,
2025/06/28,11:57,ujwal.kumar252725,s,s,,,,,,,,,,,
2025/06/28,14:12,ujwal.kumar252725,f,f,,,,,,,,,,,
2025/06/28,14:13,theoj246,s,s,,,,,,,,,,,
2025/06/28,15:55,kouki0802.ao,s,s,,,,,,,,,,,
2025/06/28,17:40,kouki0802.ao,f,f,105,,,,,,,,,,
2025/06/28,18:25,kouki0802.ao,f,f,,,,,,,,,,,
2025/06/28,18:34,kouki0802.ao,s,s,,,,,,,,,,,
2025/06/28,19:19,theoj246,f,f,,,,,,,,,,,
2025/06/28,19:30,kouki0802.ao,f,f,56,,,,,,,,,,
2025/06/28,19:46,theoj246,s,s,,,,,,,,,,,
2025/06/29,0:33,theoj246,f,f,,,,,,,,,,,
2025/06/29,2:00,hinako.tsutsumi2525,s,s,,,,,,,,,,,
2025/06/29,2:17,hinako.tsutsumi2525,f,f,,,,,,,,,,,
2025/06/29,12:22,theoj246,s,s,,,,,,,,,,,
2025/06/29,14:28,theoj246,f,f,,,,,,,,,,,
2025/06/29,16:51,theoj246,s,s,,,,,,,,,,,
2025/06/29,18:09,kimoppy126,s,s,,,,,,,,,,,
2025/06/29,21:56,theoj246,f,f,,,,,,,,,,,
2025/06/29,23:25,theoj246,s,s,,,,,,,,,,,
2025/06/30,1:42,kimoppy126,f,f,,,,,,,,,,,
2025/06/30,2:55,theoj246,f,f,,,,,,,,,,,
2025/06/30,12:46,theoj246,s,s,,,,,,,,,,,
2025/06/30,14:22,theoj246,f,f,,,,,,,,,,,
2025/06/30,15:54,theoj246,s,s,,,,,,,,,,,
2025/06/30,16:35,ryo4ryo4n66,s,s,,,,,,,,,,,
2025/06/30,16:37,kouki0802.ao,s,s,,,,,,,,,,,
2025/06/30,17:00,theoj246,f,f,,,,,,,,,,,
2025/06/30,17:18,kouki0802.ao,f,f,41,,,,,,,,,,
2025/06/30,19:43,theoj246,s,s,,,,,,,,,,,
2025/06/30,19:51,kimoppy126,s,s,,,,,,,,,,,
2025/06/30,21:03,ryo4ryo4n66,f,f,,,,,,,,,,,
2025/06/30,23:44,theoj246,f,f,,,,,,,,,,,
2025/07/01,2:46,hinako.tsutsumi2525,s,s,,,,,,,,,,,
2025/07/01,4:05,hinako.tsutsumi2525,f,f,,,,,,,,,,,
2025/07/01,13:55,kouki0802.ao,s,s 13:45,,,,,,,,,,,
2025/07/01,20:06,kouki0802.ao,f,f 17:30,225,,,,,,,,,,
2025/07/02,9:27,hinako.tsutsumi2525,s,s,,,,,,,,,,,
2025/07/02,10:48,ryo4ryo4n66,s,s,,,,,,,,,,,
2025/07/02,13:09,ryo4ryo4n66,f,f,,,,,,,,,,,
2025/07/02,13:09,hinako.tsutsumi2525,f,f,,,,,,,,,,,
2025/07/02,14:23,hinako.tsutsumi2525,s,s,,,,,,,,,,,
2025/07/02,14:28,ryo4ryo4n66,s,s,,,,,,,,,,,
2025/07/02,19:23,ryo4ryo4n66,f,f,,,,,,,,,,,
2025/07/02,19:36,hinako.tsutsumi2525,f,f,,,,,,,,,,,
2025/07/03,11:00,theoj246,s,s,,,,,,,,,,,
2025/07/03,11:04,ryo4ryo4n66,s,s,,,,,,,,,,,
2025/07/03,12:10,ryo4ryo4n66,f,f,,,,,,,,,,,
2025/07/03,13:01,ryo4ryo4n66,s,s,,,,,,,,,,,
2025/07/03,13:19,theoj246,f,f,,,,,,,,,,,
2025/07/03,15:32,hinako.tsutsumi2525,s,s,,,,,,,,,,,
2025/07/03,15:53,kouki0802.ao,s,s,,,,,,,,,,,
2025/07/03,16:32,kouki0802.ao,f,f,,,,,,,,,,,
2025/07/03,17:13,kouki0802.ao,f,f 17:00,65,,,,,,,,,,
2025/07/03,19:39,hinako.tsutsumi2525,f,f,,,,,,,,,,,
2025/07/03,19:53,ryo4ryo4n66,f,f,,,,,,,,,,,
2025/07/03,20:35,theoj246,s,s,,,,,,,,,,,
2025/07/04,4:17,theoj246,f,f,,,,,,,,,,,
2025/07/04,4:59,theoj246,s,s,,,,,,,,,,,
2025/07/04,6:48,theoj246,f,f,,,,,,,,,,,
2025/07/04,7:20,theoj246,s,s,,,,,,,,,,,
2025/07/04,7:53,theoj246,f,f,,,,,,,,,,,
2025/07/04,10:19,theoj246,s,s,,,,,,,,,,,
2025/07/04,13:55,theoj246,f,f,,,,,,,,,,,
2025/07/04,14:56,hinako.tsutsumi2525,s,s,,,,,,,,,,,
2025/07/04,17:04,hinako.tsutsumi2525,f,f,,,,,,,,,,,
2025/07/04,17:05,kouki0802.ao,s,s,,,,,,,,,,,
2025/07/04,17:12,kouki0802.ao,f,f,5,,,,,,,,,,
2025/07/04,17:13,hinako.tsutsumi2525,s,s,,,,,,,,,,,
2025/07/04,17:23,ryo4ryo4n66,s,s,,,,,,,,,,,
2025/07/04,17:50,kouki0802.ao,s,s,,,,,,,,,,,
2025/07/04,19:05,ryo4ryo4n66,f,f,,,,,,,,,,,
2025/07/05,17:59,kouki0802.ao,f,f 19:00,70,,,,,,,,,,
2025/07/04,19:00,hinako.tsutsumi2525,f,f,,,,,,,,,,,
2025/07/07,3:46,hinako.tsutsumi2525,s,s,,,,,,,,,,,
2025/07/07,4:09,hinako.tsutsumi2525,f,f,,,,,,,,,,,
2025/07/07,13:56,kouki0802.ao,s,s 13:40,,,,,,,,,,,
2025/07/07,15:50,kouki0802.ao,f,f,130,,,,,,,,,,
2025/07/07,15:50,kimoppy126,s,s,,,,,,,,,,,
2025/07/07,20:59,kouki0802.ao,s,"s 20:00
f 20:30",30,,,,,,,,,,
2025/07/07,22:37,kimoppy126,f,f,,,,,,,,,,,
2025/07/08,0:54,hinako.tsutsumi2525,s,s,,,,,,,,,,,
2025/07/08,2:03,hinako.tsutsumi2525,f,f,,,,,,,,,,,
2025/07/08,11:56,ryo4ryo4n66,s,s,,,,,,,,,,,
2025/07/08,13:17,ryo4ryo4n66,f,f,,,,,,,,,,,
2025/07/08,15:50,kouki0802.ao,s,s 14:00,,,,,,,,,,,
2025/07/08,15:57,theoj246,s,s 14:00,,,,,,,,,,,
2025/07/08,16:02,kouki0802.ao,f,f,120,,,,,,,,,,
2025/07/08,16:50,kouki0802.ao,s,s 16:30,,,,,,,,,,,
2025/07/08,17:22,theoj246,f,f,,,,,,,,,,,
2025/07/08,17:25,kouki0802.ao,f,f,55,,,,,,,,,,
2025/07/08,17:51,theoj246,s,s,,,,,,,,,,,
2025/07/08,18:43,theoj246,f,f,,,,,,,,,,,
2025/07/08,18:54,kouki0802.ao,s,s,,,,,,,,,,,
2025/07/08,19:40,kouki0802.ao,f,f 19:00,5,,,,,,,,,,
2025/07/08,21:51,ryo4ryo4n66,s,s,,,,,,,,,,,
2025/07/09,0:36,ryo4ryo4n66,f,f,,,,,,,,,,,
2025/07/09,0:57,kimoppy126,s,s,,,,,,,,,,,
2025/07/09,9:50,hinako.tsutsumi2525,s,s,,,,,,,,,,,
2025/07/09,13:35,hinako.tsutsumi2525,f,f,,,,,,,,,,,
2025/07/09,13:35,ryo4ryo4n66,f,f,,,,,,,,,,,
2025/07/09,14:51,ryo4ryo4n66,s,s,,,,,,,,,,,
2025/07/09,17:04,hinako.tsutsumi2525,s,s,,,,,,,,,,,
2025/07/09,19:39,hinako.tsutsumi2525,f,f,,,,,,,,,,,
2025/07/09,19:52,ryo4ryo4n66,f,f 19:30,,,,,,,,,,,
2025/07/10,0:14,ryo4ryo4n66,s,s,,,,,,,,,,,
2025/07/10,1:04,ryo4ryo4n66,f,f,,,,,,,,,,,
2025/07/10,12:46,ryo4ryo4n66,s,s,,,,,,,,,,,
2025/07/10,13:09,theoj246,s,s,,,,,,,,,,,
2025/07/10,14:53,hinako.tsutsumi2525,s,s,,,,,,,,,,,
2025/07/10,15:57,theoj246,f,f,,,,,,,,,,,
2025/07/10,17:30,ryo4ryo4n66,f,f,,,,,,,,,,,
2025/07/10,19:03,ryo4ryo4n66,s,s,,,,,,,,,,,
2025/07/10,19:21,hinako.tsutsumi2525,f,f,,,,,,,,,,,
2025/07/10,21:56,ryo4ryo4n66,f,f,,,,,,,,,,,
2025/07/10,23:18,ujwal.kumar252725,f,f +130,,,,,,,,,,,
2025/07/11,1:30,kouki0802.ao,s,s 1:00,,,,,,,,,,,
2025/07/11,2:50,kouki0802.ao,f,f,110,,,,,,,,,,
2025/07/11,10:39,kouki0802.ao,s,s 10:20,,,,,,,,,,,
2025/07/11,10:59,kouki0802.ao,f,f,35,,,,,,,,,,
2025/07/11,11:28,theoj246,s,s,,,,,,,,,,,
2025/07/11,12:14,ryo4ryo4n66,s,s,,,,,,,,,,,
2025/07/11,16:52,theoj246,f,f 16:00,,,,,,,,,,,
2025/07/11,17:05,kouki0802.ao,s,s,,,,,,,,,,,
2025/07/11,18:29,hinako.tsutsumi2525,s,s,,,,,,,,,,,
2025/07/11,19:55,kouki0802.ao,f,f,175,,,,,,,,,,
2025/07/11,19:57,hinako.tsutsumi2525,f,f 19:10,,,,,,,,,,,
2025/07/11,20:09,ryo4ryo4n66,f,f,,,,,,,,,,,
2025/07/12,15:51,theoj246,s,s,,,,,,,,,,,
2025/07/12,17:44,kimoppy126,s,s,,,,,,,,,,,
2025/07/12,17:51,kouki0802.ao,s,s,,,,,,,,,,,
2025/07/12,19:01,kouki0802.ao,f,f,65,,,,,,,,,,
2025/07/13,14:09,ujwal.kumar252725,s,s,,,,,,,,,,,
2025/07/13,17:21,ujwal.kumar252725,f,f,,,,,,,,,,,
2025/07/14,10:34,theoj246,f,f 07/13 20:00,,,,,,,,,,,
2025/07/14,10:34,theoj246,s,s,,,,,,,,,,,
2025/07/14,10:56,kouki0802.ao,s,s,,,,,,,,,,,
2025/07/14,12:10,kouki0802.ao,f,f,70,,,,,,,,,,
2025/07/14,12:22,ryo4ryo4n66,s,s,,,,,,,,,,,
2025/07/14,16:11,theoj246,f,f,,,,,,,,,,,
2025/07/14,17:24,ryo4ryo4n66,f,f,,,,,,,,,,,
2025/07/14,21:29,theoj246,s,s,,,,,,,,,,,
2025/07/15,0:12,theoj246,f,f,,,,,,,,,,,
2025/07/15,14:24,theoj246,s,s,,,,,,,,,,,
2025/07/15,15:17,kouki0802.ao,s,s,,,,,,,,,,,
2025/07/15,16:26,theoj246,f,f,,,,,,,,,,,
2025/07/15,18:13,kouki0802.ao,f,f,180,,,,,,,,,,
2025/07/15,18:26,theoj246,s,s,,,,,,,,,,,
2025/07/15,18:31,ujwal.kumar252725,f,f +90,,,,,,,,,,,
2025/07/15,19:15,theoj246,f,f,,,,,,,,,,,
2025/07/16,11:47,theoj246,s,s,,,,,,,,,,,
2025/07/16,11:59,ujwal.kumar252725,f,f +120,,,,,,,,,,,
2025/07/16,11:59,hinako.tsutsumi2525,s,s 10:00,,,,,,,,,,,
2025/07/16,14:28,theoj246,f,f,,,,,,,,,,,
2025/07/16,16:32,kouki0802.ao,s,s,,,,,,,,,,,
2025/07/16,16:38,ryo4ryo4n66,s,s,,,,,,,,,,,
2025/07/16,17:38,kouki0802.ao,f,f,65,,,,,,,,,,
2025/07/16,19:15,hinako.tsutsumi2525,f,f,,,,,,,,,,,
2025/07/16,19:36,ryo4ryo4n66,f,f,,,,,,,,,,,
2025/07/17,1:12,ryo4ryo4n66,s,s,,,,,,,,,,,
2025/07/17,1:46,ryo4ryo4n66,f,f +72,,,,,,,,,,,
2025/07/17,11:23,theoj246,s,s,,,,,,,,,,,
2025/07/17,11:34,ryo4ryo4n66,s,s,,,,,,,,,,,
2025/07/17,12:56,theoj246,f,f,,,,,,,,,,,
2025/07/17,14:39,kouki0802.ao,s,s,,,,,,,,,,,
2025/07/17,15:03,kouki0802.ao,f,f,20,,,,,,,,,,
2025/07/17,15:31,kouki0802.ao,s,s,,,,,,,,,,,
2025/07/17,16:33,kouki0802.ao,f,f 16:00,30,,,,,,,,,,
2025/07/17,16:33,kouki0802.ao,s,s,,,,,,,,,,,
2025/07/17,16:42,theoj246,s,s,,,,,,,,,,,
2025/07/17,16:50,hinako.tsutsumi2525,s,s 16:00,,,,,,,,,,,
2025/07/17,17:49,kouki0802.ao,f,f,75,,,,,,,,,,
2025/07/17,19:03,theoj246,f,f,,,,,,,,,,,
2025/07/17,19:14,ryo4ryo4n66,f,f,,,,,,,,,,,
2025/07/17,20:20,hinako.tsutsumi2525,f,f 19:00,,,,,,,,,,,
2025/07/18,10:57,theoj246,s,s,,,,,,,,,,,
2025/07/18,12:22,ryo4ryo4n66,s,s +60,,,,,,,,,,,
2025/07/18,12:31,theoj246,f,f,,,,,,,,,,,
2025/07/18,12:38,kouki0802.ao,s,s 12:30,,,,,,,,,,,
2025/07/18,15:35,theoj246,s,s,,,,,,,,,,,
2025/07/18,16:39,kouki0802.ao,s,s +39,,,,,,,,,,,
2025/07/18,16:57,theoj246,f,f,,,,,,,,,,,
2025/07/18,19:07,ryo4ryo4n66,f,f,,,,,,,,,,,
2025/07/18,19:07,kouki0802.ao,f,f,145,,,,,,,,,,
2025/07/18,21:49,ujwal.kumar252725,f,f + 120,,,,,,,,,,,
2025/07/18,21:49,info,f,f - 800,,,,,,,,,,,
2025/07/18,21:50,ujwal.kumar252725,s,so i can just add,,,,,,,,,,,
2025/07/18,21:51,ujwal.kumar252725,s,start start,,,,,,,,,,,
2025/07/18,21:51,ujwal.kumar252725,s,start finish,,,,,,,,,,,
2025/07/18,21:51,info,s,s f,,,,,,,,,,,
2025/07/19,1:44,hinako.tsutsumi2525,s,s,,,,,,,,,,,
2025/07/19,2:32,hinako.tsutsumi2525,f,f,,,,,,,,,,,
2025/07/19,2:40,kouki0802.ao,s,s +20,,,,,,,,,,,
2025/07/19,3:17,kouki0802.ao,f,f,55,,,,,,,,,,
2025/07/20,18:01,kouki0802.ao,s,s,,,,,,,,,,,
2025/07/20,19:14,kouki0802.ao,f,f,70,,,,,,,,,,
2025/07/21,0:16,kouki0802.ao,s,s,,,,,,,,,,,
2025/07/21,0:52,kouki0802.ao,f,f,35,,,,,,,,,,
2025/07/21,11:19,kouki0802.ao,s,s,,,,,,,,,,,
2025/07/21,11:44,kouki0802.ao,f,f,,,,,,,,,,,
2025/07/21,13:23,kouki0802.ao,s,s,,,,,,,,,,,
2025/07/21,13:49,kouki0802.ao,f,f,,,,,,,,,,,
2025/07/21,14:49,kouki0802.ao,s,s,,,,,,,,,,,
2025/07/21,16:15,kouki0802.ao,f,f,,,,,,,,,,,
2025/07/22,10:09,theoj246,s,s,,,,,,,,,,,
2025/07/22,13:07,hinako.tsutsumi2525,s,s,,,,,,,,,,,
2025/07/22,14:11,theoj246,f,f,,,,,,,,,,,
2025/07/22,14:41,theoj246,s,s,,,,,,,,,,,
2025/07/22,15:08,kouki0802.ao,s,s +40,,,,,,,,,,,
2025/07/22,16:05,ryo4ryo4n66,s,s,,,,,,,,,,,
2025/07/22,17:08,ryo4ryo4n66,f,f,,,,,,,,,,,
2025/07/22,17:23,ryo4ryo4n66,s,s,,,,,,,,,,,
2025/07/22,17:48,kouki0802.ao,f,f,,,,,,,,,,,
2025/07/22,19:14,hinako.tsutsumi2525,f,f,,,,,,,,,,,
2025/07/22,19:45,ryo4ryo4n66,f,f +105,,,,,,,,,,,
2025/07/22,20:36,theoj246,f,f,,,,,,,,,,,
2025/07/23,3:56,hinako.tsutsumi2525,s,s,,,,,,,,,,,
2025/07/23,4:28,hinako.tsutsumi2525,f,f,,,,,,,,,,,
2025/07/23,10:40,hinako.tsutsumi2525,s,s,,,,,,,,,,,
2025/07/23,11:38,ryo4ryo4n66,s,s,,,,,,,,,,,
2025/07/23,11:41,theoj246,s,s,,,,,,,,,,,
2025/07/23,11:58,yuta.takasu,s,s aoki,,,,,,,,,,,
2025/07/23,12:00,yuta.takasu,f,f aoki,,,,,,,,,,,
2025/07/23,13:40,yuta.takasu,s,s aoki,,,,,,,,,,,
2025/07/23,14:13,hinako.tsutsumi2525,f,f,,,,,,,,,,,
2025/07/23,14:14,yuta.takasu,f,f aoki,,,,,,,,,,,
2025/07/23,14:22,yuta.takasu,s,s,,,,,,,,,,,
2025/07/23,14:23,yuta.takasu,f,f,,,,,,,,,,,
2025/07/23,14:24,yuta.takasu,s,s,,,,,,,,,,,
2025/07/23,14:42,yuta.takasu,f,f,,,,,,,,,,,
2025/07/23,15:06,theoj246,f,f,,,,,,,,,,,
2025/07/23,16:19,theoj246,s,s,,,,,,,,,,,
2025/07/23,16:41,theoj246,f,f,,,,,,,,,,,
2025/07/23,16:57,ryo4ryo4n66,f,f,,,,,,,,,,,
2025/07/23,17:24,ryo4ryo4n66,s,s,,,,,,,,,,,
2025/07/23,20:30,ryo4ryo4n66,f,f,,,,,,,,,,,
2025/07/24,11:04,yuta.takasu,s,s aoki 10:00,,,,,,,,,,,
2025/07/24,11:04,yuta.takasu,f,f aoki 11:00,,,,,,,,,,,
2025/07/24,11:20,theoj246,s,s,,,,,,,,,,,
2025/07/24,14:38,ryo4ryo4n66,s,s,,,,,,,,,,,
2025/07/24,15:53,theoj246,f,f,,,,,,,,,,,
2025/07/24,16:18,theoj246,s,s,,,,,,,,,,,
2025/07/24,19:41,ryo4ryo4n66,f,f,,,,,,,,,,,
2025/07/24,19:55,theoj246,f,f,,,,,,,,,,,
2025/07/24,23:45,theoj246,s,s,,,,,,,,,,,
2025/07/24,23:56,ryo4ryo4n66,s,s,,,,,,,,,,,
2025/07/25,1:20,theoj246,f,f,,,,,,,,,,,
2025/07/25,2:42,hinako.tsutsumi2525,s,s,,,,,,,,,,,
2025/07/25,2:46,ryo4ryo4n66,f,f,,,,,,,,,,,
2025/07/25,4:14,hinako.tsutsumi2525,f,f,,,,,,,,,,,
2025/07/25,15:05,ryo4ryo4n66,s,s,,,,,,,,,,,
2025/07/25,16:02,yuta.takasu,s,s 11:00,,,,,,,,,,,
2025/07/25,16:18,erin.isozu,s,s 15:00,,,,,,,,,,,
2025/07/25,19:12,ryo4ryo4n66,f,f,,,,,,,,,,,
2025/07/25,21:28,erin.isozu,f,f 19:10,,,,,,,,,,,
2025/07/25,23:04,erin.isozu,s,s,,,,,,,,,,,
2025/07/26,0:34,erin.isozu,f,f,,,,,,,,,,,
2025/07/26,14:49,theoj246,s,s,,,,,,,,,,,
2025/07/26,15:33,hinako.tsutsumi2525,s,s,,,,,,,,,,,
2025/07/26,16:38,hinako.tsutsumi2525,f,f,,,,,,,,,,,
2025/07/26,17:16,kouki0802.ao,s,s,,,,,,,,,,,
2025/07/26,17:45,theoj246,f,f,,,,,,,,,,,
2025/07/26,18:06,kouki0802.ao,f,f +40,,,,,,,,,,,
2025/07/26,18:18,kouki0802.ao,s,s,,,,,,,,,,,
2025/07/26,20:10,kouki0802.ao,f,f,,,,,,,,,,,
2025/07/27,0:17,theoj246,s,s,,,,,,,,,,,
2025/07/27,2:32,theoj246,f,f,,,,,,,,,,,
2025/07/27,17:21,erin.isozu,s,s,,,,,,,,,,,
2025/07/27,17:48,erin.isozu,f,f,,,,,,,,,,,
2025/07/27,20:05,erin.isozu,s,s,,,,,,,,,,,
2025/07/27,20:34,erin.isozu,f,f,,,,,,,,,,,
2025/07/28,1:19,hinako.tsutsumi2525,s,s,,,,,,,,,,,
2025/07/28,2:37,hinako.tsutsumi2525,f,f,,,,,,,,,,,
2025/07/28,9:14,yuta.takasu,s,s aoki,,,,,,,,,,,
2025/07/28,9:26,yuta.takasu,f,f aoki,,,,,,,,,,,
2025/07/28,10:36,theoj246,s,s,,,,,,,,,,,
2025/07/28,11:47,yuta.takasu,s,s aoki,,,,,,,,,,,
2025/07/28,11:51,erin.isozu,s,s,,,,,,,,,,,
2025/07/28,11:55,erin.isozu,f,f,,,,,,,,,,,
2025/07/28,12:05,yuta.takasu,f,f aoki,,,,,,,,,,,
2025/07/28,14:24,theoj246,f,f,,,,,,,,,,,
2025/07/28,14:37,kouki0802.ao,s,s,,,,,,,,,,,
2025/07/28,15:05,erin.isozu,s,s,,,,,,,,,,,
2025/07/28,15:18,erin.isozu,f,f,,,,,,,,,,,
2025/07/28,16:13,theoj246,s,s,,,,,,,,,,,
2025/07/28,16:27,kouki0802.ao,f,f,,,,,,,,,,,
2025/07/28,17:04,kouki0802.ao,s,s,,,,,,,,,,,
2025/07/28,17:12,theoj246,f,f,,,,,,,,,,,
2025/07/28,18:46,kouki0802.ao,f,f,,,,,,,,,,,
2025/07/28,20:53,erin.isozu,s,s,,,,,,,,,,,
2025/07/28,20:58,kouki0802.ao,s,s,,,,,,,,,,,
2025/07/28,21:14,erin.isozu,f,f,,,,,,,,,,,
2025/07/28,21:32,kouki0802.ao,f,f,,,,,,,,,,,
2025/07/29,10:37,yuta.takasu,s,s aoki,,,,,,,,,,,
2025/07/29,10:48,ryo4ryo4n66,s,s,,,,,,,,,,,
2025/07/29,12:43,kouki0802.ao,s,s,,,,,,,,,,,
2025/07/29,12:53,kouki0802.ao,f,f,,,,,,,,,,,
2025/07/29,13:39,ryo4ryo4n66,f,f,,,,,,,,,,,
2025/07/29,13:51,kouki0802.ao,s,s,,,,,,,,,,,
2025/07/29,14:17,ryo4ryo4n66,s,s,,,,,,,,,,,
2025/07/29,19:11,ryo4ryo4n66,f,f,,,,,,,,,,,
2025/07/29,22:53,ryo4ryo4n66,s,s,,,,,,,,,,,
2025/07/30,0:14,kouki0802.ao,f,f 18:21,,,,,,,,,,,
2025/07/30,0:16,ryo4ryo4n66,f,f,,,,,,,,,,,
2025/07/30,0:17,kouki0802.ao,s,s,,,,,,,,,,,
2025/07/30,1:57,kouki0802.ao,f,f,,,,,,,,,,,
2025/07/30,13:53,ryo4ryo4n66,s,s,,,,,,,,,,,
2025/07/30,14:46,kouki0802.ao,s,s 13:00,,,,,,,,,,,
2025/07/30,14:46,kouki0802.ao,f,f,,,,,,,,,,,
2025/07/30,20:20,ryo4ryo4n66,f,f,,,,,,,,,,,
2025/07/31,0:40,ryo4ryo4n66,s,s,,,,,,,,,,,
2025/07/31,3:35,ryo4ryo4n66,f,f,,,,,,,,,,,
2025/07/31,9:19,yuta.takasu,s,s aoki,,,,,,,,,,,
2025/07/31,9:34,yuta.takasu,f,f aoki,,,,,,,,,,,
2025/07/31,9:38,hinako.tsutsumi2525,s,s,,,,,,,,,,,
2025/07/31,11:42,kouki0802.ao,s,s,,,,,,,,,,,
2025/07/31,12:48,hinako.tsutsumi2525,f,f,,,,,,,,,,,
2025/07/31,12:48,kouki0802.ao,f,f,,,,,,,,,,,
2025/07/31,12:49,yuta.takasu,s,s aoki,,,,,,,,,,,
2025/07/31,13:00,ryo4ryo4n66,s,s,,,,,,,,,,,
2025/07/31,13:09,yuta.takasu,f,f aoki,,,,,,,,,,,
2025/07/31,15:40,kouki0802.ao,s,s +70,,,,,,,,,,,
2025/07/31,16:03,hinako.tsutsumi2525,s,s,,,,,,,,,,,
2025/07/31,19:57,hinako.tsutsumi2525,f,f,,,,,,,,,,,
2025/07/31,19:58,ryo4ryo4n66,f,f,,,,,,,,,,,
2025/07/31,20:02,kouki0802.ao,f,f,,,,,,,,,,,
2025/07/31,22:18,kouki0802.ao,s,s,,,,,,,,,,,
2025/08/01,0:13,kouki0802.ao,f,f,,,,,,,,,,,
2025/08/01,0:16,kimoppy126,s,s,,,,,,,,,,,
2025/08/01,10:07,theoj246,s,s,,,,,,,,,,,
2025/08/01,11:13,theoj246,f,f,,,,,,,,,,,
2025/08/01,11:23,hinako.tsutsumi2525,s,s,,,,,,,,,,,
2025/08/01,11:43,theoj246,s,s,,,,,,,,,,,
2025/08/01,13:18,ryo4ryo4n66,s,s,,,,,,,,,,,
2025/08/01,14:00,hinako.tsutsumi2525,f,f,,,,,,,,,,,
2025/08/01,14:28,marikou180522,s,s,,,,,,,,,,,
2025/08/01,16:55,theoj246,f,f,,,,,,,,,,,
2025/08/01,17:50,erin.isozu,s,s,,,,,,,,,,,
2025/08/01,18:00,erin.isozu,f,f,,,,,,,,,,,
2025/08/01,19:42,theoj246,s,s,,,,,,,,,,,
2025/08/01,20:33,ryo4ryo4n66,f,f -60,,,,,,,,,,,
2025/08/01,20:35,theoj246,f,f,,,,,,,,,,,
2025/08/02,14:56,kouki0802.ao,s,s,,,,,,,,,,,
2025/08/02,16:33,kouki0802.ao,f,f,,,,,,,,,,,
2025/08/03,22:15,erin.isozu,s,s,,,,,,,,,,,
2025/08/03,22:49,erin.isozu,f,f,,,,,,,,,,,
2025/08/04,0:19,ryo4ryo4n66,s,s,,,,,,,,,,,
2025/08/04,1:10,ryo4ryo4n66,f,f +90,,,,,,,,,,,
2025/08/04,11:17,theoj246,s,s,,,,,,,,,,,
2025/08/04,12:18,kouki0802.ao,s,s,,,,,,,,,,,
2025/08/04,12:45,kouki0802.ao,f,f +90,,,,,,,,,,,
2025/08/04,13:37,kouki0802.ao,s,s,,,,,,,,,,,
2025/08/04,14:05,theoj246,f,f,,,,,,,,,,,
2025/08/04,14:22,theoj246,s,s,,,,,,,,,,,
2025/08/04,18:20,kouki0802.ao,f,f,,,,,,,,,,,
2025/08/04,19:04,theoj246,s,s,,,,,,,,,,,
2025/08/04,20:13,theoj246,f,f,,,,,,,,,,,
2025/08/04,21:56,erin.isozu,s,s,,,,,,,,,,,
2025/08/04,22:00,kouki0802.ao,s,s,,,,,,,,,,,
2025/08/04,23:35,kouki0802.ao,f,f,,,,,,,,,,,
2025/08/05,1:52,erin.isozu,f,f,,,,,,,,,,,
2025/08/05,10:28,yuta.takasu,s,s aoki,,,,,,,,,,,
2025/08/05,11:21,yuta.takasu,f,f aoki,,,,,,,,,,,
2025/08/05,11:38,yuta.takasu,s,s aoki,,,,,,,,,,,
2025/08/05,12:25,yuta.takasu,f,f aoki,,,,,,,,,,,
2025/08/05,12:38,theoj246,s,s,,,,,,,,,,,
2025/08/05,13:44,kouki0802.ao,s,s,,,,,,,,,,,
2025/08/05,16:16,kouki0802.ao,f,f,,,,,,,,,,,
2025/08/05,18:03,theoj246,f,f,,,,,,,,,,,
2025/08/05,18:18,kouki0802.ao,f,f,,,,,,,,,,,
2025/08/05,18:18,kouki0802.ao,s,s,,,,,,,,,,,
2025/08/05,18:42,ryo4ryo4n66,s,s,,,,,,,,,,,
2025/08/05,19:05,hinako.tsutsumi2525,s,s,,,,,,,,,,,
2025/08/05,19:06,ryo4ryo4n66,f,f,,,,,,,,,,,
2025/08/05,19:07,erin.isozu,s,s,,,,,,,,,,,
2025/08/05,19:31,kouki0802.ao,f,f,,,,,,,,,,,
2025/08/05,19:42,erin.isozu,f,f,,,,,,,,,,,
2025/08/05,19:47,hinako.tsutsumi2525,f,f,,,,,,,,,,,
2025/08/05,20:46,marikou180522,s,s,,,,,,,,,,,
2025/08/05,21:13,kouki0802.ao,s,s,,,,,,,,,,,
2025/08/05,21:34,erin.isozu,s,s,,,,,,,,,,,
2025/08/05,21:41,kouki0802.ao,f,f,,,,,,,,,,,
2025/08/05,22:07,erin.isozu,f,f,,,,,,,,,,,
2025/08/05,22:19,hinako.tsutsumi2525,s,s,,,,,,,,,,,
2025/08/05,23:09,marikou180522,f,f,,,,,,,,,,,
2025/08/05,23:19,hinako.tsutsumi2525,f,f,,,,,,,,,,,
2025/08/06,10:26,theoj246,s,s,,,,,,,,,,,
2025/08/06,10:50,yuta.takasu,s,s aoki,,,,,,,,,,,
2025/08/06,11:06,yuta.takasu,f,f aoki,,,,,,,,,,,
2025/08/06,11:35,hinako.tsutsumi2525,s,s,,,,,,,,,,,
2025/08/06,12:36,theoj246,f,f,,,,,,,,,,,
2025/08/06,13:24,marikou180522,s,s,,,,,,,,,,,
2025/08/06,13:25,ryo4ryo4n66,s,s,,,,,,,,,,,
2025/08/06,13:33,theoj246,f,f,,,,,,,,,,,
2025/08/06,13:34,theoj246,s,s,,,,,,,,,,,
2025/08/06,13:43,kouki0802.ao,s,s,,,,,,,,,,,
2025/08/06,17:04,erin.isozu,s,s,,,,,,,,,,,
2025/08/06,17:09,erin.isozu,f,f,,,,,,,,,,,
2025/08/06,18:18,erin.isozu,s,s,,,,,,,,,,,
2025/08/06,18:41,kouki0802.ao,f,f,,,,,,,,,,,
2025/08/06,18:57,theoj246,f,f,,,,,,,,,,,
2025/08/06,19:20,hinako.tsutsumi2525,f,f,,,,,,,,,,,
2025/08/06,19:39,marikou180522,f,f-20,,,,,,,,,,,
2025/08/06,19:49,ryo4ryo4n66,f,f,,,,,,,,,,,
2025/08/06,20:30,erin.isozu,f,f,,,,,,,,,,,
2025/08/06,21:01,ryo4ryo4n66,s,s,,,,,,,,,,,
2025/08/06,21:58,kouki0802.ao,s,s,,,,,,,,,,,
2025/08/06,22:37,kouki0802.ao,f,f,,,,,,,,,,,
2025/08/06,23:04,ryo4ryo4n66,f,f,,,,,,,,,,,
2025/08/06,23:28,marikou180522,s,s,,,,,,,,,,,
2025/08/07,0:57,ryo4ryo4n66,s,s,,,,,,,,,,,
2025/08/07,1:01,marikou180522,f,f,,,,,,,,,,,
2025/08/07,2:07,erin.isozu,s,s,,,,,,,,,,,
2025/08/07,3:14,ryo4ryo4n66,f,f,,,,,,,,,,,
2025/08/07,4:12,erin.isozu,f,f,,,,,,,,,,,
2025/08/07,10:55,theoj246,s,s,,,,,,,,,,,
2025/08/07,13:15,theoj246,f,f,,,,,,,,,,,
2025/08/07,13:34,theoj246,s,s,,,,,,,,,,,
2025/08/07,14:20,kouki0802.ao,s,s,,,,,,,,,,,
2025/08/07,15:05,ryo4ryo4n66,s,s +150,,,,,,,,,,,
2025/08/07,18:15,ryo4ryo4n66,f,f,,,,,,,,,,,
2025/08/07,18:39,theoj246,f,f,,,,,,,,,,,
2025/08/07,19:32,marikou180522,s,s+60,,,,,,,,,,,
2025/08/07,19:36,ryo4ryo4n66,s,s,,,,,,,,,,,
2025/08/07,19:38,kouki0802.ao,f,f -40,,,,,,,,,,,
2025/08/07,19:39,marikou180522,f,f,,,,,,,,,,,
2025/08/07,22:09,ryo4ryo4n66,f,f,,,,,,,,,,,
2025/08/07,22:24,kouki0802.ao,s,s,,,,,,,,,,,
2025/08/07,22:44,kouki0802.ao,f,f,,,,,,,,,,,
2025/08/07,23:45,theoj246,s,s,,,,,,,,,,,
2025/08/07,23:58,marikou180522,s,s+20,,,,,,,,,,,
2025/08/08,0:36,ryo4ryo4n66,s,s,,,,,,,,,,,
2025/08/08,0:47,marikou180522,f,f,,,,,,,,,,,
2025/08/08,1:38,theoj246,f,f,,,,,,,,,,,
2025/08/08,4:40,ryo4ryo4n66,f,f,,,,,,,,,,,
2025/08/08,6:04,marikou180522,s,s,,,,,,,,,,,
2025/08/08,8:00,marikou180522,f,f,,,,,,,,,,,
2025/08/08,10:24,theoj246,s,s,,,,,,,,,,,
2025/08/08,11:07,theoj246,f,f,,,,,,,,,,,
2025/08/08,12:11,theoj246,s,s,,,,,,,,,,,
2025/08/08,12:25,kouki0802.ao,s,s,,,,,,,,,,,
2025/08/08,12:55,theoj246,f,f,,,,,,,,,,,
2025/08/08,13:07,kouki0802.ao,f,f,,,,,,,,,,,
2025/08/08,13:09,marikou180522,s,s,,,,,,,,,,,
2025/08/08,13:29,kouki0802.ao,s,s,,,,,,,,,,,
2025/08/08,13:46,theoj246,s,s,,,,,,,,,,,
2025/08/08,14:35,ryo4ryo4n66,s,s + 30,,,,,,,,,,,
2025/08/08,16:58,theoj246,f,f,,,,,,,,,,,
2025/08/08,17:22,theoj246,s,s,,,,,,,,,,,
2025/08/08,17:57,kouki0802.ao,f,f,,,,,,,,,,,
2025/08/08,18:31,erin.isozu,s,s,,,,,,,,,,,
2025/08/08,18:47,theoj246,f,f,,,,,,,,,,,
2025/08/08,18:53,erin.isozu,f,f,,,,,,,,,,,
2025/08/08,19:30,marikou180522,f,f-45,,,,,,,,,,,
2025/08/08,19:36,erin.isozu,s,s,,,,,,,,,,,
2025/08/08,19:43,ryo4ryo4n66,f,f 19:00,,,,,,,,,,,
2025/08/08,20:39,erin.isozu,f,f,,,,,,,,,,,
2025/08/08,21:21,hinako.tsutsumi2525,s,s,,,,,,,,,,,
2025/08/08,21:30,erin.isozu,s,s,,,,,,,,,,,
2025/08/08,21:40,hinako.tsutsumi2525,f,f,,,,,,,,,,,
2025/08/08,22:56,erin.isozu,f,f,,,,,,,,,,,
2025/08/09,0:17,erin.isozu,s,s,,,,,,,,,,,
2025/08/09,0:48,ryo4ryo4n66,s,s,,,,,,,,,,,
2025/08/09,1:50,erin.isozu,f,f,,,,,,,,,,,
2025/08/09,2:52,ryo4ryo4n66,f,f,,,,,,,,,,,
2025/08/09,4:44,erin.isozu,s,s,,,,,,,,,,,
2025/08/09,6:08,erin.isozu,f,f -40,,,,,,,,,,,
2025/08/09,9:30,theoj246,s,s,,,,,,,,,,,
2025/08/09,12:29,theoj246,f,f,,,,,,,,,,,
2025/08/09,17:32,kouki0802.ao,s,s,,,,,,,,,,,
2025/08/09,17:41,erin.isozu,s,s,,,,,,,,,,,
2025/08/09,18:08,kouki0802.ao,f,f,,,,,,,,,,,
2025/08/09,19:26,erin.isozu,f,f,,,,,,,,,,,
2025/08/09,19:40,erin.isozu,s,s,,,,,,,,,,,
2025/08/09,19:53,erin.isozu,f,f,,,,,,,,,,,
2025/08/09,21:30,erin.isozu,s,s,,,,,,,,,,,
2025/08/10,0:14,erin.isozu,f,f,,,,,,,,,,,
2025/08/10,0:46,erin.isozu,s,s,,,,,,,,,,,
2025/08/10,2:09,erin.isozu,f,f,,,,,,,,,,,
2025/08/10,4:12,erin.isozu,s,s,,,,,,,,,,,
2025/08/10,6:33,erin.isozu,f,f,,,,,,,,,,,
2025/08/10,14:34,theoj246,s,s,,,,,,,,,,,
2025/08/10,18:46,theoj246,f,f,,,,,,,,,,,
2025/08/10,21:59,erin.isozu,s,s,,,,,,,,,,,
2025/08/10,22:10,kouki0802.ao,s,s,,,,,,,,,,,
2025/08/10,22:56,erin.isozu,f,f,,,,,,,,,,,
2025/08/10,23:02,kouki0802.ao,f,f,,,,,,,,,,,
2025/08/10,23:14,kouki0802.ao,s,s,,,,,,,,,,,
2025/08/10,23:54,erin.isozu,s,s,,,,,,,,,,,
2025/08/11,0:10,kouki0802.ao,f,f,,,,,,,,,,,
2025/08/11,1:04,erin.isozu,f,f,,,,,,,,,,,
2025/08/11,1:55,marikou180522,s,s+90,,,,,,,,,,,
2025/08/11,3:21,kouki0802.ao,s,s,,,,,,,,,,,
2025/08/11,4:48,kouki0802.ao,f,f,,,,,,,,,,,
2025/08/11,4:55,marikou180522,f,f,,,,,,,,,,,
2025/08/11,4:57,marikou180522,s,s,,,,,,,,,,,
2025/08/11,6:54,marikou180522,f,f,,,,,,,,,,,
2025/08/11,13:22,theoj246,s,s,,,,,,,,,,,
2025/08/11,15:57,theoj246,f,f,,,,,,,,,,,
2025/08/11,16:41,ryo4ryo4n66,s,s,,,,,,,,,,,
2025/08/11,16:44,kouki0802.ao,s,s,,,,,,,,,,,
2025/08/11,17:58,erin.isozu,s,s,,,,,,,,,,,
2025/08/11,19:16,kouki0802.ao,f,f,,,,,,,,,,,
2025/08/11,20:03,kouki0802.ao,s,s,,,,,,,,,,,
2025/08/11,20:41,erin.isozu,f,f,,,,,,,,,,,
2025/08/11,21:26,erin.isozu,s,s,,,,,,,,,,,
2025/08/11,21:43,kouki0802.ao,f,f,,,,,,,,,,,
2025/08/11,21:46,ryo4ryo4n66,f,f,,,,,,,,,,,
2025/08/12,0:02,ryo4ryo4n66,s,s,,,,,,,,,,,
2025/08/12,1:45,ryo4ryo4n66,f,f,,,,,,,,,,,
2025/08/12,2:23,erin.isozu,f,f,,,,,,,,,,,
2025/08/12,3:00,erin.isozu,s,s,,,,,,,,,,,
2025/08/12,5:05,erin.isozu,f,f,,,,,,,,,,,
2025/08/12,6:47,marikou180522,s,s,,,,,,,,,,,
2025/08/12,8:30,marikou180522,f,f,,,,,,,,,,,
2025/08/12,10:30,ryo4ryo4n66,s,s,,,,,,,,,,,
2025/08/12,10:49,theoj246,s,s,,,,,,,,,,,
2025/08/12,11:34,yuta.takasu,s,s aoki,,,,,,,,,,,
2025/08/12,11:42,hinako.tsutsumi2525,s,s,,,,,,,,,,,
2025/08/12,12:27,kouki0802.ao,s,s,,,,,,,,,,,
2025/08/12,13:10,marikou180522,s,s,,,,,,,,,,,
2025/08/12,13:15,theoj246,f,f,,,,,,,,,,,
2025/08/12,14:52,theoj246,s,s,,,,,,,,,,,
2025/08/12,16:29,kouki0802.ao,f,f,,,,,,,,,,,
2025/08/12,17:20,erin.isozu,s,s,,,,,,,,,,,
2025/08/12,17:43,marikou180522,s,s,,,,,,,,,,,
2025/08/12,17:45,marikou180522,f,f,,,,,,,,,,,
2025/08/12,18:00,theoj246,f,f,,,,,,,,,,,
2025/08/12,18:12,erin.isozu,f,f,,,,,,,,,,,
2025/08/12,18:12,hinako.tsutsumi2525,f,f,,,,,,,,,,,
2025/08/12,18:15,ryo4ryo4n66,f,f,,,,,,,,,,,
2025/08/12,21:41,ryo4ryo4n66,s,s,,,,,,,,,,,
2025/08/12,23:20,ryo4ryo4n66,f,f,,,,,,,,,,,
2025/08/13,0:47,ryo4ryo4n66,s,s,,,,,,,,,,,
2025/08/13,3:36,hinako.tsutsumi2525,s,s,,,,,,,,,,,
2025/08/13,3:40,ryo4ryo4n66,f,f,,,,,,,,,,,
2025/08/13,4:07,hinako.tsutsumi2525,f,f,,,,,,,,,,,
2025/08/13,9:06,theoj246,s,s,,,,,,,,,,,
2025/08/13,11:28,theoj246,f,f,,,,,,,,,,,
2025/08/13,12:51,theoj246,s,s,,,,,,,,,,,
2025/08/13,13:29,hinako.tsutsumi2525,s,s,,,,,,,,,,,
2025/08/13,14:10,ryo4ryo4n66,s,s,,,,,,,,,,,
2025/08/13,15:21,theoj246,f,f,,,,,,,,,,,
2025/08/13,15:24,hinako.tsutsumi2525,f,f,,,,,,,,,,,
2025/08/13,15:25,ryo4ryo4n66,f,f -10,,,,,,,,,,,
2025/08/13,15:37,hinako.tsutsumi2525,s,s,,,,,,,,,,,
2025/08/13,16:08,kouki0802.ao,s,s,,,,,,,,,,,
2025/08/13,16:59,kouki0802.ao,f,f,,,,,,,,,,,
2025/08/13,17:12,kouki0802.ao,s,s,,,,,,,,,,,
2025/08/13,17:38,ryo4ryo4n66,s,s +30,,,,,,,,,,,
2025/08/13,17:48,kouki0802.ao,f,f,,,,,,,,,,,
2025/08/13,18:27,hinako.tsutsumi2525,f,f,,,,,,,,,,,
2025/08/13,20:44,ryo4ryo4n66,f,f,,,,,,,,,,,
2025/08/13,22:58,kouki0802.ao,s,s,,,,,,,,,,,
2025/08/14,0:24,kouki0802.ao,f,f,,,,,,,,,,,
2025/08/14,1:49,hinako.tsutsumi2525,s,s,,,,,,,,,,,
2025/08/14,2:17,hinako.tsutsumi2525,f,f,,,,,,,,,,,
2025/08/14,10:25,theoj246,s,s,,,,,,,,,,,
2025/08/14,13:07,marikou180522,s,s,,,,,,,,,,,
2025/08/14,13:08,theoj246,f,f,,,,,,,,,,,
2025/08/14,13:57,kouki0802.ao,s,s,,,,,,,,,,,
2025/08/14,14:24,theoj246,s,s,,,,,,,,,,,
2025/08/14,15:33,marikou180522,f,f,,,,,,,,,,,
2025/08/14,15:35,ryo4ryo4n66,s,s +75,,,,,,,,,,,
2025/08/14,15:35,kouki0802.ao,f,f -30,,,,,,,,,,,
2025/08/14,19:06,kouki0802.ao,s,s,,,,,,,,,,,
2025/08/14,19:18,ryo4ryo4n66,f,f,,,,,,,,,,,
2025/08/14,19:25,theoj246,f,f,,,,,,,,,,,
2025/08/14,22:01,ryo4ryo4n66,s,s,,,,,,,,,,,
2025/08/14,22:21,theoj246,s,s,,,,,,,,,,,
2025/08/14,22:30,kouki0802.ao,f,f,,,,,,,,,,,
2025/08/14,23:59,ryo4ryo4n66,f,f,,,,,,,,,,,
2025/08/15,0:05,theoj246,f,f,,,,,,,,,,,
2025/08/15,0:09,hinako.tsutsumi2525,s,s,,,,,,,,,,,
2025/08/15,1:03,marikou180522,s,s,,,,,,,,,,,
2025/08/15,1:05,marikou180522,f,f,,,,,,,,,,,
2025/08/15,1:28,kouki0802.ao,s,s,,,,,,,,,,,
2025/08/15,1:39,hinako.tsutsumi2525,f,f,,,,,,,,,,,
2025/08/15,3:38,kouki0802.ao,f,f,,,,,,,,,,,
2025/08/15,4:09,marikou180522,f,f,,,,,,,,,,,
2025/08/15,4:12,marikou180522,s,s,,,,,,,,,,,
2025/08/15,4:13,marikou180522,F,F,,,,,,,,,,,
2025/08/15,4:14,marikou180522,s,s 　+30,,,,,,,,,,,
2025/08/15,4:14,marikou180522,f,f,,,,,,,,,,,
2025/08/15,4:16,marikou180522,s,s+30,,,,,,,,,,,
2025/08/15,4:16,marikou180522,f,f,,,,,,,,,,,
2025/08/15,4:18,marikou180522,s,s-90,,,,,,,,,,,
2025/08/15,4:18,marikou180522,f,f,,,,,,,,,,,
2025/08/15,4:25,kouki0802.ao,s,s,,,,,,,,,,,
2025/08/15,4:43,kouki0802.ao,f,f,,,,,,,,,,,
2025/08/15,6:15,kouki0802.ao,s,s,,,,,,,,,,,
2025/08/15,6:22,marikou180522,s,s,,,,,,,,,,,
2025/08/15,6:57,marikou180522,f,f  6:55,,,,,,,,,,,
2025/08/15,7:04,kouki0802.ao,f,f,,,,,,,,,,,
2025/08/15,9:31,theoj246,s,s,,,,,,,,,,,
2025/08/15,10:09,yuta.takasu,s,s aoki,,,,,,,,,,,
2025/08/15,11:12,theoj246,f,f,,,,,,,,,,,
2025/08/15,11:23,yuta.takasu,f,f aoki,,,,,,,,,,,
2025/08/15,13:39,marikou180522,s,s,,,,,,,,,,,
2025/08/15,13:57,ryo4ryo4n66,s,s,,,,,,,,,,,
2025/08/15,14:13,hinako.tsutsumi2525,s,s,,,,,,,,,,,
2025/08/15,15:52,kouki0802.ao,s,s,,,,,,,,,,,
2025/08/15,16:22,kouki0802.ao,f,f,,,,,,,,,,,
2025/08/15,16:37,hinako.tsutsumi2525,f,f,,,,,,,,,,,
2025/08/15,16:50,marikou180522,f,f,,,,,,,,,,,
2025/08/15,18:11,theoj246,s,s,,,,,,,,,,,
2025/08/15,18:50,theoj246,f,f,,,,,,,,,,,
2025/08/15,19:05,ryo4ryo4n66,f,f,,,,,,,,,,,
2025/08/15,22:33,theoj246,s,s,,,,,,,,,,,
2025/08/16,0:07,kouki0802.ao,s,s,,,,,,,,,,,
2025/08/16,2:09,kouki0802.ao,f,f,,,,,,,,,,,
2025/08/16,2:34,theoj246,f,f,,,,,,,,,,,
2025/08/16,9:01,theoj246,s,s,,,,,,,,,,,
2025/08/16,10:14,theoj246,f,f,,,,,,,,,,,
2025/08/16,13:12,theoj246,s,s,,,,,,,,,,,
2025/08/16,14:40,theoj246,f,f,,,,,,,,,,,
2025/08/17,14:06,theoj246,s,s,,,,,,,,,,,
2025/08/17,15:52,ryo4ryo4n66,s,s,,,,,,,,,,,
2025/08/17,16:32,theoj246,f,f,,,,,,,,,,,
2025/08/17,17:20,ryo4ryo4n66,f,f,,,,,,,,,,,
2025/08/17,20:14,theoj246,s,s,,,,,,,,,,,
2025/08/18,1:21,ryo4ryo4n66,s,s,,,,,,,,,,,
2025/08/18,1:25,hinako.tsutsumi2525,s,s,,,,,,,,,,,
2025/08/18,2:21,hinako.tsutsumi2525,f,f,,,,,,,,,,,
2025/08/18,2:44,ryo4ryo4n66,f,f,,,,,,,,,,,
2025/08/17,21:14,theoj246,f,f 08/17 20:00,,,,,,,,,,,
2025/08/18,8:46,theoj246,s,s,,,,,,,,,,,
2025/08/18,10:15,theoj246,f,f,,,,,,,,,,,
2025/08/18,11:45,yuta.takasu,s,s aoki,,,,,,,,,,,
2025/08/18,12:05,yuta.takasu,f,f aoki,,,,,,,,,,,
2025/08/18,12:28,theoj246,s,s,,,,,,,,,,,
2025/08/18,12:52,ryo4ryo4n66,s,s,,,,,,,,,,,
2025/08/18,13:40,hinako.tsutsumi2525,s,s,,,,,,,,,,,
2025/08/18,18:00,hinako.tsutsumi2525,f,f,,,,,,,,,,,
2025/08/18,18:52,kimoppy126,s,s,,,,,,,,,,,
2025/08/18,20:32,theoj246,f,f,,,,,,,,,,,
2025/08/18,20:39,ryo4ryo4n66,f,f,,,,,,,,,,,
2025/08/18,21:42,kimoppy126,f,f,,,,,,,,,,,
2025/08/18,23:01,theoj246,s,s,,,,,,,,,,,
2025/08/18,23:01,erin.isozu,s,s,,,,,,,,,,,
2025/08/19,0:07,theoj246,f,f,,,,,,,,,,,
2025/08/19,0:38,ryo4ryo4n66,s,s + 30,,,,,,,,,,,
2025/08/19,1:29,erin.isozu,f,f - 100,,,,,,,,,,,
2025/08/19,1:32,ryo4ryo4n66,f,f,,,,,,,,,,,
2025/08/19,1:38,hinako.tsutsumi2525,s,s,,,,,,,,,,,
2025/08/19,2:17,hinako.tsutsumi2525,f,f,,,,,,,,,,,
2025/08/19,9:38,theoj246,s,s,,,,,,,,,,,
2025/08/19,10:47,ryo4ryo4n66,s,s,,,,,,,,,,,
2025/08/19,12:47,theoj246,f,f,,,,,,,,,,,
2025/08/19,13:02,ryo4ryo4n66,f,f,,,,,,,,,,,
2025/08/19,13:58,theoj246,s,s,,,,,,,,,,,
2025/08/19,14:32,hinako.tsutsumi2525,s,s,,,,,,,,,,,
2025/08/19,18:26,theoj246,f,f,,,,,,,,,,,
2025/08/19,19:17,hinako.tsutsumi2525,f,f,,,,,,,,,,,
2025/08/19,19:55,ryo4ryo4n66,f,f,,,,,,,,,,,
2025/08/19,20:30,ryo4ryo4n66,s,s,,,,,,,,,,,
2025/08/19,22:21,ryo4ryo4n66,f,f,,,,,,,,,,,
2025/08/20,5:31,erin.isozu,s,s,,,,,,,,,,,
2025/08/20,6:18,erin.isozu,f,f,,,,,,,,,,,
2025/08/20,8:58,theoj246,s,s,,,,,,,,,,,
2025/08/20,10:24,theoj246,f,f,,,,,,,,,,,
2025/08/20,11:07,ryo4ryo4n66,s,s,,,,,,,,,,,
2025/08/20,12:38,marikou180522,s,s+120,,,,,,,,,,,
2025/08/20,12:40,marikou180522,f,f,,,,,,,,,,,
2025/08/20,12:41,hinako.tsutsumi2525,s,s,,,,,,,,,,,
2025/08/20,12:44,theoj246,s,s,,,,,,,,,,,
2025/08/20,13:05,hinako.tsutsumi2525,f,f,,,,,,,,,,,
2025/08/20,15:02,kouki0802.ao,s,s,,,,,,,,,,,
2025/08/20,15:09,hinako.tsutsumi2525,s,s,,,,,,,,,,,
2025/08/20,15:59,kouki0802.ao,f,f,,,,,,,,,,,
2025/08/20,16:22,theoj246,f,f,,,,,,,,,,,
2025/08/20,17:13,kouki0802.ao,s,s,,,,,,,,,,,
2025/08/20,18:05,kouki0802.ao,f,f,,,,,,,,,,,
2025/08/20,18:56,hinako.tsutsumi2525,f,f,,,,,,,,,,,
2025/08/20,20:17,ryo4ryo4n66,f,f,,,,,,,,,,,
2025/08/21,2:05,hinako.tsutsumi2525,s,s,,,,,,,,,,,
2025/08/21,2:27,hinako.tsutsumi2525,f,f,,,,,,,,,,,
2025/08/21,9:22,hinako.tsutsumi2525,s,s,,,,,,,,,,,
2025/08/21,9:53,hinako.tsutsumi2525,f,f,,,,,,,,,,,
2025/08/21,11:50,theoj246,s,s,,,,,,,,,,,
2025/08/21,12:15,ryo4ryo4n66,s,s,,,,,,,,,,,
2025/08/21,13:48,theoj246,f,f,,,,,,,,,,,
2025/08/21,15:05,theoj246,s,s,,,,,,,,,,,
2025/08/21,15:54,kouki0802.ao,s,s,,,,,,,,,,,
2025/08/21,19:31,theoj246,f,f,,,,,,,,,,,
2025/08/21,19:36,kouki0802.ao,f,f,,,,,,,,,,,
2025/08/21,19:40,ryo4ryo4n66,f,f,,,,,,,,,,,
2025/08/21,23:10,hinako.tsutsumi2525,s,s,,,,,,,,,,,
2025/08/21,23:35,hinako.tsutsumi2525,f,f,,,,,,,,,,,
2025/08/22,11:32,theoj246,s,s,,,,,,,,,,,
2025/08/22,12:18,ryo4ryo4n66,s,s,,,,,,,,,,,
2025/08/22,12:47,theoj246,f,f,,,,,,,,,,,
2025/08/22,13:55,marikou180522,s,s,,,,,,,,,,,
2025/08/22,13:56,marikou180522,f,f,,,,,,,,,,,
2025/08/22,13:56,marikou180522,s,s,,,,,,,,,,,
2025/08/22,13:57,theoj246,s,s,,,,,,,,,,,
2025/08/22,14:46,kouki0802.ao,s,s,,,,,,,,,,,
2025/08/22,15:05,kouki0802.ao,f,f,,,,,,,,,,,
2025/08/22,15:18,marikou180522,f,f,,,,,,,,,,,
2025/08/22,15:52,kouki0802.ao,s,s,,,,,,,,,,,
2025/08/22,16:12,kouki0802.ao,f,f,,,,,,,,,,,
2025/08/22,16:59,theoj246,f,f,,,,,,,,,,,
2025/08/22,19:46,ryo4ryo4n66,f,f 19:00,,,,,,,,,,,
2025/08/22,20:00,kouki0802.ao,s,s +120,,,,,,,,,,,
2025/08/22,20:00,kouki0802.ao,f,f,,,,,,,,,,,
2025/08/22,22:15,erin.isozu,s,s,,,,,,,,,,,
2025/08/22,22:22,erin.isozu,f,f,,,,,,,,,,,
2025/08/22,22:49,kouki0802.ao,s,s,,,,,,,,,,,
2025/08/22,23:12,kouki0802.ao,f,f,,,,,,,,,,,
2025/08/23,0:11,kouki0802.ao,s,s,,,,,,,,,,,
2025/08/23,0:26,erin.isozu,s,s,,,,,,,,,,,
2025/08/23,0:53,erin.isozu,f,f,,,,,,,,,,,
2025/08/23,1:18,kouki0802.ao,f,f,,,,,,,,,,,
2025/08/23,1:30,hinako.tsutsumi2525,s,s,,,,,,,,,,,
2025/08/23,2:16,hinako.tsutsumi2525,f,f,,,,,,,,,,,
2025/08/23,18:11,erin.isozu,s,s,,,,,,,,,,,
2025/08/23,20:00,erin.isozu,f,f,,,,,,,,,,,
2025/08/23,20:19,ryo4ryo4n66,s,s,,,,,,,,,,,
2025/08/24,0:30,hinako.tsutsumi2525,s,s,,,,,,,,,,,
2025/08/24,0:52,ryo4ryo4n66,f,f -171,,,,,,,,,,,
2025/08/24,0:59,hinako.tsutsumi2525,f,f,,,,,,,,,,,
2025/08/24,16:21,erin.isozu,s,s,,,,,,,,,,,
2025/08/24,17:04,erin.isozu,f,f,,,,,,,,,,,
2025/08/24,19:01,kouki0802.ao,s,s,,,,,,,,,,,
2025/08/24,19:39,kouki0802.ao,f,f,,,,,,,,,,,
2025/08/24,19:43,kouki0802.ao,f,f,,,,,,,,,,,
2025/08/24,20:51,kouki0802.ao,s,s +60,,,,,,,,,,,
2025/08/24,20:51,kouki0802.ao,f,f,,,,,,,,,,,
2025/08/24,21:08,kouki0802.ao,s,s,,,,,,,,,,,
2025/08/24,22:04,kouki0802.ao,f,f,,,,,,,,,,,
2025/08/25,0:16,hinako.tsutsumi2525,s,s,,,,,,,,,,,
2025/08/25,0:40,hinako.tsutsumi2525,f,f,,,,,,,,,,,
2025/08/25,0:48,kouki0802.ao,s,s,,,,,,,,,,,
2025/08/25,1:50,hinako.tsutsumi2525,s,s,,,,,,,,,,,
2025/08/25,2:19,hinako.tsutsumi2525,f,f,,,,,,,,,,,
2025/08/25,2:32,hinako.tsutsumi2525,f,f,,,,,,,,,,,
2025/08/25,2:50,kouki0802.ao,f,f,,,,,,,,,,,
2025/08/25,10:45,theoj246,s,s,,,,,,,,,,,
2025/08/25,14:26,kouki0802.ao,s,s,,,,,,,,,,,
2025/08/25,17:15,kouki0802.ao,f,f,,,,,,,,,,,
2025/08/25,17:15,ryo4ryo4n66,s,s +45,,,,,,,,,,,
2025/08/25,17:51,theoj246,f,f,,,,,,,,,,,
2025/08/25,18:51,ryo4ryo4n66,f,f,,,,,,,,,,,
2025/08/25,19:54,ryo4ryo4n66,s,s,,,,,,,,,,,
2025/08/25,21:42,ryo4ryo4n66,f,f,,,,,,,,,,,
2025/08/26,0:24,hinako.tsutsumi2525,s,s,,,,,,,,,,,
2025/08/26,0:49,hinako.tsutsumi2525,f,f,,,,,,,,,,,
2025/08/26,2:57,marikou180522,s,s+120,,,,,,,,,,,
2025/08/26,6:44,marikou180522,f,f,,,,,,,,,,,
2025/08/26,8:50,theoj246,s,s,,,,,,,,,,,
2025/08/26,10:59,kouki0802.ao,s,s,,,,,,,,,,,
2025/08/26,12:00,theoj246,f,f,,,,,,,,,,,
2025/08/26,12:37,kouki0802.ao,f,f,,,,,,,,,,,
2025/08/26,13:51,kouki0802.ao,s,s,,,,,,,,,,,
2025/08/26,15:08,ryo4ryo4n66,s,s,,,,,,,,,,,
2025/08/26,12:58,theoj246,s,s,,,,,,,,,,,
2025/08/26,17:46,ryo4ryo4n66,f,f,,,,,,,,,,,
2025/08/26,18:43,erin.isozu,s,s,,,,,,,,,,,
2025/08/26,18:51,theoj246,f,f,,,,,,,,,,,
2025/08/26,19:31,erin.isozu,f,f,,,,,,,,,,,
2025/08/26,20:46,kouki0802.ao,f,f 18:40,,,,,,,,,,,
2025/08/26,22:31,hinako.tsutsumi2525,s,s,,,,,,,,,,,
2025/08/26,23:41,hinako.tsutsumi2525,f,f,,,,,,,,,,,
2025/08/27,1:27,ryo4ryo4n66,s,s,,,,,,,,,,,
2025/08/27,2:23,marikou180522,s,s,,,,,,,,,,,
2025/08/27,3:35,ryo4ryo4n66,f,f,,,,,,,,,,,
2025/08/27,4:09,marikou180522,f,f,,,,,,,,,,,
2025/08/27,5:10,hinako.tsutsumi2525,s,s,,,,,,,,,,,